tanggal,warung_id,produk,kategori,jumlah,demand,harga_jual,harga_beli,z_qty,price_chg_1,margin_pct,anomaly_type,anomaly_score
2026-02-08,W1,Amplop,ATK,3.0,3.0,1100.0,750.0,5.642857142857143,0.10000000000000009,0.3181818181818182,POLA_TIDAK_BIASA,-0.1323381800893253
2025-09-07,W2,Tepung beras Rose Brand 500g,Sembako,4.0,4.0,9700.0,8900.0,3.968626966596889,0.10227272727272729,0.08247422680412371,POLA_TIDAK_BIASA,-0.1209334736685912
2026-04-09,W1,Amplop,ATK,3.0,3.0,1100.0,750.0,3.388095710953843,0.10000000000000009,0.3181818181818182,POLA_TIDAK_BIASA,-0.12020929842322292
2026-02-23,W6,Amplop,ATK,1.0,1.0,1100.0,700.0,2.0,0.10000000000000009,0.36363636363636365,POLA_TIDAK_BIASA,-0.11783083102338854
2026-01-18,W6,Aluminium foil,Plastik,3.0,4.0,10500.0,7479.0,6.527166008605579,0.0714285714285714,0.2877142857142857,POLA_TIDAK_BIASA,-0.1171143227012722
2025-09-01,W4,Minyak goreng Fortune 1L,Sembako,5.0,5.0,23500.0,19232.0,3.95708100579531,0.11904761904761907,0.18161702127659574,POLA_TIDAK_BIASA,-0.11635574187003961
2025-09-01,W1,Minyak goreng Bimoli 1L,Sembako,5.0,5.0,25500.0,21071.0,4.447428102256255,0.10869565217391308,0.17368627450980392,LONJAKAN_PENJUALAN,-0.11634502246507428
2026-03-10,W1,Gula pasir Gulaku 1kg,Sembako,2.0,2.0,25000.0,20777.0,3.642857142857143,0.11111111111111116,0.16892,POLA_TIDAK_BIASA,-0.11269568810613495
2026-04-25,W2,Beras premium 10kg,Sembako,1.0,1.0,190500.0,133150.0,2.0,0.11078717201166177,0.3010498687664042,POLA_TIDAK_BIASA,-0.1121802485723602
2025-09-01,W4,Gula pasir Gulaku 1kg,Sembako,5.0,5.0,22000.0,17764.0,3.6166378204658485,0.10000000000000009,0.19254545454545455,POLA_TIDAK_BIASA,-0.11168700761423844
2026-03-07,W2,Gula pasir Rose Brand 1kg,Sembako,3.0,3.0,25000.0,20788.0,3.4664799893383957,0.11111111111111116,0.16848,POLA_TIDAK_BIASA,-0.11014865246007366
2025-10-09,W3,Amplop,ATK,1.0,1.0,1100.0,750.0,1.9285714285714286,0.10000000000000009,0.3181818181818182,POLA_TIDAK_BIASA,-0.10990537791148991
2026-02-02,W6,Pembalut Charm,Tisu,3.0,3.0,10500.0,8718.0,5.785714285714286,0.0714285714285714,0.1697142857142857,POLA_TIDAK_BIASA,-0.1084182051205611
2025-09-25,W5,Beras premium 10kg,Sembako,1.0,1.0,179000.0,132100.0,2.0,0.13650793650793647,0.2620111731843575,POLA_TIDAK_BIASA,-0.10819499772747188
2025-12-01,W2,Amplop,ATK,1.0,1.0,1100.0,700.0,0.027675151141331872,0.10000000000000009,0.36363636363636365,POLA_TIDAK_BIASA,-0.10646519311131619
2026-01-01,W4,Beras premium 10kg,Sembako,1.0,1.0,170500.0,135250.0,2.0,0.15202702702702697,0.20674486803519063,LONJAKAN_HARGA,-0.10624696214819218
2025-09-01,W6,Beras premium 10kg,Sembako,1.0,1.0,171500.0,135450.0,2.0,0.1471571906354514,0.21020408163265306,POLA_TIDAK_BIASA,-0.10624696214819218
2026-01-05,W6,Gudang Garam 16 batang,Rokok,3.0,3.0,33000.0,30756.0,1.6431676725154987,0.11864406779661008,0.068,POLA_TIDAK_BIASA,-0.10468819149919817
2025-10-26,W3,Beras premium 10kg,Sembako,1.0,1.0,176500.0,132750.0,2.0,0.12063492063492065,0.24787535410764872,POLA_TIDAK_BIASA,-0.10453463671678032
2025-09-03,W1,Gula pasir curah 1kg,Sembako,2.0,2.0,21500.0,17100.0,1.6041534436196219,0.13157894736842102,0.20465116279069767,POLA_TIDAK_BIASA,-0.10424443490639002
2025-09-01,W2,Gula pasir Rose Brand 1kg,Sembako,3.0,3.0,21500.0,17743.0,2.9801978033963485,0.13157894736842102,0.17474418604651162,POLA_TIDAK_BIASA,-0.10415612554352394
2025-12-25,W2,Beras premium 10kg,Sembako,1.0,1.0,166000.0,133150.0,2.0,0.15679442508710806,0.19789156626506024,LONJAKAN_HARGA,-0.1041428099576025
2026-01-06,W3,Djarum Super 12 batang,Rokok,4.0,4.0,27000.0,24953.0,2.300932787278243,0.1020408163265305,0.07581481481481482,POLA_TIDAK_BIASA,-0.10392467112501791
2025-10-26,W1,Beras premium 10kg,Sembako,1.0,1.0,172500.0,135700.0,2.0,0.13114754098360648,0.21333333333333335,POLA_TIDAK_BIASA,-0.1032728867614996
2025-09-03,W4,Beras premium 5kg,Sembako,1.0,1.0,88000.0,70579.0,1.6428571428571428,0.13548387096774195,0.19796590909090908,POLA_TIDAK_BIASA,-0.10258971863976707
2025-09-01,W5,Santan Kara 65ml,Sembako,5.0,5.0,4800.0,4062.0,2.434208178880369,0.11627906976744184,0.15375,POLA_TIDAK_BIASA,-0.10233592699263072
2025-09-01,W6,Beras premium 5kg,Sembako,2.0,2.0,84500.0,70407.0,2.5555229529992984,0.11184210526315796,0.1667810650887574,POLA_TIDAK_BIASA,-0.10200445082362475
2025-09-03,W4,Garam Refina 500g,Sembako,3.0,3.0,4700.0,3751.0,1.7989372182506462,0.11904761904761907,0.20191489361702128,POLA_TIDAK_BIASA,-0.1019233600084607
2026-03-07,W1,Beras premium 5kg,Sembako,1.0,1.0,101000.0,80287.0,1.4473519220310211,0.11602209944751385,0.20507920792079207,POLA_TIDAK_BIASA,-0.10178206447340621
2025-09-01,W3,Beras medium SPHP 5kg,Sembako,2.0,2.0,78500.0,61141.0,1.3470397652008121,0.12949640287769792,0.22113375796178344,POLA_TIDAK_BIASA,-0.10168287609558779
2026-03-06,W1,Garam Dolphin 500g,Sembako,3.0,3.0,4600.0,3793.0,2.5980762113533187,0.12195121951219523,0.17543478260869566,POLA_TIDAK_BIASA,-0.10167436782688999
2026-03-04,W4,Beras medium 1kg,Sembako,2.0,2.0,19000.0,16885.0,1.8473105832472867,0.11764705882352944,0.11131578947368422,POLA_TIDAK_BIASA,-0.10156982126578684
2026-01-05,W2,Marlboro 16 batang,Rokok,3.0,3.0,45500.0,43252.0,0.792037511784859,0.1234567901234569,0.0494065934065934,POLA_TIDAK_BIASA,-0.10146361409150118
2026-03-10,W4,Beras premium 5kg,Sembako,1.0,1.0,101500.0,81170.0,1.8571428571428572,0.11538461538461542,0.20029556650246305,POLA_TIDAK_BIASA,-0.10142564336262594
2025-09-01,W6,Minyak goreng Sania 1L,Sembako,5.0,5.0,23000.0,19086.0,1.6974953069591905,0.1499999999999999,0.17017391304347826,POLA_TIDAK_BIASA,-0.10132132336230826
2025-09-16,W3,Gunting Joyko,ATK,3.0,3.0,7500.0,4905.0,6.0,0.04166666666666674,0.346,POLA_TIDAK_BIASA,-0.10121839010647993
2026-01-05,W6,Korek kayu,Rokok,3.0,3.0,2200.0,2061.0,1.732050807568878,0.10000000000000009,0.06318181818181819,POLA_TIDAK_BIASA,-0.10091363100759154
2025-09-02,W5,Minyak goreng Bimoli 1L,Sembako,3.0,3.0,26500.0,20864.0,1.3111289190605722,0.12765957446808507,0.21267924528301888,POLA_TIDAK_BIASA,-0.10081864622323877
2026-03-03,W5,Minyakita 1L,Sembako,4.0,4.0,23000.0,18589.0,1.8921598085679323,0.12195121951219523,0.19178260869565217,POLA_TIDAK_BIASA,-0.10035632533711536
2025-09-03,W1,Minyak goreng Sania 1L,Sembako,3.0,3.0,24500.0,19875.0,1.8389139992596681,0.13953488372093026,0.18877551020408162,POLA_TIDAK_BIASA,-0.10017841619486156
2025-09-01,W3,Telur ayam 1kg,Sembako,3.0,3.0,38000.0,29704.0,1.284510335942314,0.11764705882352944,0.2183157894736842,POLA_TIDAK_BIASA,-0.10010683345409255
2025-09-01,W6,Santan Kara 65ml,Sembako,7.0,7.0,4600.0,3800.0,1.5250586813704186,0.12195121951219523,0.17391304347826086,POLA_TIDAK_BIASA,-0.09970913002135828
2025-09-01,W4,Beras medium SPHP 5kg,Sembako,1.0,1.0,76000.0,62311.0,1.7142857142857144,0.13432835820895517,0.18011842105263157,POLA_TIDAK_BIASA,-0.09849685902744332
2026-01-06,W4,Sampoerna Mild 16 batang,Rokok,2.0,2.0,38500.0,35252.0,0.9920523645260408,0.13235294117647056,0.08436363636363636,POLA_TIDAK_BIASA,-0.09803221610070667
2025-09-03,W5,Beras medium SPHP 5kg,Sembako,1.0,1.0,78000.0,60931.0,0.9475142485638551,0.13868613138686126,0.21883333333333332,POLA_TIDAK_BIASA,-0.09764175125078711
2025-09-02,W1,Saus sambal sachet ABC,Bumbu,3.0,3.0,1600.0,1350.0,4.611441885626758,0.06666666666666665,0.15625,POLA_TIDAK_BIASA,-0.09730419386343503
2025-09-01,W1,Beras medium 1kg,Sembako,5.0,5.0,16500.0,13523.0,2.5055741429289764,0.10000000000000009,0.18042424242424243,POLA_TIDAK_BIASA,-0.09690804168052192
2025-06-04,W5,Aluminium foil,Plastik,2.0,3.0,10500.0,7250.0,4.834937784152281,0.050000000000000044,0.30952380952380953,POLA_TIDAK_BIASA,-0.09687612733127493
2025-09-01,W3,Margarin Blue Band 200g,Sembako,4.0,4.0,9700.0,7693.0,1.499135695693149,0.10227272727272729,0.20690721649484536,POLA_TIDAK_BIASA,-0.09658948190907213
2026-01-05,W3,Surya 12 batang,Rokok,2.0,2.0,30000.0,24407.0,1.3718964348240579,0.11111111111111116,0.18643333333333334,POLA_TIDAK_BIASA,-0.09627854106588918
2026-02-02,W4,Teh Tong Tji sachet,Sachet,9.0,9.0,1100.0,850.0,2.0672636922077463,0.10000000000000009,0.22727272727272727,POLA_TIDAK_BIASA,-0.09618692122237649
2025-11-17,W1,Kaldu bubuk Royco 100g,Bumbu,3.0,3.0,6400.0,4993.0,2.239655117617793,0.0847457627118644,0.21984375,POLA_TIDAK_BIASA,-0.09539198688106176
2025-09-01,W3,Margarin Blue Band 500g,Sembako,2.0,2.0,22000.0,16862.0,0.7018667099716465,0.1282051282051282,0.23354545454545456,POLA_TIDAK_BIASA,-0.095245068092079
2025-09-01,W3,Tepung terigu Kompas 1kg,Sembako,2.0,2.0,15000.0,11537.0,1.3438348575221513,0.11111111111111116,0.23086666666666666,POLA_TIDAK_BIASA,-0.09508926097092185
2026-03-06,W3,Telur ayam 1kg,Sembako,2.0,2.0,42500.0,33618.0,0.5501004822368013,0.11842105263157898,0.20898823529411764,POLA_TIDAK_BIASA,-0.0948422533747274
2025-09-01,W2,Minyak goreng Fortune 1L,Sembako,3.0,3.0,22500.0,20652.0,1.4992609016550547,0.09756097560975618,0.08213333333333334,POLA_TIDAK_BIASA,-0.09467884482647793
2025-10-16,W3,Buku tulis Sinar Dunia,ATK,2.0,2.0,4300.0,2900.0,4.0,0.04878048780487809,0.32558139534883723,POLA_TIDAK_BIASA,-0.09303049936653718
2026-04-15,W5,Plastic wrap,Plastik,2.0,3.0,13000.0,9058.0,5.928571428571429,0.040000000000000036,0.30323076923076925,POLA_TIDAK_BIASA,-0.09267268976402476
2026-03-06,W5,Beras premium 5kg,Sembako,1.0,1.0,101500.0,81950.0,1.0133433417120579,0.12154696132596676,0.19261083743842364,POLA_TIDAK_BIASA,-0.0923439274103467
2026-03-07,W6,Gula pasir Rose Brand 1kg,Sembako,7.0,7.0,24000.0,20691.0,2.8347335475691993,0.09090909090909083,0.137875,POLA_TIDAK_BIASA,-0.09228524840571528
2025-09-05,W1,Sabun batang Nuvo,Perawatan,3.0,3.0,3700.0,3104.0,5.447047794019225,0.05714285714285716,0.16108108108108107,POLA_TIDAK_BIASA,-0.09219137851768622
2026-03-04,W6,Telur ayam 1kg,Sembako,4.0,4.0,41000.0,36486.0,2.4647515087732472,0.07894736842105265,0.11009756097560976,POLA_TIDAK_BIASA,-0.09206785368599435
2025-11-17,W1,Cuka 100ml,Bumbu,3.0,3.0,4600.0,3849.0,2.300393845994612,0.09523809523809534,0.1632608695652174,POLA_TIDAK_BIASA,-0.09190634461218239
2025-09-01,W3,Minyak goreng Fortune 1L,Sembako,2.0,2.0,24000.0,19363.0,0.9310139823901801,0.11627906976744184,0.19320833333333334,POLA_TIDAK_BIASA,-0.09176410911421173
2025-09-01,W1,Telur ayam 1kg,Sembako,2.0,2.0,37500.0,30807.0,1.31746509848052,0.10294117647058831,0.17848,POLA_TIDAK_BIASA,-0.09163043404836935
2026-01-06,W3,Sampoerna A 16 batang,Rokok,1.0,1.0,42000.0,37995.0,0.585732623956458,0.1351351351351351,0.09535714285714286,POLA_TIDAK_BIASA,-0.09162389828986595
2025-08-08,W3,Antangin sachet,Obat,3.0,3.0,3800.0,2949.0,5.571428571428571,0.05555555555555558,0.22394736842105264,POLA_TIDAK_BIASA,-0.09153783204234567
2025-09-01,W1,Gula pasir Gulaku 1kg,Sembako,2.0,2.0,22500.0,18350.0,1.0338823270958293,0.125,0.18444444444444444,POLA_TIDAK_BIASA,-0.09144857103066817
2026-01-06,W6,Marlboro 16 batang,Rokok,2.0,2.0,46500.0,44054.0,0.3019930194933894,0.13414634146341453,0.05260215053763441,POLA_TIDAK_BIASA,-0.09140442927626535
2025-11-17,W6,Cuka 100ml,Bumbu,5.0,5.0,4500.0,3650.0,1.7234286362724467,0.09756097560975618,0.18888888888888888,POLA_TIDAK_BIASA,-0.09117908586679946
2026-01-05,W4,Gudang Garam 16 batang,Rokok,2.0,2.0,34000.0,28797.0,0.7130508806821282,0.1333333333333333,0.15302941176470589,POLA_TIDAK_BIASA,-0.09096937055367715
2025-09-03,W4,Minyakita 1L,Sembako,2.0,2.0,20500.0,16881.0,0.5681600799965136,0.13888888888888884,0.17653658536585365,POLA_TIDAK_BIASA,-0.09094151131097428
2025-09-01,W5,Beras premium 5kg,Sembako,1.0,1.0,90500.0,72149.0,0.2417468892076141,0.1383647798742138,0.20277348066298342,POLA_TIDAK_BIASA,-0.09093596237697765
2026-03-08,W2,Tepung beras Rose Brand 500g,Sembako,2.0,2.0,11000.0,9429.0,1.4652551190355847,0.10000000000000009,0.14281818181818182,POLA_TIDAK_BIASA,-0.09085156985500553
2025-09-06,W1,Beras premium 5kg,Sembako,1.0,1.0,87500.0,71084.0,0.8860079347061018,0.12903225806451624,0.18761142857142857,POLA_TIDAK_BIASA,-0.09044930177196253
2026-04-06,W3,Buku gambar,ATK,2.0,2.0,7500.0,4950.0,4.0,0.04166666666666674,0.34,POLA_TIDAK_BIASA,-0.09039081152129413
2025-11-28,W5,Kecap manis ABC 135ml,Bumbu,2.0,2.0,6900.0,5392.0,1.7008401285415211,0.09523809523809534,0.21855072463768116,POLA_TIDAK_BIASA,-0.09038733687235778
2025-11-17,W6,Kaldu bubuk Royco 100g,Bumbu,4.0,4.0,6100.0,4990.0,2.350048355401923,0.08928571428571419,0.1819672131147541,POLA_TIDAK_BIASA,-0.0903807072850149
2025-04-29,W1,Aluminium foil,Plastik,2.0,2.0,10500.0,7293.0,3.857142857142857,0.050000000000000044,0.30542857142857144,POLA_TIDAK_BIASA,-0.09034905813907346
2025-09-01,W5,Telur ayam 1 butir,Sembako,3.0,3.0,2700.0,2157.0,0.36948187226518164,0.125,0.2011111111111111,POLA_TIDAK_BIASA,-0.09030574299300931
2025-09-01,W1,Tepung beras Rose Brand 500g,Sembako,1.0,1.0,10000.0,8055.0,0.40089186286863676,0.13636363636363646,0.1945,POLA_TIDAK_BIASA,-0.09024191199688136
2025-09-01,W1,Telur ayam 1 butir,Sembako,3.0,3.0,2700.0,2194.0,0.650154279447693,0.125,0.1874074074074074,POLA_TIDAK_BIASA,-0.09002251106833892
2025-09-01,W2,Beras medium SPHP 5kg,Sembako,1.0,1.0,74000.0,61424.0,0.5423917974909568,0.12977099236641232,0.16994594594594595,POLA_TIDAK_BIASA,-0.08967591929894592
2025-07-15,W4,Plastik kresek kecil,Plastik,3.0,3.0,5200.0,3700.0,5.714285714285714,0.040000000000000036,0.28846153846153844,POLA_TIDAK_BIASA,-0.08955957339383602
2026-03-02,W3,Beras medium 1kg,Sembako,4.0,4.0,19000.0,16557.0,0.7646317114371712,0.11764705882352944,0.12857894736842104,POLA_TIDAK_BIASA,-0.08952960196779391
2026-02-06,W3,Aluminium foil,Plastik,2.0,2.0,11500.0,7650.0,3.9285714285714284,0.045454545454545414,0.3347826086956522,POLA_TIDAK_BIASA,-0.08951289812748098
2026-05-04,W2,Teh Sariwangi 1 kantong,Sachet,7.0,7.0,600.0,450.0,-0.5616399662264187,0.19999999999999996,0.25,LONJAKAN_HARGA,-0.08947165577855065
2025-09-01,W3,Gula pasir Gulaku 1kg,Sembako,1.0,1.0,23000.0,17987.0,0.1970276015597752,0.12195121951219523,0.21795652173913044,POLA_TIDAK_BIASA,-0.08943654911565457
2026-01-05,W5,Korek kayu,Rokok,1.0,1.0,2300.0,2172.0,-1.3381080294052694,0.09523809523809534,0.05565217391304348,POLA_TIDAK_BIASA,-0.08940925111034104
2025-11-17,W1,Merica bubuk Ladaku,Bumbu,3.0,3.0,1700.0,1440.0,1.787486717373922,0.0625,0.15294117647058825,POLA_TIDAK_BIASA,-0.08921964178629727
2026-01-06,W3,Marlboro 16 batang,Rokok,1.0,1.0,49500.0,40655.0,1.3363062095621219,0.10000000000000009,0.1786868686868687,POLA_TIDAK_BIASA,-0.08917086130872676
2025-09-01,W5,Gula pasir Rose Brand 1kg,Sembako,1.0,1.0,22500.0,17612.0,-0.3937778807686224,0.125,0.21724444444444443,POLA_TIDAK_BIASA,-0.08901835986567208
2025-09-03,W2,Beras premium 5kg,Sembako,1.0,1.0,85000.0,70118.0,0.9387672267220721,0.1258278145695364,0.17508235294117647,POLA_TIDAK_BIASA,-0.0890143523383028
2026-01-05,W1,Sampoerna Mild 16 batang,Rokok,2.0,2.0,38500.0,36025.0,-0.3148059294967767,0.13235294117647056,0.06428571428571428,POLA_TIDAK_BIASA,-0.08876731101864621
2025-11-21,W1,Saus sambal sachet ABC,Bumbu,4.0,4.0,1700.0,1350.0,3.756376493840146,0.0625,0.20588235294117646,POLA_TIDAK_BIASA,-0.08876456742278216
2026-01-05,W4,Djarum Super 12 batang,Rokok,1.0,1.0,27000.0,22943.0,0.512822594068371,0.125,0.15025925925925926,POLA_TIDAK_BIASA,-0.08865255417084927
2026-02-18,W3,Sapu lidi,RumahTangga,2.0,2.0,11500.0,7695.0,3.9285714285714284,0.045454545454545414,0.3308695652173913,POLA_TIDAK_BIASA,-0.08863597414935542
2026-03-02,W1,Telur ayam 1kg,Sembako,2.0,2.0,42500.0,35277.0,2.0124611797498133,0.08974358974358965,0.16995294117647058,POLA_TIDAK_BIASA,-0.08850466412167701
2026-03-02,W6,Minyak goreng Bimoli 1L,Sembako,2.0,2.0,28500.0,24140.0,1.4323657816782664,0.09615384615384626,0.1529824561403509,POLA_TIDAK_BIASA,-0.0884922896759126
2026-01-05,W1,LA Bold 16 batang,Rokok,1.0,1.0,35000.0,32631.0,-0.5638612623362272,0.12903225806451624,0.06768571428571428,POLA_TIDAK_BIASA,-0.08846965039240928
2026-01-06,W2,Korek gas,Rokok,2.0,2.0,2300.0,2223.0,-0.45226701686664594,0.12195121951219523,0.033478260869565214,POLA_TIDAK_BIASA,-0.08838394443217779
2026-03-07,W5,Beras medium SPHP 5kg,Sembako,1.0,1.0,88500.0,71565.0,1.7142857142857144,0.09259259259259256,0.19135593220338984,POLA_TIDAK_BIASA,-0.08827552782498815
2026-01-05,W3,Esse 16 batang,Rokok,2.0,2.0,39000.0,32822.0,0.7660509461021018,0.11428571428571432,0.1584102564102564,POLA_TIDAK_BIASA,-0.08825335549536228
2025-09-01,W1,Garam Refina 500g,Sembako,1.0,1.0,4600.0,3651.0,-0.2514848903746612,0.1499999999999999,0.20630434782608695,POLA_TIDAK_BIASA,-0.08823146840065055
2025-08-09,W3,Tusuk sate,Plastik,3.0,3.0,5400.0,3658.0,5.306957047447075,0.03846153846153855,0.3225925925925926,POLA_TIDAK_BIASA,-0.08810499034894037
2025-12-14,W3,Astor,Snack,4.0,4.0,2800.0,1992.0,6.973867881487687,0.03703703703703698,0.2885714285714286,POLA_TIDAK_BIASA,-0.08763152945146513
2025-09-02,W6,Beras medium SPHP 5kg,Sembako,2.0,2.0,75000.0,62580.0,0.8376185624405775,0.11111111111111116,0.1656,POLA_TIDAK_BIASA,-0.08762103921202335
2026-06-13,W2,Tali per meter,RumahTangga,3.0,3.0,2100.0,1600.0,6.0,0.050000000000000044,0.23809523809523808,POLA_TIDAK_BIASA,-0.08754085920351451
2026-01-06,W5,Korek gas,Rokok,6.0,6.0,2300.0,2147.0,0.8342925521841263,0.09523809523809534,0.06652173913043478,POLA_TIDAK_BIASA,-0.08750523902547336
2026-01-05,W3,Surya 16 batang,Rokok,3.0,3.0,36500.0,30154.0,1.0579771131210345,0.10606060606060597,0.17386301369863014,POLA_TIDAK_BIASA,-0.08747390946895861
2026-03-17,W6,Plastik kresek sedang,Plastik,3.0,3.0,7500.0,5300.0,5.102520385624573,0.04166666666666674,0.29333333333333333,POLA_TIDAK_BIASA,-0.08742019284808256
2025-09-01,W2,Minyak goreng Bimoli 1L,Sembako,3.0,3.0,25000.0,20923.0,0.9078412990032035,0.11111111111111116,0.16308,POLA_TIDAK_BIASA,-0.08667325719444952
2026-03-03,W3,Beras medium SPHP 5kg,Sembako,1.0,1.0,89500.0,72443.0,0.9654197822441813,0.1049382716049383,0.1905810055865922,POLA_TIDAK_BIASA,-0.08666610576899003
2026-03-07,W5,Garam Dolphin 500g,Sembako,3.0,3.0,4800.0,3909.0,1.8078802328009622,0.09090909090909083,0.185625,POLA_TIDAK_BIASA,-0.08651827607811735
2026-03-02,W2,Tepung terigu Segitiga Biru 1kg,Sembako,3.0,3.0,18500.0,15823.0,1.4893702667294344,0.08823529411764697,0.1447027027027027,POLA_TIDAK_BIASA,-0.0864692953516728
2025-11-17,W4,Saus sambal ABC 135ml,Bumbu,2.0,2.0,8100.0,6479.0,1.661757595486541,0.06578947368421062,0.20012345679012344,POLA_TIDAK_BIASA,-0.08646929225170608
2026-03-08,W2,Beras premium 5kg,Sembako,1.0,1.0,97000.0,82436.0,1.6428571428571428,0.0898876404494382,0.1501443298969072,POLA_TIDAK_BIASA,-0.08601139544739556
2026-04-09,W4,Deodoran Rexona 45ml,Perawatan,10.0,10.0,20000.0,16667.0,5.186512490737728,0.05263157894736836,0.16665,LONJAKAN_PENJUALAN,-0.08598010579797599
2026-03-02,W1,Minyak goreng Bimoli 1L,Sembako,1.0,1.0,28500.0,23545.0,0.37246989663939667,0.11764705882352944,0.17385964912280702,POLA_TIDAK_BIASA,-0.08597425123577529
2026-01-06,W6,LA Ice 16 batang,Rokok,1.0,1.0,35000.0,33579.0,0.1247116489815811,0.11111111111111116,0.0406,POLA_TIDAK_BIASA,-0.0858460313585594
2025-12-12,W3,Minyak kayu putih Cap Lang 30ml (Obat),Obat,2.0,3.0,11000.0,8400.0,5.785714285714286,0.04761904761904767,0.23636363636363636,POLA_TIDAK_BIASA,-0.08573533186159332
2025-07-13,W3,Deodoran Rexona sachet,Perawatan,5.0,5.0,4300.0,3500.0,5.539132224115124,0.04878048780487809,0.18604651162790697,LONJAKAN_PENJUALAN,-0.08543514295200993
2025-06-04,W3,Oralit sachet,Obat,3.0,3.0,2200.0,1694.0,6.0,0.04761904761904767,0.23,POLA_TIDAK_BIASA,-0.08538614711847248
2026-03-05,W6,Tepung beras Rose Brand 500g,Sembako,2.0,2.0,11000.0,9215.0,0.9700089802940662,0.10000000000000009,0.16227272727272726,POLA_TIDAK_BIASA,-0.08524497350052929
2025-09-01,W3,Tepung beras Rose Brand 500g,Sembako,1.0,1.0,10500.0,8060.0,-0.6489676645639563,0.11702127659574457,0.23238095238095238,POLA_TIDAK_BIASA,-0.08515989247545763
2025-09-01,W6,Telur ayam 1kg,Sembako,2.0,2.0,36500.0,29728.0,-0.1209834796239567,0.12307692307692308,0.18553424657534245,POLA_TIDAK_BIASA,-0.08503080080694081
2025-10-11,W3,Amplop,ATK,3.0,3.0,1100.0,750.0,5.857142857142857,0.0,0.3181818181818182,POLA_TIDAK_BIASA,-0.08499028785861984
2026-04-09,W5,Masker,Obat,1.0,1.0,1100.0,850.0,0.5360689459886275,0.10000000000000009,0.22727272727272727,POLA_TIDAK_BIASA,-0.08493595391020947
2025-09-02,W3,Garam Refina 500g,Sembako,1.0,1.0,4800.0,3707.0,-0.3122691763899767,0.11627906976744184,0.22770833333333335,POLA_TIDAK_BIASA,-0.08492648556671512
2025-11-17,W5,Kecap manis Sedap 135ml,Bumbu,1.0,1.0,6400.0,4878.0,0.08148662438093951,0.10344827586206895,0.2378125,POLA_TIDAK_BIASA,-0.08483303427213784
2026-01-05,W5,Gudang Garam Filter 12 batang,Rokok,2.0,2.0,26500.0,24163.0,-0.5785348011571702,0.12765957446808507,0.08818867924528302,POLA_TIDAK_BIASA,-0.08477599555093118
2025-09-01,W6,Gula pasir Gulaku 1kg,Sembako,1.0,1.0,22000.0,18250.0,-0.6748747907065868,0.1282051282051282,0.17045454545454544,POLA_TIDAK_BIASA,-0.08477102458143215
2025-09-03,W5,Garam Dolphin 500g,Sembako,1.0,1.0,4200.0,3312.0,0.03448199934778448,0.10526315789473695,0.21142857142857144,POLA_TIDAK_BIASA,-0.08467844605571939
2025-09-03,W1,Minyakita 1L,Sembako,2.0,2.0,20000.0,16334.0,0.7853043224573383,0.11111111111111116,0.1833,POLA_TIDAK_BIASA,-0.08452994560808325
2026-03-05,W5,Minyak goreng Bimoli 1L,Sembako,1.0,1.0,30500.0,24259.0,0.11532776166577342,0.10909090909090913,0.20462295081967213,POLA_TIDAK_BIASA,-0.08452588523250482
2026-03-04,W3,Minyak goreng Fortune 1L,Sembako,2.0,2.0,27500.0,23483.0,0.8548576198925026,0.10000000000000009,0.14607272727272727,POLA_TIDAK_BIASA,-0.08451998171728214
2025-09-01,W6,Garam Dolphin 500g,Sembako,1.0,1.0,3900.0,3250.0,-0.6673882049949987,0.1470588235294117,0.16666666666666666,POLA_TIDAK_BIASA,-0.08443248739898312
2025-09-01,W2,Margarin Blue Band 200g,Sembako,2.0,2.0,9100.0,7500.0,-0.06969836827704207,0.1234567901234569,0.17582417582417584,POLA_TIDAK_BIASA,-0.08417977673405197
2026-01-07,W4,Esse 16 batang,Rokok,1.0,1.0,39000.0,33425.0,1.0343891245835626,0.09859154929577474,0.14294871794871794,POLA_TIDAK_BIASA,-0.08383977644008944
2026-03-03,W2,Minyak goreng Fortune 1L,Sembako,1.0,1.0,25500.0,21581.0,0.11206889696956968,0.1333333333333333,0.15368627450980393,POLA_TIDAK_BIASA,-0.08363930645024098
2025-09-02,W5,Minyakita 1L,Sembako,1.0,1.0,20500.0,16155.0,-0.5443725410182204,0.10810810810810811,0.21195121951219512,POLA_TIDAK_BIASA,-0.08362609616324768
2026-01-05,W1,Tembakau linting,Rokok,2.0,2.0,17500.0,14911.0,-0.18136979299871525,0.12903225806451624,0.14794285714285715,POLA_TIDAK_BIASA,-0.0835565168431327
2026-03-02,W5,Minyak goreng Sania 1L,Sembako,1.0,1.0,27500.0,22218.0,0.6301260378126043,0.10000000000000009,0.19207272727272728,POLA_TIDAK_BIASA,-0.0835137888368428
2026-03-21,W4,Beras medium SPHP 5kg,Sembako,1.0,1.0,85500.0,69823.0,2.0,0.08227848101265822,0.18335672514619883,POLA_TIDAK_BIASA,-0.08332117217071988
2026-01-05,W3,Sampoerna Mild 16 batang,Rokok,2.0,2.0,39000.0,32519.0,0.2905059834471296,0.11428571428571432,0.1661794871794872,POLA_TIDAK_BIASA,-0.08322637066152871
2025-09-01,W6,Garam Refina 500g,Sembako,2.0,2.0,4700.0,4269.0,-0.23109866595589285,0.14634146341463405,0.09170212765957447,POLA_TIDAK_BIASA,-0.08305935472328185
2026-03-02,W1,Beras medium 1kg,Sembako,1.0,1.0,19000.0,15700.0,-0.08908708063747468,0.11764705882352944,0.1736842105263158,POLA_TIDAK_BIASA,-0.08296192342531972
2026-01-06,W6,Djarum Super 16 batang,Rokok,1.0,1.0,35500.0,30341.0,0.05154060995580367,0.12698412698412698,0.14532394366197182,POLA_TIDAK_BIASA,-0.08267388729744451
2025-11-17,W5,Saus tomat ABC 135ml,Bumbu,2.0,2.0,8100.0,6336.0,0.8810677178572234,0.09459459459459452,0.21777777777777776,POLA_TIDAK_BIASA,-0.08266452408124769
2025-05-05,W4,Penghapus Faber-Castell,ATK,4.0,4.0,2600.0,1799.0,4.218818098723985,0.040000000000000036,0.3080769230769231,POLA_TIDAK_BIASA,-0.08265770269818573
2026-03-02,W6,Gula pasir Gulaku 1kg,Sembako,2.0,2.0,25000.0,21039.0,1.1384987492278447,0.08695652173913038,0.15844,POLA_TIDAK_BIASA,-0.08261247269117566
2026-01-06,W2,Sampoerna A 16 batang,Rokok,2.0,2.0,40000.0,35007.0,0.8473742931917942,0.09589041095890405,0.124825,POLA_TIDAK_BIASA,-0.08256336030862499
2026-06-06,W3,Spidol Snowman,ATK,2.0,2.0,5600.0,3654.0,3.7857142857142856,0.03703703703703698,0.3475,POLA_TIDAK_BIASA,-0.08252511643320337
2025-09-01,W6,Minyak goreng Fortune 1L,Sembako,1.0,1.0,23000.0,19000.0,-0.7465517058725968,0.12195121951219523,0.17391304347826086,POLA_TIDAK_BIASA,-0.08248123842309718
2026-01-06,W6,Djarum Super 12 batang,Rokok,1.0,1.0,26500.0,23513.0,0.23362835924302425,0.12765957446808507,0.11271698113207547,POLA_TIDAK_BIASA,-0.08245299780442605
2025-09-01,W6,Tepung terigu Segitiga Biru 1kg,Sembako,2.0,2.0,16500.0,13649.0,0.59030127770114,0.10000000000000009,0.1727878787878788,POLA_TIDAK_BIASA,-0.08240486946360204
2026-06-06,W3,Buku tulis Kiky,ATK,3.0,3.0,6600.0,4349.0,6.0,0.03125,0.34106060606060606,POLA_TIDAK_BIASA,-0.08235122828814911
2025-09-02,W6,Tepung beras Rose Brand 500g,Sembako,1.0,1.0,9700.0,8200.0,-0.3388573417755993,0.12790697674418605,0.15463917525773196,POLA_TIDAK_BIASA,-0.08229148817306153
2025-09-06,W1,Shampoo Sunsilk sachet,Perawatan,2.0,2.0,1600.0,1349.0,3.323993102391321,0.06666666666666665,0.156875,POLA_TIDAK_BIASA,-0.08227384040356867
2025-09-01,W5,Minyak goreng Sania 1L,Sembako,1.0,1.0,24000.0,18886.0,0.5857326239564576,0.09090909090909083,0.21308333333333335,POLA_TIDAK_BIASA,-0.08226759501238079
2026-01-06,W2,Esse 16 batang,Rokok,1.0,1.0,38000.0,33678.0,-0.5598262171054436,0.11764705882352944,0.11373684210526316,POLA_TIDAK_BIASA,-0.08225813030930407
2025-11-19,W1,Kecap manis Bango 135ml,Bumbu,1.0,1.0,8000.0,6351.0,0.5196152422706632,0.09589041095890405,0.206125,POLA_TIDAK_BIASA,-0.08201420117938418
2025-11-21,W4,Kecap manis Sedap 135ml,Bumbu,2.0,2.0,6300.0,5086.0,1.5971022963297474,0.06779661016949157,0.1926984126984127,POLA_TIDAK_BIASA,-0.08198666898857743
2025-09-01,W4,Gula pasir curah 1kg,Sembako,1.0,1.0,21000.0,16799.0,-0.14299339195139973,0.10526315789473695,0.20004761904761906,POLA_TIDAK_BIASA,-0.08196925499239582
2026-01-05,W5,Surya 16 batang,Rokok,3.0,3.0,37500.0,33886.0,-0.6560790015280997,0.11940298507462677,0.09637333333333334,POLA_TIDAK_BIASA,-0.08183835579516485
2026-06-06,W3,Pensil Faber-Castell,ATK,3.0,3.0,3400.0,2250.0,5.785714285714286,0.030303030303030276,0.3382352941176471,POLA_TIDAK_BIASA,-0.08182979909176513
2025-09-01,W6,Minyakita 1L,Sembako,2.0,2.0,19500.0,16400.0,-0.5627931978306988,0.1470588235294117,0.15897435897435896,POLA_TIDAK_BIASA,-0.08178476811938484
2025-09-03,W6,Sapu lidi,RumahTangga,1.0,1.0,10500.0,7642.0,2.0,0.0714285714285714,0.2721904761904762,POLA_TIDAK_BIASA,-0.08177904736612596
2026-01-06,W5,Esse 16 batang,Rokok,2.0,2.0,39000.0,32523.0,-0.30911984127764874,0.13043478260869557,0.16607692307692307,POLA_TIDAK_BIASA,-0.08172328792917238
2025-12-01,W6,Sabun batang Lifebuoy,Perawatan,4.0,4.0,4100.0,3576.0,4.273521617236422,0.05128205128205132,0.1278048780487805,POLA_TIDAK_BIASA,-0.08167473445690343
2025-11-17,W3,Saus tiram Saori 133ml,Bumbu,3.0,3.0,9300.0,7341.0,0.8769192333232024,0.09411764705882364,0.21064516129032257,POLA_TIDAK_BIASA,-0.08161748408809433
2025-12-01,W3,Keripik kentang Chitato 68g,Snack,3.0,3.0,13500.0,9542.0,4.698332078974862,0.03846153846153855,0.29318518518518516,POLA_TIDAK_BIASA,-0.0814925494312424
2026-01-05,W6,Esse 16 batang,Rokok,1.0,1.0,38000.0,32836.0,-0.034481999347784606,0.13432835820895517,0.13589473684210526,POLA_TIDAK_BIASA,-0.08142506736645672
2025-09-01,W6,Minyak telon My Baby 60ml,Bayi,2.0,2.0,10500.0,9359.0,2.27721634582977,0.0714285714285714,0.10866666666666666,POLA_TIDAK_BIASA,-0.0813909033363408
2025-07-12,W4,Antangin sachet,Obat,2.0,2.0,3700.0,2950.0,3.7857142857142856,0.05714285714285716,0.20270270270270271,POLA_TIDAK_BIASA,-0.08134330191406769
2025-09-01,W5,Teh Tong Tji sachet,Sachet,4.0,4.0,1100.0,850.0,0.3044749001294297,0.10000000000000009,0.22727272727272727,POLA_TIDAK_BIASA,-0.08125626095970873
2026-03-04,W5,Gula pasir Rose Brand 1kg,Sembako,1.0,1.0,25000.0,20021.0,-0.19212094618518205,0.11111111111111116,0.19916,POLA_TIDAK_BIASA,-0.08120803788219488
2026-01-06,W2,Gudang Garam 16 batang,Rokok,1.0,1.0,32500.0,28922.0,0.07412493166611009,0.1206896551724137,0.1100923076923077,POLA_TIDAK_BIASA,-0.08118125615444816
2025-11-17,W5,Saus tiram Saori 133ml,Bumbu,2.0,2.0,9300.0,7139.0,0.6398425558218216,0.09411764705882364,0.23236559139784946,POLA_TIDAK_BIASA,-0.08099850163114142
2025-09-03,W5,Penggaris Butterfly 30cm,ATK,3.0,3.0,3200.0,2130.0,5.714285714285714,0.032258064516129004,0.334375,POLA_TIDAK_BIASA,-0.08096153403007667
2026-03-07,W2,Penyedap Royco,Bumbu,3.0,3.0,1800.0,1500.0,3.72141117036281,0.05882352941176472,0.16666666666666666,POLA_TIDAK_BIASA,-0.0808844756008068
2025-09-01,W4,Tepung terigu Kompas 1kg,Sembako,1.0,1.0,15000.0,12032.0,0.0,0.11111111111111116,0.19786666666666666,POLA_TIDAK_BIASA,-0.08083522546680688
2026-03-02,W6,Beras medium SPHP 5kg,Sembako,1.0,1.0,85500.0,71117.0,0.2818009309883175,0.10322580645161294,0.16822222222222222,POLA_TIDAK_BIASA,-0.08067068659508425
2026-01-06,W3,Korek gas,Rokok,3.0,3.0,2400.0,1950.0,1.0873465872539243,0.09090909090909083,0.1875,POLA_TIDAK_BIASA,-0.08063466328170066
2025-09-01,W6,Minyak goreng Bimoli 1L,Sembako,1.0,1.0,25000.0,20368.0,-0.0919261135322522,0.11111111111111116,0.18528,POLA_TIDAK_BIASA,-0.08039105899276633
2025-09-03,W1,Pulpen Standard AE7,ATK,2.0,2.0,2600.0,1750.0,3.7142857142857144,0.040000000000000036,0.3269230769230769,POLA_TIDAK_BIASA,-0.0802316658751775
2025-11-26,W1,Saus sambal ABC 135ml,Bumbu,1.0,1.0,8000.0,6215.0,0.272352389700961,0.09589041095890405,0.223125,POLA_TIDAK_BIASA,-0.08017052701068805
2026-03-02,W3,Margarin Blue Band 200g,Sembako,1.0,1.0,11000.0,8743.0,-0.16651445963339417,0.10000000000000009,0.2051818181818182,POLA_TIDAK_BIASA,-0.08014179584386238
2025-09-07,W2,Minyak goreng Bimoli 1L,Sembako,8.0,8.0,25000.0,23200.0,5.102520385624565,0.0,0.072,LONJAKAN_PENJUALAN,-0.07993744210240217
2026-03-06,W3,Tepung terigu Segitiga Biru 1kg,Sembako,1.0,1.0,19500.0,17000.0,0.19752807658776603,0.11428571428571432,0.1282051282051282,POLA_TIDAK_BIASA,-0.07982312610463405
2025-11-18,W3,Kecap manis Sedap 135ml,Bumbu,6.0,6.0,6500.0,4957.0,3.053342371959842,0.06557377049180335,0.2373846153846154,POLA_TIDAK_BIASA,-0.07943946697433901
2026-01-07,W6,Surya 12 batang,Rokok,1.0,1.0,28000.0,26613.0,0.058789635125221514,0.0980392156862746,0.04953571428571429,POLA_TIDAK_BIASA,-0.07935016509764614
2025-09-01,W3,Minyak goreng Bimoli 1L,Sembako,1.0,1.0,26000.0,21060.0,-0.31964349823681626,0.1063829787234043,0.19,POLA_TIDAK_BIASA,-0.07928316504909538
2025-11-17,W4,Saus tomat ABC 135ml,Bumbu,1.0,1.0,8000.0,6350.0,0.3685521674738541,0.09589041095890405,0.20625,POLA_TIDAK_BIASA,-0.07923443083983006
2026-01-05,W1,Gudang Garam 16 batang,Rokok,2.0,2.0,33500.0,28835.0,-0.3680127536348181,0.1166666666666667,0.1392537313432836,POLA_TIDAK_BIASA,-0.07915445154017875
2026-03-04,W2,Garam Dolphin 500g,Sembako,1.0,1.0,4400.0,3790.0,0.5539862149839573,0.10000000000000009,0.13863636363636364,POLA_TIDAK_BIASA,-0.07909400145598111
2026-01-05,W5,Sampoerna A 16 batang,Rokok,2.0,2.0,42000.0,37760.0,0.21193153556287833,0.10526315789473695,0.10095238095238095,POLA_TIDAK_BIASA,-0.07905174122973146
2026-06-27,W6,Cutter Joyko,ATK,2.0,2.0,5300.0,3700.0,3.9285714285714284,0.03921568627450989,0.3018867924528302,POLA_TIDAK_BIASA,-0.07901364804085675
2025-09-01,W3,Minyakita 1L,Sembako,2.0,2.0,20500.0,16412.0,-0.08783100656536791,0.10810810810810811,0.19941463414634147,POLA_TIDAK_BIASA,-0.07890312371486763
2026-03-05,W3,Tepung beras Rose Brand 500g,Sembako,2.0,2.0,12000.0,9670.0,0.7841935786099972,0.09090909090909083,0.19416666666666665,POLA_TIDAK_BIASA,-0.07880368943288929
2025-10-25,W2,Ember,RumahTangga,2.0,2.0,20500.0,15388.0,4.0,0.05128205128205132,0.24936585365853658,POLA_TIDAK_BIASA,-0.07870129793038294
2026-03-05,W5,Sendok plastik,Plastik,2.0,2.0,5500.0,3827.0,3.9285714285714284,0.037735849056603765,0.30418181818181816,POLA_TIDAK_BIASA,-0.07849447624184536
2026-01-05,W5,Djarum Super 12 batang,Rokok,1.0,1.0,28000.0,25754.0,-1.0001543152271015,0.0980392156862746,0.08021428571428571,POLA_TIDAK_BIASA,-0.07842378233490455
2025-11-18,W2,Kecap manis Bango 135ml,Bumbu,1.0,1.0,7800.0,6314.0,0.39185288134546653,0.09859154929577474,0.1905128205128205,POLA_TIDAK_BIASA,-0.07840462645658475
2026-04-14,W5,Pembalut Charm,Tisu,3.0,3.0,11000.0,9000.0,4.834937784152282,0.04761904761904767,0.18181818181818182,POLA_TIDAK_BIASA,-0.07835754856411925
2025-09-05,W5,Tepung beras Rose Brand 500g,Sembako,1.0,1.0,10000.0,8228.0,0.16081688022566915,0.11111111111111116,0.1772,POLA_TIDAK_BIASA,-0.07832494901005216
2025-09-02,W2,Garam Dolphin 500g,Sembako,1.0,1.0,4000.0,3303.0,-0.2025671114728547,0.11111111111111116,0.17425,POLA_TIDAK_BIASA,-0.07829228774922836
2026-05-09,W1,Cutter Joyko,ATK,2.0,2.0,5200.0,3520.0,3.7142857142857144,0.040000000000000036,0.3230769230769231,POLA_TIDAK_BIASA,-0.07828562733500777
2026-03-04,W3,Gula pasir Gulaku 1kg,Sembako,1.0,1.0,25500.0,22669.0,0.13377934734721394,0.10869565217391308,0.11101960784313726,POLA_TIDAK_BIASA,-0.07819718011513577
2025-11-18,W2,Kaldu bubuk Royco 100g,Bumbu,2.0,2.0,6000.0,5046.0,0.8829436924916096,0.09090909090909083,0.159,POLA_TIDAK_BIASA,-0.0780999799565788
2026-01-06,W6,LA Bold 16 batang,Rokok,2.0,2.0,33500.0,29257.0,0.5598262171054439,0.09836065573770503,0.12665671641791046,POLA_TIDAK_BIASA,-0.07800829610077387
2025-11-17,W3,Saus tomat ABC 135ml,Bumbu,4.0,4.0,8100.0,6250.0,1.493865004965718,0.08000000000000007,0.22839506172839505,POLA_TIDAK_BIASA,-0.07798019989966276
2026-03-05,W3,Garam Refina 500g,Sembako,1.0,1.0,5500.0,4406.0,0.19467329510701445,0.10000000000000009,0.1989090909090909,POLA_TIDAK_BIASA,-0.07778090617575406
2025-11-18,W5,Kaldu bubuk Royco 100g,Bumbu,2.0,2.0,6400.0,5026.0,1.0548162696116137,0.06666666666666665,0.2146875,POLA_TIDAK_BIASA,-0.07776673694614578
2026-01-09,W4,LA Bold 16 batang,Rokok,1.0,1.0,34500.0,29418.0,-0.0637864883343843,0.11290322580645151,0.14730434782608695,POLA_TIDAK_BIASA,-0.07776186475837221
2026-03-02,W6,Garam Refina 500g,Sembako,1.0,1.0,5200.0,4663.0,-0.44357616810598377,0.1063829787234043,0.10326923076923077,POLA_TIDAK_BIASA,-0.07764101331092699
2025-11-03,W2,Teh Tong Tji sachet,Sachet,4.0,4.0,1100.0,850.0,-0.6483745391364906,0.10000000000000009,0.22727272727272727,POLA_TIDAK_BIASA,-0.07729765299243796
2026-05-10,W3,Tisu basah Cussons,Tisu,2.0,2.0,10500.0,8139.0,3.3771544847390507,0.06060606060606055,0.22485714285714287,POLA_TIDAK_BIASA,-0.07722822225869042
2025-09-01,W3,Beras medium 1kg,Sembako,4.0,4.0,17000.0,13376.0,0.17052796344711907,0.09677419354838701,0.2131764705882353,POLA_TIDAK_BIASA,-0.07719524874575256
2026-02-05,W3,Khong Guan 200g,Snack,1.0,1.0,10500.0,7185.0,1.6428571428571428,0.06060606060606055,0.3157142857142857,POLA_TIDAK_BIASA,-0.07715513742223923
2026-01-06,W4,Korek gas,Rokok,2.0,2.0,2300.0,1989.0,0.6517059369140357,0.09523809523809534,0.13521739130434782,POLA_TIDAK_BIASA,-0.07699446171304825
2025-09-01,W1,Garam Dolphin 500g,Sembako,1.0,1.0,4100.0,3391.0,-0.18599249845384058,0.10810810810810811,0.17292682926829267,POLA_TIDAK_BIASA,-0.0768843002536227
2025-09-04,W6,Plastik kiloan,Plastik,2.0,2.0,10500.0,7650.0,1.5971022963297477,0.0714285714285714,0.2714285714285714,POLA_TIDAK_BIASA,-0.07682993550645623
2026-01-09,W3,Djarum Super 16 batang,Rokok,1.0,1.0,37500.0,31007.0,-0.26486319515105244,0.10294117647058831,0.17314666666666667,POLA_TIDAK_BIASA,-0.07673728825442216
2025-06-02,W2,Minyak goreng Bimoli 1L,Sembako,9.0,9.0,22500.0,20100.0,3.998354924873873,0.04651162790697683,0.10666666666666667,POLA_TIDAK_BIASA,-0.0767121583802245
2025-10-11,W6,Diapet strip,Obat,3.0,3.0,7200.0,5843.0,5.642857142857143,0.04347826086956519,0.18847222222222224,POLA_TIDAK_BIASA,-0.07657929666046892
2025-09-01,W3,Teh Tong Tji sachet,Sachet,1.0,1.0,1100.0,850.0,-0.2617272835609376,0.10000000000000009,0.22727272727272727,POLA_TIDAK_BIASA,-0.0765483480131598
2026-03-04,W6,Minyak goreng Fortune 1L,Sembako,1.0,1.0,25500.0,21770.0,-0.2993159561802984,0.10869565217391308,0.14627450980392157,POLA_TIDAK_BIASA,-0.0761358601405765
2026-01-05,W2,Gudang Garam Filter 12 batang,Rokok,2.0,2.0,26000.0,22660.0,0.1343233711710958,0.1063829787234043,0.12846153846153846,POLA_TIDAK_BIASA,-0.076083020388514
2026-03-11,W2,Minyak goreng Fortune 1L,Sembako,6.0,6.0,25500.0,23102.0,5.075554581632167,0.0,0.0940392156862745,LONJAKAN_PENJUALAN,-0.07596104849700136
2026-01-05,W1,LA Ice 16 batang,Rokok,1.0,1.0,35500.0,30626.0,-0.5237519540989728,0.109375,0.13729577464788734,POLA_TIDAK_BIASA,-0.07586252232571356
2025-09-01,W2,Beras medium 1kg,Sembako,3.0,3.0,16000.0,13363.0,-0.17198638431321328,0.10344827586206895,0.1648125,POLA_TIDAK_BIASA,-0.07584368888653847
2026-01-05,W6,Korek gas,Rokok,1.0,1.0,2300.0,2151.0,-0.3326495719295578,0.09523809523809534,0.06478260869565218,POLA_TIDAK_BIASA,-0.07579393522708922
2025-11-23,W4,Cuka 100ml,Bumbu,1.0,1.0,4600.0,3690.0,0.400891862868637,0.09523809523809534,0.19782608695652174,POLA_TIDAK_BIASA,-0.07567647275852596
2025-12-13,W6,Tolak Angin sachet,Obat,2.0,2.0,4100.0,3357.0,4.0,0.05128205128205132,0.18121951219512195,POLA_TIDAK_BIASA,-0.0755950501810927
2026-03-02,W1,Garam Refina 500g,Sembako,1.0,1.0,5200.0,4388.0,0.7862136275414388,0.08333333333333326,0.15615384615384614,POLA_TIDAK_BIASA,-0.07556318523982652
2026-02-09,W6,Beng-Beng,Snack,3.0,3.0,2600.0,1990.0,5.642857142857143,0.040000000000000036,0.23461538461538461,POLA_TIDAK_BIASA,-0.07536373158479914
2026-01-05,W1,Djarum Super 16 batang,Rokok,2.0,2.0,35500.0,30050.0,0.025482359571881347,0.109375,0.15352112676056337,POLA_TIDAK_BIASA,-0.07532117059167576
2025-11-17,W3,Bawang goreng 50g,Bumbu,2.0,2.0,8200.0,6349.0,0.27499359681580193,0.09333333333333327,0.22573170731707318,POLA_TIDAK_BIASA,-0.07532067966507383
2026-03-03,W5,Tepung terigu Segitiga Biru 1kg,Sembako,2.0,2.0,20000.0,16049.0,0.7641455649969159,0.08108108108108114,0.19755,POLA_TIDAK_BIASA,-0.0752990754213615
2025-03-10,W3,Keripik kentang Chitato 68g,Snack,2.0,2.0,13000.0,9000.0,3.642857142857143,0.040000000000000036,0.3076923076923077,POLA_TIDAK_BIASA,-0.07529473863483804
2026-03-05,W6,Beras premium 5kg,Sembako,1.0,1.0,94500.0,81209.0,0.9654197822441797,0.08000000000000007,0.14064550264550266,POLA_TIDAK_BIASA,-0.07517152460947707
2025-06-02,W3,Garam Refina 500g,Sembako,9.0,9.0,4300.0,3698.0,4.0287349554383,0.04878048780487809,0.14,LONJAKAN_PENJUALAN,-0.07493152544855108
2026-03-02,W6,Minyak goreng Sania 1L,Sembako,2.0,3.0,26000.0,21787.0,0.5248906591678245,0.08333333333333326,0.16203846153846155,POLA_TIDAK_BIASA,-0.07486934446292848
2026-01-11,W3,Minyak telon My Baby 60ml,Bayi,2.0,2.0,11000.0,8864.0,3.9285714285714284,0.04761904761904767,0.19418181818181818,POLA_TIDAK_BIASA,-0.0748496744212428
2026-05-05,W2,Pantyliner Laurier,Tisu,2.0,3.0,13000.0,10949.0,5.714285714285714,0.040000000000000036,0.15776923076923077,POLA_TIDAK_BIASA,-0.07463916377133095
2025-05-07,W3,Snack kentang Qtela 60g,Snack,7.0,7.0,8500.0,6174.0,5.645525558103427,0.03658536585365857,0.2736470588235294,LONJAKAN_PENJUALAN,-0.07460232783627152
2026-03-02,W1,Telur ayam 1 butir,Sembako,1.0,1.0,3100.0,2750.0,-0.2270591770281516,0.1071428571428572,0.11290322580645161,POLA_TIDAK_BIASA,-0.07450169186544797
2026-03-02,W5,Santan Kara 65ml,Sembako,1.0,1.0,5300.0,4578.0,-0.3223291856101523,0.10416666666666674,0.1362264150943396,POLA_TIDAK_BIASA,-0.07437256890587873
2025-09-03,W6,Gula pasir Rose Brand 1kg,Sembako,2.0,2.0,21000.0,17839.0,0.0,0.10526315789473695,0.15052380952380953,POLA_TIDAK_BIASA,-0.07435957322845854
2026-01-05,W1,Sampoerna A 16 batang,Rokok,1.0,1.0,41500.0,35697.0,-0.17895320286017988,0.10666666666666669,0.13983132530120482,POLA_TIDAK_BIASA,-0.07429613175538252
2026-05-05,W5,Minyak telon My Baby 60ml,Bayi,2.0,2.0,11000.0,9310.0,4.0,0.04761904761904767,0.15363636363636363,POLA_TIDAK_BIASA,-0.07425321403701257
2025-12-10,W4,Minyak telon My Baby 60ml,Bayi,2.0,2.0,11000.0,9305.0,4.0,0.04761904761904767,0.15409090909090908,POLA_TIDAK_BIASA,-0.07425321403701257
2025-09-01,W3,Tepung terigu Segitiga Biru 1kg,Sembako,1.0,1.0,17500.0,13952.0,0.2585182453296419,0.09375,0.20274285714285714,POLA_TIDAK_BIASA,-0.07425038810641571
2025-09-07,W6,Cutter Joyko,ATK,2.0,2.0,5100.0,3643.0,3.857142857142857,0.04081632653061229,0.28568627450980394,POLA_TIDAK_BIASA,-0.07420704156948088
2025-08-08,W5,Shampoo Pantene sachet,Perawatan,3.0,3.0,1600.0,1346.0,2.7947655153365356,0.06666666666666665,0.15875,POLA_TIDAK_BIASA,-0.07413097107213928
2026-03-07,W5,Tepung beras Rose Brand 500g,Sembako,1.0,1.0,11500.0,9286.0,0.31503442230820283,0.09523809523809534,0.19252173913043477,POLA_TIDAK_BIASA,-0.07404623978485869
2026-01-06,W2,LA Bold 16 batang,Rokok,1.0,1.0,33000.0,29019.0,-0.3976828426589021,0.10000000000000009,0.12063636363636364,POLA_TIDAK_BIASA,-0.07403682853500904
2025-09-05,W5,Santan Kara 65ml,Sembako,11.0,11.0,4800.0,4062.0,5.635796466313048,0.0,0.15375,LONJAKAN_PENJUALAN,-0.07403510056620255
2026-03-02,W1,Gula pasir curah 1kg,Sembako,1.0,1.0,24500.0,20161.0,0.6301260378126043,0.0888888888888888,0.17710204081632652,POLA_TIDAK_BIASA,-0.07402588846479208
2025-06-03,W2,Molto sachet,Deterjen,5.0,5.0,2000.0,1750.0,3.53371661776028,0.05263157894736836,0.125,POLA_TIDAK_BIASA,-0.07388832666902456
2025-09-02,W4,Beras medium 1kg,Sembako,1.0,1.0,16500.0,13541.0,0.05365132634672996,0.10000000000000009,0.17933333333333334,POLA_TIDAK_BIASA,-0.07384113495038458
2025-03-18,W3,Lem Fox 10g,ATK,2.0,2.0,3200.0,2100.0,4.0,0.032258064516129004,0.34375,POLA_TIDAK_BIASA,-0.07367097930460387
2025-08-20,W1,Sedotan,Plastik,2.0,2.0,5200.0,3742.0,4.0,0.040000000000000036,0.2803846153846154,POLA_TIDAK_BIASA,-0.07358036995323625
2026-04-15,W3,Bubur instan 50g,Mi,4.0,4.0,5600.0,4655.0,7.5,0.03703703703703698,0.16875,POLA_TIDAK_BIASA,-0.07325930529966862
2025-11-17,W4,Merica bubuk Ladaku,Bumbu,3.0,3.0,1700.0,1351.0,2.877677787305964,0.0625,0.20529411764705882,POLA_TIDAK_BIASA,-0.07309570688427625
2025-07-09,W3,Plastik kiloan,Plastik,2.0,2.0,11000.0,7391.0,2.044828737104131,0.04761904761904767,0.3280909090909091,POLA_TIDAK_BIASA,-0.07301405759947666
2026-03-05,W3,Tepung terigu Kompas 1kg,Sembako,1.0,1.0,17000.0,15076.0,0.4201896668610749,0.09677419354838701,0.1131764705882353,POLA_TIDAK_BIASA,-0.07294493273790426
2025-12-02,W6,Tisu Paseo,Tisu,5.0,5.0,8400.0,6864.0,7.597085907485467,0.03703703703703698,0.18285714285714286,LONJAKAN_PENJUALAN,-0.07291574669348877
2025-08-08,W3,Shampoo Sunsilk sachet,Perawatan,2.0,2.0,1600.0,1345.0,2.4053511772118195,0.06666666666666665,0.159375,POLA_TIDAK_BIASA,-0.07289810891714066
2026-03-03,W2,Beras medium SPHP 5kg,Sembako,1.0,1.0,83000.0,71315.0,0.5128225940683702,0.08496732026143783,0.14078313253012048,POLA_TIDAK_BIASA,-0.07289248724680497
2025-07-20,W3,Tolak Angin sachet,Obat,2.0,2.0,4300.0,3488.0,3.7857142857142856,0.04878048780487809,0.1888372093023256,POLA_TIDAK_BIASA,-0.07288664875351303
2026-02-03,W2,Shampoo Sunsilk sachet,Perawatan,3.0,3.0,1600.0,1350.0,2.4999999999999996,0.06666666666666665,0.15625,POLA_TIDAK_BIASA,-0.0728181546912271
2025-08-04,W1,Shampoo Clear sachet,Perawatan,2.0,2.0,1600.0,1346.0,2.498112495012153,0.06666666666666665,0.15875,POLA_TIDAK_BIASA,-0.07276200135117494
2025-09-04,W1,Pembalut Laurier,Tisu,2.0,2.0,10500.0,8274.0,3.857142857142857,0.050000000000000044,0.212,POLA_TIDAK_BIASA,-0.07268445901367315
2026-04-06,W1,Sabun batang Nuvo,Perawatan,3.0,3.0,3900.0,3304.0,3.4664799893383975,0.054054054054053946,0.15282051282051282,POLA_TIDAK_BIASA,-0.07246846304986765
2025-09-01,W5,Tepung terigu Segitiga Biru 1kg,Sembako,1.0,1.0,17500.0,13623.0,-0.29481228894719724,0.09375,0.22154285714285715,POLA_TIDAK_BIASA,-0.07241796926360256
2025-09-01,W3,Snack jagung Cheetos,Snack,4.0,4.0,3300.0,2349.0,7.571428571428571,0.03125,0.2881818181818182,POLA_TIDAK_BIASA,-0.07234257463846483
2025-10-09,W6,Promag strip,Obat,3.0,3.0,8100.0,6668.0,5.857142857142857,0.03846153846153855,0.17679012345679013,POLA_TIDAK_BIASA,-0.07219756978896053
2026-02-02,W6,Kapas Selection,Tisu,3.0,3.0,5300.0,4357.0,5.857142857142857,0.03921568627450989,0.1779245283018868,POLA_TIDAK_BIASA,-0.07219756978896053
2026-03-04,W4,Minyak goreng Fortune 1L,Sembako,1.0,1.0,27000.0,23722.0,0.0,0.1020408163265305,0.12140740740740741,POLA_TIDAK_BIASA,-0.07219744472090528
2025-06-03,W3,Merica bubuk Ladaku,Bumbu,5.0,5.0,1600.0,1350.0,2.3454006393646285,0.06666666666666665,0.15625,POLA_TIDAK_BIASA,-0.07213159019779114
2025-12-08,W2,Pembalut Laurier,Tisu,2.0,2.0,10500.0,8540.0,3.7142857142857144,0.050000000000000044,0.18666666666666668,POLA_TIDAK_BIASA,-0.07201833359768961
2026-01-06,W6,Minyak kayu putih Cap Lang 30ml (Obat),Obat,1.0,1.0,10500.0,8455.0,1.4473519220310216,0.0714285714285714,0.19476190476190477,POLA_TIDAK_BIASA,-0.07195091747211813
2026-01-05,W3,Tembakau linting,Rokok,1.0,1.0,17500.0,15621.0,0.3552221604728824,0.09375,0.10737142857142858,POLA_TIDAK_BIASA,-0.07186833349701571
2025-09-01,W4,Plastik es,Plastik,2.0,2.0,5200.0,3750.0,3.9285714285714284,0.040000000000000036,0.27884615384615385,POLA_TIDAK_BIASA,-0.07186340224413756
2025-11-19,W3,Kecap manis ABC 135ml,Bumbu,2.0,2.0,7100.0,5774.0,0.36506884463624395,0.07575757575757569,0.18676056338028169,POLA_TIDAK_BIASA,-0.07160392515081682
2025-09-04,W1,Lap dapur,Plastik,3.0,3.0,7300.0,5133.0,3.3460453716627523,0.04285714285714293,0.29684931506849316,POLA_TIDAK_BIASA,-0.071575013892485
2025-11-18,W6,Saus sambal ABC 135ml,Bumbu,2.0,2.0,7800.0,6250.0,0.3891230718591852,0.08333333333333326,0.1987179487179487,POLA_TIDAK_BIASA,-0.07152144411318306
2025-06-02,W3,Chocolatos sachet,Sachet,5.0,5.0,2200.0,1551.0,2.4763463616443486,0.04761904761904767,0.295,POLA_TIDAK_BIASA,-0.07134754601546267
2026-02-09,W5,Pasta gigi Sensodyne 40g,Perawatan,2.0,2.0,22500.0,18279.0,3.7857142857142856,0.04651162790697683,0.1876,POLA_TIDAK_BIASA,-0.07134261027493938
2025-09-01,W2,Tepung terigu Segitiga Biru 1kg,Sembako,1.0,1.0,16500.0,13986.0,-0.5373158267633046,0.10000000000000009,0.15236363636363637,POLA_TIDAK_BIASA,-0.07127348939033329
2025-05-09,W1,Plastik kresek kecil,Plastik,2.0,2.0,5200.0,3650.0,3.3771544847390538,0.040000000000000036,0.2980769230769231,POLA_TIDAK_BIASA,-0.07123221482733844
2026-01-06,W5,Djarum Super 16 batang,Rokok,2.0,2.0,36500.0,33360.0,-0.11701146768577746,0.08955223880597019,0.08602739726027397,POLA_TIDAK_BIASA,-0.07091696943818271
2026-07-07,W1,Plastik klip,Plastik,2.0,2.0,5400.0,3807.0,3.642857142857143,0.03846153846153855,0.295,POLA_TIDAK_BIASA,-0.07087938164299978
2026-03-05,W2,Minyak goreng Bimoli 1L,Sembako,1.0,1.0,28500.0,25547.0,0.05604458771376209,0.09615384615384626,0.1036140350877193,POLA_TIDAK_BIASA,-0.07084776334345899
2026-02-03,W4,Gunting Joyko,ATK,4.0,4.0,7600.0,5200.0,2.989847686620365,0.041095890410958846,0.3157894736842105,POLA_TIDAK_BIASA,-0.07066757614991348
2025-11-03,W5,Map,ATK,3.0,3.0,2800.0,1850.0,2.8997113219564525,0.03703703703703698,0.3392857142857143,POLA_TIDAK_BIASA,-0.07053705113481534
2025-09-27,W6,Stabilo,ATK,2.0,2.0,8100.0,5850.0,4.0,0.03846153846153855,0.2777777777777778,POLA_TIDAK_BIASA,-0.07049261337830037
2025-06-02,W5,Shampoo Sunsilk sachet,Perawatan,3.0,3.0,1600.0,1341.0,2.027536006003124,0.06666666666666665,0.161875,POLA_TIDAK_BIASA,-0.0703263377814729
2026-07-16,W4,Gelas plastik,Plastik,3.0,4.0,8900.0,6296.0,4.691574316284182,0.03488372093023262,0.29258426966292134,POLA_TIDAK_BIASA,-0.07025052933574372
2026-03-04,W2,Margarin Blue Band 200g,Sembako,1.0,1.0,10000.0,8602.0,0.08728955090230703,0.098901098901099,0.1398,POLA_TIDAK_BIASA,-0.07014977197994832
2025-11-19,W5,Terasi ABC 20g,Bumbu,1.0,1.0,3600.0,2912.0,0.248850568624199,0.09090909090909083,0.19111111111111112,POLA_TIDAK_BIASA,-0.06992419323564836
2025-08-07,W2,Tusuk sate,Plastik,2.0,2.0,5000.0,3646.0,3.7142857142857144,0.04166666666666674,0.2708,POLA_TIDAK_BIASA,-0.06953081990448506
2025-06-04,W3,Tali per meter,RumahTangga,1.0,1.0,2200.0,1500.0,2.0,0.04761904761904767,0.3181818181818182,POLA_TIDAK_BIASA,-0.06922936936796842
2025-05-09,W3,Sapu lidi,RumahTangga,1.0,1.0,11000.0,7475.0,2.0,0.04761904761904767,0.32045454545454544,POLA_TIDAK_BIASA,-0.06922936936796842
2026-03-04,W4,Gula pasir Gulaku 1kg,Sembako,1.0,1.0,25000.0,22524.0,0.3150344223082033,0.08695652173913038,0.09904,POLA_TIDAK_BIASA,-0.06919318933553453
2025-08-04,W6,Extra Joss,Minuman,9.0,9.0,2500.0,2008.0,4.852154840213424,0.04166666666666674,0.1968,LONJAKAN_PENJUALAN,-0.06899882710092509
2025-12-01,W1,Better,Snack,12.0,12.0,2600.0,1950.0,4.695895921659991,0.040000000000000036,0.25,LONJAKAN_PENJUALAN,-0.0689516061566684
2026-03-04,W3,Minyakita 1L,Sembako,1.0,1.0,23500.0,18879.0,0.0,0.09302325581395343,0.1966382978723404,POLA_TIDAK_BIASA,-0.06877293347438573
2026-01-05,W2,Sampoerna Mild 16 batang,Rokok,1.0,1.0,36000.0,32233.0,-0.2714887559396651,0.09090909090909083,0.10463888888888889,POLA_TIDAK_BIASA,-0.06812228422685906
2026-03-07,W4,Tepung terigu Kompas 1kg,Sembako,2.0,2.0,16500.0,13559.0,2.5066914242350964,0.06451612903225801,0.17824242424242423,POLA_TIDAK_BIASA,-0.0680692435139445
2026-03-02,W3,Minyak goreng Bimoli 1L,Sembako,1.0,1.0,29500.0,24041.0,-0.1224291514029622,0.09259259259259256,0.18505084745762712,POLA_TIDAK_BIASA,-0.0679438440284934
2026-03-03,W3,Margarin Blue Band 500g,Sembako,1.0,1.0,25000.0,20292.0,0.1533595897329745,0.08695652173913038,0.18832,POLA_TIDAK_BIASA,-0.06769352209606316
2025-12-20,W3,Pensil Faber-Castell,ATK,2.0,2.0,3300.0,2194.0,4.0,0.03125,0.33515151515151514,POLA_TIDAK_BIASA,-0.06767778288906989
2026-05-04,W1,Spidol Snowman,ATK,3.0,3.0,5200.0,3600.0,2.7947655153365374,0.040000000000000036,0.3076923076923077,POLA_TIDAK_BIASA,-0.06753585226037517
2026-01-06,W4,Korek kayu,Rokok,1.0,1.0,2300.0,1956.0,-0.10350983390135313,0.09523809523809534,0.14956521739130435,POLA_TIDAK_BIASA,-0.06745876692314345
2026-04-09,W3,Oralit sachet,Obat,2.0,2.0,2300.0,1750.0,3.857142857142857,0.045454545454545414,0.2391304347826087,POLA_TIDAK_BIASA,-0.06740898180397814
2026-02-17,W2,Bubur bayi Promina 120g,Bayi,2.0,2.0,12500.0,11288.0,3.9285714285714284,0.04166666666666674,0.09696,POLA_TIDAK_BIASA,-0.06719938958842175
2025-09-11,W2,Baby oil My Baby 50ml,Bayi,2.0,2.0,7100.0,6298.0,3.7857142857142856,0.044117647058823595,0.11295774647887324,POLA_TIDAK_BIASA,-0.06714211626240152
2025-05-06,W5,Isolasi,RumahTangga,3.0,3.0,3200.0,2295.0,5.642857142857143,0.032258064516129004,0.2828125,POLA_TIDAK_BIASA,-0.06690603763116454
2026-07-16,W2,Baby powder My Baby 50g,Bayi,2.0,2.0,7400.0,6579.0,4.0,0.04225352112676051,0.11094594594594595,POLA_TIDAK_BIASA,-0.06688662993772343
2025-10-10,W3,Spidol Snowman,ATK,1.0,1.0,5400.0,3550.0,2.0,0.03846153846153855,0.3425925925925926,POLA_TIDAK_BIASA,-0.06683035961059991
2026-01-05,W1,Surya 12 batang,Rokok,1.0,1.0,28500.0,24532.0,-0.4958172724320892,0.09615384615384626,0.1392280701754386,POLA_TIDAK_BIASA,-0.0668216794965103
2025-10-14,W3,Lilin,RumahTangga,1.0,1.0,2200.0,1502.0,1.9285714285714286,0.04761904761904767,0.31727272727272726,POLA_TIDAK_BIASA,-0.06679342672347166
2025-05-05,W5,Kopi susu Torabika sachet,Sachet,12.0,12.0,2100.0,1593.0,3.4442643351855606,0.050000000000000044,0.24142857142857144,POLA_TIDAK_BIASA,-0.06674250604791454
2025-09-02,W6,Spons cuci piring,Plastik,4.0,4.0,3100.0,2250.0,5.809475019311133,0.03333333333333344,0.27419354838709675,POLA_TIDAK_BIASA,-0.06659914945237966
2025-11-17,W5,Mayones Maestro 100g,Bumbu,1.0,1.0,8200.0,6306.0,-0.10499013139145208,0.06493506493506485,0.23097560975609757,POLA_TIDAK_BIASA,-0.06656920216735174
2025-04-10,W3,Snack jagung Chiki,Snack,3.0,3.0,3200.0,2255.0,4.72455591261534,0.032258064516129004,0.2953125,POLA_TIDAK_BIASA,-0.06649478575532464
2026-03-03,W6,Tepung terigu Segitiga Biru 1kg,Sembako,1.0,1.0,18500.0,15753.0,0.17501912350455748,0.08823529411764697,0.1484864864864865,POLA_TIDAK_BIASA,-0.06647479090879549
2026-03-08,W3,Deodoran Rexona 45ml,Perawatan,2.0,2.0,20500.0,16498.0,3.3239931023913276,0.05128205128205132,0.19521951219512196,POLA_TIDAK_BIASA,-0.06638383059311836
2025-10-06,W1,Sikat gigi Formula,Perawatan,4.0,4.0,7300.0,6169.0,4.410882264688231,0.04285714285714293,0.15493150684931506,POLA_TIDAK_BIASA,-0.06617060325031476
2025-11-17,W3,Kaldu bubuk Royco 100g,Bumbu,1.0,1.0,6600.0,5022.0,-0.15114571014996325,0.08196721311475419,0.2390909090909091,POLA_TIDAK_BIASA,-0.06608040374822166
2025-08-19,W3,Shampoo Pantene sachet,Perawatan,1.0,1.0,1600.0,1350.0,1.4473519220310245,0.06666666666666665,0.15625,POLA_TIDAK_BIASA,-0.06606626464109078
2026-03-06,W6,Makaroni 200g,Mi,3.0,3.0,7500.0,6547.0,4.000039506758125,0.04166666666666674,0.12706666666666666,POLA_TIDAK_BIASA,-0.06603569815771726
2025-11-21,W2,Saus tomat ABC 135ml,Bumbu,1.0,1.0,7700.0,6306.0,0.3364209780121926,0.08450704225352124,0.18103896103896103,POLA_TIDAK_BIASA,-0.0660317872822348
2025-04-07,W2,Plastic wrap,Plastik,2.0,2.0,12000.0,8800.0,3.5405810661124937,0.04347826086956519,0.26666666666666666,POLA_TIDAK_BIASA,-0.06591838398859906
2026-03-02,W1,Minyakita 1L,Sembako,2.0,2.0,22500.0,18518.0,1.1863118929421157,0.0714285714285714,0.1769777777777778,POLA_TIDAK_BIASA,-0.0658884473521274
2026-01-06,W1,Korek kayu,Rokok,2.0,2.0,2300.0,1950.0,-0.14069371488316246,0.09523809523809534,0.15217391304347827,POLA_TIDAK_BIASA,-0.06566975385887852
2025-11-08,W1,Penghapus Faber-Castell,ATK,3.0,3.0,2700.0,1807.0,2.445846202326486,0.03846153846153855,0.3307407407407407,POLA_TIDAK_BIASA,-0.06556317611484386
2025-04-19,W6,Penggaris Butterfly 30cm,ATK,2.0,2.0,3000.0,2100.0,4.0,0.034482758620689724,0.3,POLA_TIDAK_BIASA,-0.06544856897105
2025-07-08,W5,Tusuk sate,Plastik,2.0,2.0,5300.0,3742.0,3.143243003777507,0.03921568627450989,0.2939622641509434,POLA_TIDAK_BIASA,-0.06534739352888874
2026-04-06,W6,Penyedap Royco,Bumbu,7.0,7.0,1800.0,1500.0,3.0496338590580403,0.05882352941176472,0.16666666666666666,POLA_TIDAK_BIASA,-0.06526631350007916
2025-08-05,W3,Basreng 100g,Snack,3.0,3.0,7500.0,5303.0,2.7086816944298087,0.04166666666666674,0.2929333333333333,POLA_TIDAK_BIASA,-0.06517737901775711
2025-08-04,W2,Mi soto Indomie,Mi,11.0,11.0,3600.0,3190.0,2.3237900077244573,0.05882352941176472,0.11388888888888889,POLA_TIDAK_BIASA,-0.06513323049386421
2025-11-17,W4,Terasi ABC 20g,Bumbu,1.0,1.0,3400.0,2651.0,0.061982059937746095,0.0625,0.22029411764705883,POLA_TIDAK_BIASA,-0.06504785368987598
2025-08-06,W3,Biskuit bayi Promina 100g,Bayi,2.0,2.0,11000.0,8999.0,3.642857142857143,0.04761904761904767,0.1819090909090909,POLA_TIDAK_BIASA,-0.06484793565863733
2026-05-04,W3,Kacang kulit Garuda 100g,Snack,2.0,2.0,7800.0,5515.0,2.9898476866203696,0.040000000000000036,0.29294871794871796,POLA_TIDAK_BIASA,-0.06466756548282471
2025-09-02,W6,Shampoo Pantene sachet,Perawatan,3.0,3.0,1600.0,1306.0,1.858914095368196,0.06666666666666665,0.18375,POLA_TIDAK_BIASA,-0.0645032986264984
2025-12-03,W1,Correction pen Joyko,ATK,2.0,2.0,5400.0,3750.0,2.7110883423451906,0.03846153846153855,0.3055555555555556,POLA_TIDAK_BIASA,-0.06449777842106785
2025-07-09,W4,Sunlight sachet,Deterjen,7.0,7.0,2100.0,1700.0,3.3055870878799793,0.050000000000000044,0.19047619047619047,POLA_TIDAK_BIASA,-0.06432794148929277
2025-08-04,W4,Rinso 800g,Deterjen,4.0,4.0,19000.0,15856.0,3.135261360424943,0.05555555555555558,0.16547368421052633,POLA_TIDAK_BIASA,-0.06402678432980957
2025-11-17,W6,Saus tiram Saori 133ml,Bumbu,3.0,3.0,8700.0,7662.0,1.0824926027836745,0.07407407407407418,0.1193103448275862,POLA_TIDAK_BIASA,-0.06396395605754834
2025-05-05,W4,Aluminium foil,Plastik,1.0,1.0,10500.0,7250.0,1.7142857142857144,0.050000000000000044,0.30952380952380953,POLA_TIDAK_BIASA,-0.06395074968846803
2025-04-22,W6,Rautan Joyko,ATK,2.0,2.0,3000.0,2100.0,3.857142857142857,0.034482758620689724,0.3,POLA_TIDAK_BIASA,-0.06391961268965962
2026-03-02,W6,Santan Kara 65ml,Sembako,2.0,2.0,5200.0,4400.0,0.2336283592430243,0.08333333333333326,0.15384615384615385,POLA_TIDAK_BIASA,-0.06369926946684257
2025-11-06,W1,Aluminium foil,Plastik,1.0,1.0,11000.0,7715.0,1.9285714285714286,0.04761904761904767,0.29863636363636364,POLA_TIDAK_BIASA,-0.06367768269348761
2025-10-07,W1,Gayung,RumahTangga,2.0,2.0,7300.0,5451.0,3.7142857142857144,0.04285714285714293,0.2532876712328767,POLA_TIDAK_BIASA,-0.06366703382629058
2025-08-11,W5,Pasta gigi Sensodyne 40g,Perawatan,2.0,2.0,21500.0,17595.0,3.5714285714285716,0.04878048780487809,0.1816279069767442,POLA_TIDAK_BIASA,-0.06365942676660807
2025-11-04,W6,Antangin sachet,Obat,3.0,3.0,3600.0,2957.0,2.9801978033963494,0.05882352941176472,0.1786111111111111,POLA_TIDAK_BIASA,-0.06355272302988402
2025-09-01,W3,Telur ayam 1 butir,Sembako,1.0,1.0,2800.0,2200.0,-1.0701658384365906,0.07692307692307687,0.21428571428571427,POLA_TIDAK_BIASA,-0.06346827275773981
2026-02-02,W4,Aluminium foil,Plastik,1.0,1.0,11000.0,7559.0,1.7142857142857144,0.04761904761904767,0.31281818181818183,POLA_TIDAK_BIASA,-0.06338780858162973
2025-08-07,W1,Tisu Nice,Tisu,2.0,2.0,7300.0,5889.0,3.7857142857142856,0.04285714285714293,0.1932876712328767,POLA_TIDAK_BIASA,-0.06318396844565444
2025-06-02,W1,Gula pasir curah 1kg,Sembako,2.0,2.0,19000.0,16550.0,2.743516058537435,0.05555555555555558,0.12894736842105264,POLA_TIDAK_BIASA,-0.06307344926807146
2026-04-17,W3,Buku tulis Sinar Dunia,ATK,1.0,1.0,4500.0,3100.0,1.7857142857142858,0.04651162790697683,0.3111111111111111,POLA_TIDAK_BIASA,-0.0629953490105154
2026-03-06,W1,Minyak goreng Sania 1L,Sembako,1.0,1.0,27500.0,22955.0,0.5539862149839573,0.07843137254901955,0.16527272727272727,POLA_TIDAK_BIASA,-0.0629442264780693
2026-01-14,W1,Spons cuci piring,Plastik,2.0,2.0,3200.0,2200.0,3.857142857142857,0.032258064516129004,0.3125,POLA_TIDAK_BIASA,-0.06270743259535982
2025-10-09,W6,Spaghetti La Fonte 225g,Mi,2.0,2.0,10500.0,9169.0,0.8606684942167377,0.0714285714285714,0.12676190476190477,POLA_TIDAK_BIASA,-0.06268524427604905
2025-10-07,W3,Permen karet Big Babol,Snack,2.0,2.0,2200.0,1501.0,1.5588457268119904,0.04761904761904767,0.31772727272727275,POLA_TIDAK_BIASA,-0.06254032779644436
2025-11-05,W2,Buku tulis Sinar Dunia,ATK,2.0,3.0,4100.0,2890.0,1.8706747347237147,0.05128205128205132,0.2951219512195122,POLA_TIDAK_BIASA,-0.06244195992660195
2025-08-07,W6,Mi jumbo Indomie,Mi,4.0,4.0,4600.0,4089.0,3.6373066958946407,0.045454545454545414,0.11108695652173912,POLA_TIDAK_BIASA,-0.06241399644643797
2025-10-08,W6,Minyak kayu putih Cap Lang 30ml (Bayi),Bayi,1.0,1.0,10500.0,9205.0,1.034389124583564,0.0714285714285714,0.12333333333333334,POLA_TIDAK_BIASA,-0.06236289475814716
2025-04-14,W3,Pensil Faber-Castell,ATK,2.0,2.0,3200.0,2100.0,3.1427095596989836,0.032258064516129004,0.34375,POLA_TIDAK_BIASA,-0.06233845138158267
2026-06-01,W1,Kecap manis ABC 135ml,Bumbu,4.0,4.0,7100.0,5896.0,3.8488555986070963,0.044117647058823595,0.1695774647887324,POLA_TIDAK_BIASA,-0.06232967761931496
2025-09-03,W3,Sendok plastik,Plastik,3.0,3.0,5400.0,3745.0,2.5627920569012232,0.03846153846153855,0.30648148148148147,POLA_TIDAK_BIASA,-0.06224289804119454
2026-06-01,W4,Shampoo Clear sachet,Perawatan,5.0,5.0,1700.0,1408.0,2.162915008118998,0.0625,0.17176470588235293,POLA_TIDAK_BIASA,-0.06222245697917339
2025-11-23,W3,Penyedap Royco,Bumbu,3.0,3.0,1700.0,1356.0,1.7194106456425762,0.0625,0.2023529411764706,POLA_TIDAK_BIASA,-0.062016789511264436
2025-05-18,W5,Bubur bayi Promina 120g,Bayi,2.0,2.0,12500.0,10678.0,4.0,0.04166666666666674,0.14576,POLA_TIDAK_BIASA,-0.061891990999237145
2025-11-20,W4,Kecap manis ABC 135ml,Bumbu,1.0,1.0,6800.0,5360.0,0.3685521674738537,0.0625,0.21176470588235294,POLA_TIDAK_BIASA,-0.0618806462911321
2026-06-01,W2,Mi soto Indomie,Mi,19.0,19.0,3800.0,3446.0,2.1238211871522332,0.05555555555555558,0.0931578947368421,POLA_TIDAK_BIASA,-0.06166455746109878
2025-04-26,W3,Pulpen Standard AE7,ATK,1.0,1.0,2700.0,1750.0,1.7857142857142858,0.03846153846153855,0.35185185185185186,POLA_TIDAK_BIASA,-0.06156633298553682
2026-03-16,W6,Tali per meter,RumahTangga,1.0,1.0,2200.0,1552.0,1.9285714285714286,0.04761904761904767,0.29454545454545455,POLA_TIDAK_BIASA,-0.06145027668874126
2025-08-14,W3,Map,ATK,1.0,1.0,2700.0,1800.0,2.0,0.03846153846153855,0.3333333333333333,POLA_TIDAK_BIASA,-0.06127925372980758
2025-11-17,W2,Terasi ABC 20g,Bumbu,3.0,3.0,3200.0,2559.0,0.9861599738047186,0.06666666666666665,0.2003125,POLA_TIDAK_BIASA,-0.060828210129012183
2025-11-17,W5,Cuka 100ml,Bumbu,3.0,3.0,4600.0,3846.0,0.9848560041821378,0.06976744186046502,0.16391304347826086,POLA_TIDAK_BIASA,-0.06082659866740958
2026-03-21,W5,Pensil Faber-Castell,ATK,2.0,2.0,3300.0,2150.0,3.338686178248176,0.03125,0.3484848484848485,POLA_TIDAK_BIASA,-0.060815801486802656
2025-08-22,W6,Gelas plastik,Plastik,2.0,2.0,8100.0,6027.0,3.857142857142857,0.03846153846153855,0.25592592592592595,POLA_TIDAK_BIASA,-0.06074994234632014
2025-11-04,W5,Cutter Joyko,ATK,1.0,1.0,5300.0,3550.0,2.0,0.03921568627450989,0.330188679245283,POLA_TIDAK_BIASA,-0.06072201132995514
2025-06-04,W3,Penyedap Masako,Bumbu,3.0,3.0,1600.0,1350.0,1.0844160586017293,0.06666666666666665,0.15625,POLA_TIDAK_BIASA,-0.06054343199909795
2025-12-01,W4,Sabun cair Lifebuoy 250ml,Perawatan,5.0,5.0,13000.0,10850.0,4.109770266111189,0.040000000000000036,0.16538461538461538,LONJAKAN_PENJUALAN,-0.06053917663449604
2025-12-22,W6,Rautan Joyko,ATK,2.0,2.0,3100.0,2206.0,4.0,0.03333333333333344,0.28838709677419355,POLA_TIDAK_BIASA,-0.06036933318693527
2025-09-01,W1,Kaldu bubuk Royco 100g,Bumbu,6.0,6.0,5900.0,5021.0,5.42524696646707,0.03508771929824572,0.14898305084745764,LONJAKAN_PENJUALAN,-0.06030243373285782
2026-01-07,W4,Diapet strip,Obat,2.0,3.0,7300.0,6000.0,3.9256053493048175,0.04285714285714293,0.1780821917808219,POLA_TIDAK_BIASA,-0.06008849247165293
2026-07-11,W3,Shampoo Sunsilk sachet,Perawatan,2.0,2.0,1700.0,1400.0,1.9887699241335102,0.0625,0.17647058823529413,POLA_TIDAK_BIASA,-0.06003731229548914
2026-04-11,W6,Gunting Joyko,ATK,1.0,1.0,7200.0,5050.0,2.0,0.04347826086956519,0.2986111111111111,POLA_TIDAK_BIASA,-0.05978222104413278
2026-02-02,W1,Kopi Torabika sachet,Sachet,12.0,12.0,2200.0,1697.0,3.2223285242902375,0.04761904761904767,0.22863636363636364,POLA_TIDAK_BIASA,-0.05976545471357331
2025-11-04,W6,Map,ATK,2.0,2.0,2600.0,1850.0,2.40535117721182,0.040000000000000036,0.28846153846153844,POLA_TIDAK_BIASA,-0.059622121941839024
2025-11-19,W2,Cuka 100ml,Bumbu,1.0,1.0,4400.0,3638.0,0.5,0.07317073170731714,0.1731818181818182,POLA_TIDAK_BIASA,-0.059175829519234724
2026-04-12,W3,Plastik kresek sedang,Plastik,1.0,1.0,7800.0,5351.0,2.0,0.040000000000000036,0.313974358974359,POLA_TIDAK_BIASA,-0.059162557404006
2025-12-06,W3,Minyak rem 100ml,LPG,3.0,3.0,16000.0,14127.0,5.642857142857143,0.032258064516129004,0.1170625,POLA_TIDAK_BIASA,-0.059111137958175575
2026-04-08,W5,Tisu basah Cussons,Tisu,1.0,1.0,10500.0,8307.0,1.8571428571428572,0.06060606060606055,0.20885714285714285,POLA_TIDAK_BIASA,-0.059073334207315864
2025-11-17,W6,Kecap manis Sedap 135ml,Bumbu,4.0,4.0,6200.0,4975.0,0.7761823345023017,0.06896551724137923,0.1975806451612903,POLA_TIDAK_BIASA,-0.058967174988518
2025-08-09,W2,Tisu basah Cussons,Tisu,3.0,3.0,9000.0,7498.0,5.642857142857143,0.034482758620689724,0.1668888888888889,POLA_TIDAK_BIASA,-0.058917520949572366
2026-04-12,W1,Lap dapur,Plastik,2.0,2.0,7600.0,5486.0,3.14270955969898,0.041095890410958846,0.2781578947368421,POLA_TIDAK_BIASA,-0.05888464551279882
2025-09-05,W6,Minyak goreng Sania 1L,Sembako,8.0,8.0,23000.0,20542.0,3.1555025623019954,0.0,0.1068695652173913,POLA_TIDAK_BIASA,-0.05886707723209883
2025-11-17,W6,Kecap manis ABC 135ml,Bumbu,1.0,1.0,6800.0,5473.0,-0.21542857953405622,0.0793650793650793,0.19514705882352942,POLA_TIDAK_BIASA,-0.0587416792491634
2025-09-17,W1,Gula pasir curah 1kg,Sembako,5.0,5.0,21500.0,19322.0,5.299166805373162,0.0,0.10130232558139535,LONJAKAN_PENJUALAN,-0.05868359123245903
2026-05-07,W6,Sedotan,Plastik,3.0,3.0,5300.0,3800.0,3.1764858116795134,0.03921568627450989,0.2830188679245283,POLA_TIDAK_BIASA,-0.05861150109602531
2026-04-12,W1,Amplop,ATK,3.0,3.0,1100.0,750.0,2.7495126913675274,0.0,0.3181818181818182,POLA_TIDAK_BIASA,-0.05837667704921834
2026-03-04,W3,Tali per meter,RumahTangga,1.0,1.0,2300.0,1587.0,1.7857142857142858,0.045454545454545414,0.31,POLA_TIDAK_BIASA,-0.0583328527703566
2026-06-03,W4,Tisu Nice,Tisu,2.0,2.0,7600.0,6243.0,3.7857142857142856,0.041095890410958846,0.17855263157894738,POLA_TIDAK_BIASA,-0.058233470258564735
2025-12-15,W3,Lem Alteco,RumahTangga,1.0,1.0,4500.0,3193.0,1.9285714285714286,0.04651162790697683,0.29044444444444445,POLA_TIDAK_BIASA,-0.058138425291793805
2026-01-09,W3,Cokelat SilverQueen,Snack,3.0,3.0,13500.0,9634.0,3.1088885425381214,0.03846153846153855,0.2863703703703704,POLA_TIDAK_BIASA,-0.058081147629865604
2025-11-20,W5,Kecap asin ABC 135ml,Bumbu,1.0,1.0,7000.0,5484.0,0.025995063332283182,0.07692307692307687,0.21657142857142858,POLA_TIDAK_BIASA,-0.05794320995445701
2026-06-09,W3,Plastik kiloan,Plastik,1.0,1.0,11500.0,7600.0,0.7703288865196434,0.045454545454545414,0.3391304347826087,POLA_TIDAK_BIASA,-0.057835096260994256
2026-03-07,W4,Minyakita 1L,Sembako,1.0,1.0,23000.0,18952.0,0.9387672267220682,0.06976744186046502,0.176,POLA_TIDAK_BIASA,-0.05768954222912093
2026-03-02,W6,Daia sachet,Deterjen,7.0,7.0,2200.0,1850.0,3.284696670289301,0.04761904761904767,0.1590909090909091,POLA_TIDAK_BIASA,-0.05768480770209328
2025-10-07,W5,Shampoo Pantene sachet,Perawatan,1.0,1.0,1600.0,1308.0,1.109080959834285,0.06666666666666665,0.1825,POLA_TIDAK_BIASA,-0.05767922191310293
2026-03-09,W6,Correction pen Joyko,ATK,1.0,1.0,5300.0,3605.0,2.0,0.03921568627450989,0.31981132075471697,POLA_TIDAK_BIASA,-0.05764634727064344
2026-05-21,W1,Susu formula SGM 200g,Bayi,2.0,2.0,27000.0,23682.0,3.857142857142857,0.03846153846153855,0.1228888888888889,POLA_TIDAK_BIASA,-0.05746158487930597
2026-02-02,W5,Baby powder My Baby 50g,Bayi,2.0,2.0,7700.0,6424.0,3.7857142857142856,0.04054054054054057,0.1657142857142857,POLA_TIDAK_BIASA,-0.0574266908513672
2026-01-14,W3,Marlboro 16 batang,Rokok,4.0,4.0,49500.0,40655.0,6.948792289723034,0.0,0.1786868686868687,POLA_TIDAK_BIASA,-0.057368937675086995
2025-07-07,W6,Penyedap Masako,Bumbu,2.0,2.0,1600.0,1350.0,0.74722908081596,0.06666666666666665,0.15625,POLA_TIDAK_BIASA,-0.05731876916075718
2025-09-03,W4,Shampoo Sunsilk sachet,Perawatan,2.0,2.0,1600.0,1300.0,0.7841935786099993,0.06666666666666665,0.1875,POLA_TIDAK_BIASA,-0.05723755734341385
2026-02-16,W1,Amplop,ATK,3.0,3.0,1100.0,750.0,3.9256053493048086,0.0,0.3181818181818182,POLA_TIDAK_BIASA,-0.05718548802067924
2025-11-05,W6,Body lotion Citra 100ml,Perawatan,1.0,1.0,10500.0,8769.0,0.5417363388859617,0.0714285714285714,0.16485714285714287,POLA_TIDAK_BIASA,-0.057168475465242063
2026-01-13,W5,Pulpen Pilot,ATK,1.0,1.0,4300.0,2894.0,0.7724908562393387,0.04878048780487809,0.3269767441860465,POLA_TIDAK_BIASA,-0.057167898439461684
2025-06-02,W3,Aluminium foil,Plastik,2.0,2.0,11000.0,7400.0,0.7648646330457451,0.04761904761904767,0.32727272727272727,POLA_TIDAK_BIASA,-0.057167898439461684
2025-06-17,W1,Aluminium foil,Plastik,1.0,1.0,10500.0,7513.0,1.9285714285714286,0.050000000000000044,0.2844761904761905,POLA_TIDAK_BIASA,-0.057128661516130275
2026-01-10,W4,Esse 16 batang,Rokok,3.0,3.0,39000.0,33425.0,4.145626123754416,0.0,0.14294871794871794,POLA_TIDAK_BIASA,-0.05687099387609473
2026-07-07,W3,Lap dapur,Plastik,2.0,2.0,7800.0,5350.0,1.9374232946252077,0.040000000000000036,0.3141025641025641,POLA_TIDAK_BIASA,-0.05659089600189282
2025-07-19,W1,Bubur bayi Promina 120g,Bayi,2.0,2.0,12500.0,10740.0,3.7142857142857144,0.04166666666666674,0.1408,POLA_TIDAK_BIASA,-0.05657005844179086
2026-04-06,W3,Mi goreng Sarimi,Mi,6.0,6.0,3300.0,2790.0,5.7157676649772915,0.03125,0.15454545454545454,LONJAKAN_PENJUALAN,-0.05642788567767065
2026-06-01,W6,Tusuk sate,Plastik,3.0,3.0,5300.0,3800.0,2.925694257514619,0.03921568627450989,0.2830188679245283,POLA_TIDAK_BIASA,-0.05638917477641492
2026-03-10,W6,Sapu lidi,RumahTangga,1.0,1.0,11000.0,7921.0,2.0,0.04761904761904767,0.2799090909090909,POLA_TIDAK_BIASA,-0.05628067266501646
2026-06-03,W3,Astor,Snack,3.0,3.0,2900.0,2050.0,3.3171666179689208,0.03571428571428581,0.29310344827586204,POLA_TIDAK_BIASA,-0.05625258151432844
2026-04-18,W1,Rautan Joyko,ATK,2.0,2.0,3200.0,2236.0,3.642857142857143,0.032258064516129004,0.30125,POLA_TIDAK_BIASA,-0.056098306340775284
2025-05-18,W5,Map,ATK,1.0,1.0,2700.0,1800.0,1.8571428571428572,0.03846153846153855,0.3333333333333333,POLA_TIDAK_BIASA,-0.056053909305431304
2025-12-09,W3,Cutter Joyko,ATK,1.0,1.0,5400.0,3600.0,1.8571428571428572,0.03846153846153855,0.3333333333333333,POLA_TIDAK_BIASA,-0.056053909305431304
2026-03-04,W4,Garam Refina 500g,Sembako,1.0,1.0,5300.0,4702.0,-0.06575827845326955,0.08163265306122458,0.11283018867924528,POLA_TIDAK_BIASA,-0.05602900193984528
2026-04-07,W6,Korek gas,Rokok,5.0,5.0,2400.0,2199.0,3.113849564975883,0.04347826086956519,0.08375,POLA_TIDAK_BIASA,-0.055926062698079315
2025-09-07,W3,Minyak goreng Fortune 1L,Sembako,5.0,5.0,24000.0,19363.0,4.0,0.0,0.19320833333333334,LONJAKAN_PENJUALAN,-0.05582833344967464
2025-11-03,W3,Pulpen Standard AE7,ATK,1.0,1.0,2800.0,1844.0,1.7142857142857144,0.03703703703703698,0.3414285714285714,POLA_TIDAK_BIASA,-0.05573536186115591
2026-07-09,W3,Tempura 250g,Frozen,1.0,1.0,18000.0,14345.0,1.5714285714285714,0.05882352941176472,0.20305555555555554,POLA_TIDAK_BIASA,-0.0556896865063109
2025-09-03,W6,Mi kari ayam Indomie,Mi,3.0,3.0,3600.0,3192.0,1.4807007034198862,0.05882352941176472,0.11333333333333333,POLA_TIDAK_BIASA,-0.055677489577964256
2026-06-09,W6,Popok MamyPoko isi 10,Bayi,2.0,2.0,26500.0,23737.0,3.642857142857143,0.03921568627450989,0.10426415094339622,POLA_TIDAK_BIASA,-0.05564192918893729
2025-12-01,W5,Lem Alteco,RumahTangga,1.0,1.0,4300.0,3051.0,1.7857142857142858,0.04878048780487809,0.2904651162790698,POLA_TIDAK_BIASA,-0.05555196308339316
2025-09-06,W6,Tusuk sate,Plastik,3.0,3.0,5100.0,3750.0,3.1039158053283056,0.04081632653061229,0.2647058823529412,POLA_TIDAK_BIASA,-0.05546617269629461
2025-07-08,W1,Tali per meter,RumahTangga,1.0,1.0,2100.0,1501.0,1.7857142857142858,0.050000000000000044,0.28523809523809524,POLA_TIDAK_BIASA,-0.05540998470535241
2025-06-17,W3,Ember,RumahTangga,1.0,1.0,21500.0,15562.0,2.0,0.04878048780487809,0.2761860465116279,POLA_TIDAK_BIASA,-0.05540640215016901
2025-11-08,W4,Sapu lidi,RumahTangga,1.0,1.0,11000.0,7825.0,1.8571428571428572,0.04761904761904767,0.28863636363636364,POLA_TIDAK_BIASA,-0.05538415747456327
2026-03-08,W2,Spidol Snowman,ATK,2.0,2.0,5200.0,3750.0,2.9607217052389467,0.040000000000000036,0.27884615384615385,POLA_TIDAK_BIASA,-0.055377805864080365
2025-07-07,W3,Plastik kresek sedang,Plastik,1.0,1.0,7500.0,5112.0,1.7857142857142858,0.04166666666666674,0.3184,POLA_TIDAK_BIASA,-0.055075931464637407
2025-04-09,W1,Penggaris Butterfly 30cm,ATK,2.0,2.0,3100.0,2106.0,3.1427095596989836,0.03333333333333344,0.32064516129032256,POLA_TIDAK_BIASA,-0.05504161547862574
2026-02-03,W4,Merica bubuk Ladaku,Bumbu,1.0,1.0,1800.0,1498.0,1.7857142857142858,0.05882352941176472,0.16777777777777778,POLA_TIDAK_BIASA,-0.05496848855179126
2025-07-20,W3,Lem Alteco,RumahTangga,1.0,1.0,4300.0,3082.0,1.9285714285714286,0.04878048780487809,0.28325581395348837,POLA_TIDAK_BIASA,-0.054955345092265406
2026-07-11,W5,Map,ATK,1.0,1.0,2900.0,1895.0,1.8571428571428572,0.03571428571428581,0.34655172413793106,POLA_TIDAK_BIASA,-0.05482952772145566
2025-07-12,W3,Margarin Blue Band 500g,Sembako,4.0,4.0,19500.0,16550.0,2.21624622809956,0.054054054054053946,0.15128205128205127,POLA_TIDAK_BIASA,-0.054761314190389765
2025-11-19,W6,Saus sambal sachet ABC,Bumbu,4.0,4.0,1700.0,1356.0,1.09432817263748,0.0625,0.2023529411764706,POLA_TIDAK_BIASA,-0.054663839666362235
2026-02-02,W5,Tepung terigu Segitiga Biru 1kg,Sembako,3.0,3.0,18500.0,15718.0,2.065449292009098,0.05714285714285716,0.1503783783783784,POLA_TIDAK_BIASA,-0.054653240512731904
2026-04-07,W1,Penyedap Royco,Bumbu,3.0,3.0,1800.0,1500.0,1.6659473913241971,0.05882352941176472,0.16666666666666666,POLA_TIDAK_BIASA,-0.05441078003334676
2025-12-01,W5,Buku gambar,ATK,1.0,1.0,7400.0,5050.0,1.6341143382057663,0.04225352112676051,0.31756756756756754,POLA_TIDAK_BIASA,-0.05440330878531552
2026-06-02,W1,Minyak goreng Sania 1L,Sembako,4.0,4.0,28500.0,25443.0,3.845219666769932,0.036363636363636376,0.10726315789473684,POLA_TIDAK_BIASA,-0.05434161529772685
2026-01-05,W4,Buku tulis Sinar Dunia,ATK,1.0,1.0,4200.0,2900.0,0.7390560169593352,0.050000000000000044,0.30952380952380953,POLA_TIDAK_BIASA,-0.054235359547204154
2025-12-03,W6,Cokelat SilverQueen,Snack,2.0,2.0,13000.0,9508.0,2.7435160585374465,0.040000000000000036,0.2686153846153846,POLA_TIDAK_BIASA,-0.05420174748103035
2026-03-16,W4,Beras premium 5kg,Sembako,2.0,2.0,101500.0,81170.0,3.7857142857142856,0.0,0.20029556650246305,POLA_TIDAK_BIASA,-0.05411162402453695
2026-07-12,W4,Oralit sachet,Obat,2.0,2.0,2200.0,1750.0,2.7110883423451795,0.04761904761904767,0.20454545454545456,POLA_TIDAK_BIASA,-0.05409579112666274
2025-09-04,W4,Shampoo Clear sachet,Perawatan,2.0,2.0,1600.0,1350.0,0.5303300858899106,0.06666666666666665,0.15625,POLA_TIDAK_BIASA,-0.05404586950153201
2025-06-11,W3,Lakban,RumahTangga,1.0,1.0,5400.0,3775.0,2.0,0.03846153846153855,0.30092592592592593,POLA_TIDAK_BIASA,-0.05401607720843715
2025-06-02,W6,Lilin,RumahTangga,1.0,1.0,2100.0,1509.0,1.8571428571428572,0.050000000000000044,0.2814285714285714,POLA_TIDAK_BIASA,-0.053862693666749895
2025-09-02,W4,Mi kari ayam Indomie,Mi,18.0,18.0,3700.0,3200.0,2.186540292616836,0.05714285714285716,0.13513513513513514,POLA_TIDAK_BIASA,-0.053836178442141724
2025-09-01,W1,Oatmeal Quaker 35g,Mi,2.0,2.0,3700.0,3230.0,1.8324159418700126,0.05714285714285716,0.12702702702702703,POLA_TIDAK_BIASA,-0.05375254760972292
2026-02-02,W2,LPG 3kg,LPG,2.0,2.0,21500.0,20199.0,1.8898223650461363,0.04878048780487809,0.06051162790697674,POLA_TIDAK_BIASA,-0.05369538962097109
2025-07-07,W6,Plastik kresek kecil,Plastik,3.0,3.0,5100.0,3746.0,2.7086816944298073,0.04081632653061229,0.2654901960784314,POLA_TIDAK_BIASA,-0.05366463933500931
2025-07-10,W2,Lilin,RumahTangga,1.0,1.0,2000.0,1500.0,1.9285714285714286,0.05263157894736836,0.25,POLA_TIDAK_BIASA,-0.053599940409007285
2025-10-06,W6,Permen karet Big Babol,Snack,3.0,3.0,2100.0,1540.0,1.9155842678536277,0.050000000000000044,0.26666666666666666,POLA_TIDAK_BIASA,-0.053522038318218446
2026-03-07,W5,Tisu Nice,Tisu,2.0,2.0,7700.0,6192.0,3.642857142857143,0.04054054054054057,0.19584415584415585,POLA_TIDAK_BIASA,-0.053375758158988096
2026-05-07,W6,Penggaris Butterfly 30cm,ATK,2.0,2.0,3200.0,2286.0,3.857142857142857,0.032258064516129004,0.285625,POLA_TIDAK_BIASA,-0.0533431881381371
2025-09-06,W6,Gula pasir Rose Brand 1kg,Sembako,8.0,8.0,21000.0,17839.0,3.86765965524258,0.0,0.15052380952380953,POLA_TIDAK_BIASA,-0.05333889866652641
2025-05-30,W5,Pensil Faber-Castell,ATK,3.0,3.0,3200.0,2144.0,2.9859193367728953,0.032258064516129004,0.33,POLA_TIDAK_BIASA,-0.053273558296861645
2025-11-23,W1,Penyedap Masako,Bumbu,2.0,2.0,1700.0,1359.0,0.9976931918526478,0.0625,0.20058823529411765,POLA_TIDAK_BIASA,-0.053176763694874896
2026-02-02,W2,Attack sachet,Deterjen,4.0,4.0,2600.0,2250.0,3.6834170846473855,0.040000000000000036,0.1346153846153846,POLA_TIDAK_BIASA,-0.05313894497899674
2026-04-11,W4,Map,ATK,4.0,4.0,2800.0,1900.0,2.001324566998965,0.03703703703703698,0.32142857142857145,POLA_TIDAK_BIASA,-0.053116138466346774
2025-12-14,W2,Aluminium foil,Plastik,1.0,1.0,10500.0,7630.0,1.8571428571428572,0.050000000000000044,0.2733333333333333,POLA_TIDAK_BIASA,-0.05308922144758044
2025-05-05,W1,Minyakita 1L,Sembako,3.0,3.0,18000.0,15947.0,1.2461207411035462,0.05882352941176472,0.11405555555555555,POLA_TIDAK_BIASA,-0.053021494511464096
2026-02-02,W1,Penyedap Masako,Bumbu,3.0,3.0,1800.0,1543.0,1.8706747347237145,0.05882352941176472,0.14277777777777778,POLA_TIDAK_BIASA,-0.052975418047364164
2026-03-14,W1,Sabun batang Lux,Perawatan,2.0,2.0,4900.0,4000.0,3.5714285714285716,0.042553191489361764,0.1836734693877551,POLA_TIDAK_BIASA,-0.05291274826135983
2025-08-22,W2,Terminal listrik,RumahTangga,1.0,1.0,20500.0,15203.0,2.0,0.05128205128205132,0.25839024390243903,POLA_TIDAK_BIASA,-0.05284721404236148
2025-10-26,W4,Charger,RumahTangga,2.0,2.0,33000.0,23638.0,4.0,0.03125,0.28369696969696967,POLA_TIDAK_BIASA,-0.052718526110992814
2025-08-04,W3,Mi soto Indomie,Mi,3.0,3.0,3800.0,3247.0,2.0654492920090974,0.05555555555555558,0.1455263157894737,POLA_TIDAK_BIASA,-0.05269353996788506
2026-04-11,W4,Plastik es,Plastik,1.0,1.0,5400.0,3800.0,2.0,0.03846153846153855,0.2962962962962963,POLA_TIDAK_BIASA,-0.05239268844621747
2025-06-06,W1,Senter,RumahTangga,1.0,1.0,21000.0,15379.0,1.8571428571428572,0.050000000000000044,0.26766666666666666,POLA_TIDAK_BIASA,-0.05231278629929603
2025-12-02,W6,Terminal listrik,RumahTangga,1.0,1.0,20500.0,15283.0,2.0,0.05128205128205132,0.2544878048780488,POLA_TIDAK_BIASA,-0.05221330606816321
2025-12-17,W3,Pembalut Charm,Tisu,2.0,2.0,11500.0,8738.0,2.9770067869236025,0.045454545454545414,0.24017391304347827,POLA_TIDAK_BIASA,-0.05216876123485081
2025-11-22,W2,Saus sambal sachet ABC,Bumbu,1.0,1.0,1700.0,1350.0,0.566946709513841,0.0625,0.20588235294117646,POLA_TIDAK_BIASA,-0.05207670771775641
2025-07-07,W5,Ember,RumahTangga,1.0,1.0,21500.0,15185.0,1.4473519220310234,0.04878048780487809,0.29372093023255813,POLA_TIDAK_BIASA,-0.05205581087654476
2025-09-05,W6,Garam Refina 500g,Sembako,7.0,7.0,4700.0,4269.0,2.668852747640769,0.0,0.09170212765957447,POLA_TIDAK_BIASA,-0.05194510448196599
2026-04-07,W5,Buku tulis Kiky,ATK,2.0,2.0,6500.0,4444.0,3.143243003777509,0.031746031746031855,0.3163076923076923,POLA_TIDAK_BIASA,-0.05189658734099589
2026-05-07,W3,Merica bubuk Ladaku,Bumbu,5.0,5.0,1800.0,1500.0,1.4242141838359414,0.05882352941176472,0.16666666666666666,POLA_TIDAK_BIASA,-0.05176916468000681
2026-01-15,W3,Ember,RumahTangga,1.0,1.0,22500.0,16378.0,1.9285714285714286,0.04651162790697683,0.2720888888888889,POLA_TIDAK_BIASA,-0.051668299987394306
2025-06-08,W4,Merica bubuk Ladaku,Bumbu,1.0,1.0,1600.0,1350.0,0.44826599152119834,0.06666666666666665,0.15625,POLA_TIDAK_BIASA,-0.05154853794252934
2026-02-02,W6,Minyakita 1L,Sembako,5.0,5.0,20500.0,19049.0,1.4958847659083583,0.05128205128205132,0.07078048780487804,POLA_TIDAK_BIASA,-0.051531436272424846
2025-06-06,W1,Daia sachet,Deterjen,2.0,2.0,2100.0,1750.0,2.8579830697348028,0.050000000000000044,0.16666666666666666,POLA_TIDAK_BIASA,-0.051400068447457925
2025-12-17,W4,Pel,RumahTangga,1.0,1.0,21000.0,15587.0,2.0,0.050000000000000044,0.25776190476190475,POLA_TIDAK_BIASA,-0.05134380953311779
2025-06-05,W1,Lem Fox 10g,ATK,3.0,3.0,3100.0,2150.0,3.0383414030550417,0.03333333333333344,0.3064516129032258,POLA_TIDAK_BIASA,-0.051164475476228044
2025-08-14,W3,Gayung,RumahTangga,1.0,1.0,7500.0,5307.0,1.9285714285714286,0.04166666666666674,0.2924,POLA_TIDAK_BIASA,-0.05111846297359912
2026-05-03,W4,Senter,RumahTangga,1.0,1.0,22000.0,16308.0,2.0,0.04761904761904767,0.25872727272727275,POLA_TIDAK_BIASA,-0.05093266531417506
2025-12-04,W2,Amplop,ATK,3.0,3.0,1100.0,700.0,1.7048994186314248,0.0,0.36363636363636365,POLA_TIDAK_BIASA,-0.05069838544657923
2025-05-10,W6,Spidol Snowman,ATK,1.0,1.0,5100.0,3570.0,1.8571428571428572,0.04081632653061229,0.3,POLA_TIDAK_BIASA,-0.05059846888425912
2026-02-02,W3,Chocolatos sachet,Sachet,4.0,4.0,2300.0,1644.0,1.9204332733176577,0.045454545454545414,0.2852173913043478,POLA_TIDAK_BIASA,-0.05055877719201085
2025-06-16,W6,Tali per meter,RumahTangga,1.0,1.0,2100.0,1550.0,1.7857142857142858,0.050000000000000044,0.2619047619047619,POLA_TIDAK_BIASA,-0.050495153101482115
2025-05-20,W1,Sapu lidi,RumahTangga,1.0,1.0,10500.0,7716.0,1.7142857142857144,0.050000000000000044,0.2651428571428571,POLA_TIDAK_BIASA,-0.050474984655657584
2026-03-11,W2,Margarin Blue Band 200g,Sembako,6.0,6.0,10000.0,9138.0,3.750000000000001,0.0,0.0862,POLA_TIDAK_BIASA,-0.05039031741352329
2025-07-20,W4,Senter,RumahTangga,1.0,1.0,21000.0,15683.0,2.0,0.050000000000000044,0.2531904761904762,POLA_TIDAK_BIASA,-0.05036766086211697
2025-09-07,W5,Sapu ijuk,RumahTangga,1.0,1.0,21500.0,15439.0,1.8571428571428572,0.04878048780487809,0.281906976744186,POLA_TIDAK_BIASA,-0.05034274694966445
2025-10-06,W4,Map,ATK,2.0,2.0,2700.0,1850.0,1.7471872934109447,0.03846153846153855,0.3148148148148148,POLA_TIDAK_BIASA,-0.050318733004481975
2025-09-08,W6,Minyakita 1L,Sembako,8.0,8.0,19500.0,17990.0,2.5671707889856292,0.0,0.07743589743589743,POLA_TIDAK_BIASA,-0.05028841343549695
2026-06-01,W2,Pulpen Standard AE7,ATK,2.0,2.0,2600.0,1810.0,1.787562069205012,0.040000000000000036,0.3038461538461538,POLA_TIDAK_BIASA,-0.05026512931442373
2026-04-12,W1,Tusuk gigi,Plastik,3.0,3.0,3200.0,2249.0,3.388095710953847,0.032258064516129004,0.2971875,POLA_TIDAK_BIASA,-0.05025441125342767
2026-03-20,W2,Gula pasir Rose Brand 1kg,Sembako,4.0,4.0,25000.0,22842.0,4.983246330323698,0.0,0.08632,POLA_TIDAK_BIASA,-0.05023526668985001
2026-04-24,W1,Terminal listrik,RumahTangga,1.0,1.0,22000.0,16200.0,1.9285714285714286,0.04761904761904767,0.2636363636363636,POLA_TIDAK_BIASA,-0.05004351683388997
2026-03-11,W2,Tusuk sate,Plastik,2.0,2.0,5200.0,3850.0,2.9898476866203714,0.040000000000000036,0.25961538461538464,POLA_TIDAK_BIASA,-0.04991154251574237
2025-10-26,W5,Downy sachet,Deterjen,2.0,2.0,2100.0,1745.0,2.3285470035069045,0.050000000000000044,0.16904761904761906,POLA_TIDAK_BIASA,-0.04977332982257843
2025-09-05,W6,Minyak goreng Fortune 1L,Sembako,8.0,8.0,23000.0,20575.0,2.8209109149260296,0.0,0.10543478260869565,POLA_TIDAK_BIASA,-0.04977153486879082
2025-04-08,W5,Better,Snack,5.0,5.0,2700.0,1943.0,2.322177943702666,0.03846153846153855,0.2803703703703704,POLA_TIDAK_BIASA,-0.0497627759572743
2025-04-09,W3,Snack jagung Cheetos,Snack,3.0,3.0,3200.0,2300.0,3.705660105481863,0.032258064516129004,0.28125,POLA_TIDAK_BIASA,-0.049626121045428406
2025-08-13,W4,Plastik kresek sedang,Plastik,2.0,2.0,7300.0,5200.0,1.9276188123470592,0.04285714285714293,0.2876712328767123,POLA_TIDAK_BIASA,-0.04954951107777683
2025-10-06,W3,Kacang atom Garuda 100g,Snack,2.0,2.0,7500.0,5300.0,1.8803495115840259,0.04166666666666674,0.29333333333333333,POLA_TIDAK_BIASA,-0.049448157319110564
2026-01-08,W6,Minyak kayu putih Cap Lang 30ml (Obat),Obat,3.0,3.0,10500.0,8455.0,5.077963596336059,0.0,0.19476190476190477,POLA_TIDAK_BIASA,-0.04943247081637314
2025-06-02,W3,Kopi susu Good Day sachet,Sachet,6.0,6.0,2200.0,1551.0,1.2589418083824298,0.04761904761904767,0.295,POLA_TIDAK_BIASA,-0.04924119909521918
2026-03-02,W6,Garam Dolphin 500g,Sembako,1.0,1.0,4400.0,3962.0,-0.3602763594242954,0.07317073170731714,0.09954545454545455,POLA_TIDAK_BIASA,-0.049222052430657026
2025-05-07,W5,Sapu lidi,RumahTangga,1.0,1.0,10500.0,7644.0,1.4990557128431476,0.050000000000000044,0.272,POLA_TIDAK_BIASA,-0.049202728104810856
2025-10-12,W5,Deodoran Rexona 45ml,Perawatan,1.0,1.0,19500.0,15713.0,1.3830269216621056,0.054054054054053946,0.1942051282051282,POLA_TIDAK_BIASA,-0.04917740323175679
2025-09-01,W2,Body lotion Citra 100ml,Perawatan,3.0,3.0,10500.0,8945.0,2.4567690745599777,0.050000000000000044,0.14809523809523809,POLA_TIDAK_BIASA,-0.04907323926923135
2025-11-19,W1,Mayones Maestro 100g,Bumbu,1.0,1.0,7800.0,6640.0,0.29475795174885455,0.06849315068493156,0.14871794871794872,POLA_TIDAK_BIASA,-0.04905827978500121
2025-11-15,W6,Ember,RumahTangga,1.0,1.0,20500.0,15615.0,2.0,0.05128205128205132,0.23829268292682926,POLA_TIDAK_BIASA,-0.048933839386948175
2025-07-13,W6,Nescafe 220ml,Minuman,9.0,9.0,6100.0,4913.0,4.701750427777716,0.03389830508474567,0.19459016393442624,LONJAKAN_PENJUALAN,-0.048836492185908686
2026-04-15,W5,Aluminium foil,Plastik,1.0,1.0,11000.0,7750.0,1.1449869800965815,0.04761904761904767,0.29545454545454547,POLA_TIDAK_BIASA,-0.04879654586815785
2025-06-10,W5,Plastic wrap,Plastik,1.0,1.0,12500.0,8800.0,1.7857142857142858,0.04166666666666674,0.296,POLA_TIDAK_BIASA,-0.04878173743924685
2025-08-07,W6,Plastik klip,Plastik,2.0,2.0,5100.0,3651.0,2.0448287371041327,0.04081632653061229,0.28411764705882353,POLA_TIDAK_BIASA,-0.048748562343040924
2026-03-02,W3,Telur ayam 1 butir,Sembako,1.0,1.0,3200.0,2500.0,-0.4718037134631417,0.06666666666666665,0.21875,POLA_TIDAK_BIASA,-0.04865384389191407
2026-04-11,W3,Lem Fox 10g,ATK,1.0,1.0,3300.0,2154.0,2.0,0.03125,0.3472727272727273,POLA_TIDAK_BIASA,-0.048652875174281185
2025-07-26,W2,Senter,RumahTangga,1.0,1.0,20500.0,15467.0,1.9285714285714286,0.05128205128205132,0.24551219512195122,POLA_TIDAK_BIASA,-0.048570620382630936
2025-11-21,W1,Kecap manis ABC 135ml,Bumbu,1.0,1.0,6800.0,5690.0,0.025499536762623166,0.0625,0.16323529411764706,POLA_TIDAK_BIASA,-0.04856352469188918
2025-08-16,W1,Susu formula Dancow 200g,Bayi,2.0,2.0,31000.0,27142.0,4.0,0.03333333333333344,0.1244516129032258,POLA_TIDAK_BIASA,-0.048518443552194035
2025-04-22,W5,Rautan Joyko,ATK,1.0,1.0,3200.0,2100.0,1.9285714285714286,0.032258064516129004,0.34375,POLA_TIDAK_BIASA,-0.04848954344539669
2025-10-06,W4,Sabun batang Lifebuoy,Perawatan,6.0,6.0,4200.0,3501.0,2.4826499747063493,0.050000000000000044,0.16642857142857143,POLA_TIDAK_BIASA,-0.04835740346507711
2025-09-03,W6,Makaroni 200g,Mi,2.0,2.0,7200.0,6248.0,3.2071349029490928,0.04347826086956519,0.1322222222222222,POLA_TIDAK_BIASA,-0.04835347256262412
2026-04-12,W5,Tusuk sate,Plastik,1.0,1.0,5500.0,3798.0,1.7857142857142858,0.037735849056603765,0.3094545454545455,POLA_TIDAK_BIASA,-0.04834258080275766
2025-05-05,W1,Penghapus Faber-Castell,ATK,1.0,1.0,2600.0,1751.0,0.8785534659813826,0.040000000000000036,0.32653846153846156,POLA_TIDAK_BIASA,-0.048265469734930844
2025-08-10,W1,Terminal listrik,RumahTangga,1.0,1.0,21000.0,15689.0,1.9285714285714286,0.050000000000000044,0.2529047619047619,POLA_TIDAK_BIASA,-0.04822774101060223
2026-02-03,W1,Tepung beras Rose Brand 500g,Sembako,2.0,2.0,10500.0,9127.0,2.27721634582977,0.050000000000000044,0.13076190476190477,POLA_TIDAK_BIASA,-0.04817066011828286
2026-03-07,W2,Shampoo H&S sachet,Perawatan,3.0,3.0,2100.0,1800.0,2.465917151547693,0.050000000000000044,0.14285714285714285,POLA_TIDAK_BIASA,-0.04810989195614879
2026-05-12,W3,Antangin sachet,Obat,1.0,1.0,4000.0,3105.0,1.9285714285714286,0.05263157894736836,0.22375,POLA_TIDAK_BIASA,-0.04808641883864084
2025-08-07,W6,Rinso 800g,Deterjen,2.0,2.0,18500.0,15594.0,1.3438348575221482,0.05714285714285716,0.15708108108108107,POLA_TIDAK_BIASA,-0.04801301421506965
2025-09-29,W6,Correction pen Joyko,ATK,1.0,1.0,5100.0,3650.0,2.0,0.04081632653061229,0.28431372549019607,POLA_TIDAK_BIASA,-0.04794222088527089
2025-12-16,W2,Lap dapur,Plastik,1.0,1.0,7100.0,5188.0,2.0,0.044117647058823595,0.26929577464788734,POLA_TIDAK_BIASA,-0.0478767349038427
2026-03-01,W2,Pel,RumahTangga,1.0,1.0,21500.0,16313.0,2.0,0.04878048780487809,0.24125581395348838,POLA_TIDAK_BIASA,-0.047867620141325395
2026-04-15,W6,Spidol Snowman,ATK,1.0,1.0,5300.0,3700.0,1.7857142857142858,0.03921568627450989,0.3018867924528302,POLA_TIDAK_BIASA,-0.04781858902058045
2025-11-21,W1,Penyedap Royco,Bumbu,1.0,1.0,1700.0,1353.0,0.4145514438229251,0.0625,0.20411764705882354,POLA_TIDAK_BIASA,-0.04777795619706093
2026-01-09,W3,Surya 12 batang,Rokok,4.0,4.0,30000.0,26024.0,3.3638838097821226,0.0,0.13253333333333334,POLA_TIDAK_BIASA,-0.04774633116675131
2026-06-05,W1,Daia sachet,Deterjen,2.0,2.0,2200.0,1808.0,2.4981124950121556,0.04761904761904767,0.1781818181818182,POLA_TIDAK_BIASA,-0.04756226429200039
2026-03-03,W5,Telur ayam 1 butir,Sembako,1.0,1.0,3000.0,2490.0,-0.19144924190933657,0.0714285714285714,0.17,POLA_TIDAK_BIASA,-0.04731237090833673
2025-10-06,W1,Sendok plastik,Plastik,2.0,2.0,5200.0,3654.0,1.7079122593723268,0.040000000000000036,0.29730769230769233,POLA_TIDAK_BIASA,-0.047284539706365925
2025-08-04,W5,Cuka 100ml,Bumbu,3.0,3.0,4300.0,3550.0,2.2080765218089073,0.04878048780487809,0.1744186046511628,POLA_TIDAK_BIASA,-0.04722069551469499
2025-07-16,W4,Gayung,RumahTangga,1.0,1.0,7300.0,5267.0,2.0,0.04285714285714293,0.2784931506849315,POLA_TIDAK_BIASA,-0.04721512508677872
2025-08-04,W2,Nutrisari sachet,Sachet,11.0,11.0,2000.0,1600.0,1.5491337804667313,0.05263157894736836,0.2,POLA_TIDAK_BIASA,-0.047091051322912914
2025-09-01,W6,Korek gas,Rokok,3.0,3.0,2100.0,1950.0,1.4602189501028202,0.050000000000000044,0.07142857142857142,POLA_TIDAK_BIASA,-0.04698508965130088
2026-04-07,W5,Ember,RumahTangga,1.0,1.0,22500.0,16474.0,1.8571428571428572,0.04651162790697683,0.26782222222222224,POLA_TIDAK_BIASA,-0.046944601059254465
2025-09-13,W1,Gula pasir curah 1kg,Sembako,3.0,3.0,21500.0,19322.0,3.212698020578432,0.0,0.10130232558139535,POLA_TIDAK_BIASA,-0.04687946302362178
2025-08-18,W6,Lem Alteco,RumahTangga,1.0,1.0,4100.0,3088.0,1.7857142857142858,0.05128205128205132,0.24682926829268292,POLA_TIDAK_BIASA,-0.046871667611913526
2025-11-08,W1,Merica bubuk Ladaku,Bumbu,1.0,1.0,1600.0,1307.0,0.37546963074131934,0.06666666666666665,0.183125,POLA_TIDAK_BIASA,-0.04675279724389281
2025-05-25,W6,Map,ATK,1.0,1.0,2500.0,1800.0,2.0,0.04166666666666674,0.28,POLA_TIDAK_BIASA,-0.04674206108027679
2025-12-01,W1,Milo sachet,Sachet,5.0,5.0,3700.0,2843.0,1.1618950038622249,0.05714285714285716,0.23162162162162162,POLA_TIDAK_BIASA,-0.04673436914479645
2026-02-16,W3,Hansaplast 10 pcs,Obat,2.0,2.0,8800.0,6979.0,3.7857142857142856,0.03529411764705892,0.2069318181818182,POLA_TIDAK_BIASA,-0.04673003537635745
2026-02-03,W3,Kopi ABC sachet,Sachet,3.0,3.0,2300.0,1642.0,1.8661414942155727,0.045454545454545414,0.28608695652173916,POLA_TIDAK_BIASA,-0.046504996032340706
2025-09-04,W1,Shampoo Pantene sachet,Perawatan,1.0,1.0,1600.0,1344.0,0.28490144114909477,0.06666666666666665,0.16,POLA_TIDAK_BIASA,-0.04649618957618562
2026-01-21,W1,Sedotan,Plastik,1.0,1.0,5400.0,3850.0,2.0,0.03846153846153855,0.28703703703703703,POLA_TIDAK_BIASA,-0.04648314277839727
2025-12-01,W2,Shampoo Clear sachet,Perawatan,1.0,1.0,1600.0,1350.0,0.2818009309883174,0.06666666666666665,0.15625,POLA_TIDAK_BIASA,-0.04636480108537944
2025-09-07,W6,Plastik kresek sedang,Plastik,2.0,2.0,7200.0,5155.0,1.8886987100071886,0.04347826086956519,0.28402777777777777,POLA_TIDAK_BIASA,-0.04623337878105438
2025-06-07,W2,Pel,RumahTangga,1.0,1.0,20500.0,15441.0,1.7142857142857144,0.05128205128205132,0.24678048780487805,POLA_TIDAK_BIASA,-0.04620646547320384
2026-02-02,W4,Soklin sachet,Deterjen,2.0,2.0,2200.0,1800.0,2.3453151212808563,0.04761904761904767,0.18181818181818182,POLA_TIDAK_BIASA,-0.0460983165705211
2026-07-10,W4,Sunlight sachet,Deterjen,4.0,4.0,2200.0,1844.0,2.510475291223814,0.04761904761904767,0.1618181818181818,POLA_TIDAK_BIASA,-0.046019251302482744
2025-04-10,W2,Mama Lemon 400ml,Deterjen,2.0,2.0,8100.0,6900.0,3.5714285714285716,0.03846153846153855,0.14814814814814814,POLA_TIDAK_BIASA,-0.045902383068317176
2026-04-07,W2,Cuka 100ml,Bumbu,2.0,2.0,4600.0,4031.0,2.711088342345195,0.045454545454545414,0.12369565217391304,POLA_TIDAK_BIASA,-0.045894117123897016
2025-11-17,W3,Kecap manis Bango 135ml,Bumbu,1.0,1.0,8000.0,6159.0,-0.431298735245868,0.06666666666666665,0.230125,POLA_TIDAK_BIASA,-0.04589347817431133
2026-03-02,W6,Minyakita 1L,Sembako,2.0,2.0,22000.0,18989.0,-0.23013798326867652,0.07317073170731714,0.13686363636363635,POLA_TIDAK_BIASA,-0.04588421931801989
2025-08-01,W4,Susu formula Dancow 200g,Bayi,2.0,2.0,31000.0,26542.0,4.0,0.03333333333333344,0.14380645161290323,POLA_TIDAK_BIASA,-0.045853643703366864
2025-11-05,W1,Popok Merries isi 10,Bayi,2.0,2.0,30000.0,26233.0,3.7857142857142856,0.034482758620689724,0.12556666666666666,POLA_TIDAK_BIASA,-0.04578707167869123
2025-07-11,W3,Penggaris Butterfly 30cm,ATK,1.0,1.0,3200.0,2100.0,1.8571428571428572,0.032258064516129004,0.34375,POLA_TIDAK_BIASA,-0.04576201027819893
2025-06-02,W4,Chocolatos sachet,Sachet,21.0,23.0,2100.0,1550.0,1.4040998304528587,0.050000000000000044,0.2619047619047619,POLA_TIDAK_BIASA,-0.04558862700441502
2025-11-20,W2,Mayones Maestro 100g,Bumbu,1.0,1.0,7600.0,6193.0,-0.0692253078834464,0.07042253521126751,0.18513157894736842,POLA_TIDAK_BIASA,-0.04557653085017621
2026-02-05,W6,Makaroni pedas 100g,Snack,2.0,2.0,6300.0,4707.0,4.0,0.032786885245901676,0.25285714285714284,POLA_TIDAK_BIASA,-0.04551789752564195
2025-03-03,W3,Tusuk gigi,Plastik,1.0,1.0,3200.0,2100.0,1.7857142857142858,0.032258064516129004,0.34375,POLA_TIDAK_BIASA,-0.045430851737579214
2026-01-07,W5,Better,Snack,3.0,3.0,2800.0,1991.0,2.0525347138924777,0.03703703703703698,0.2889285714285714,POLA_TIDAK_BIASA,-0.04500064640409274
2025-11-03,W6,Soklin sachet,Deterjen,3.0,3.0,2200.0,1845.0,2.3331413131434564,0.04761904761904767,0.16136363636363638,POLA_TIDAK_BIASA,-0.04489475008366528
2026-06-01,W6,Penyedap Masako,Bumbu,2.0,2.0,1800.0,1500.0,0.8851781587176704,0.05882352941176472,0.16666666666666666,POLA_TIDAK_BIASA,-0.04487495184602719
2026-07-11,W3,Gayung,RumahTangga,1.0,1.0,7800.0,5550.0,1.8571428571428572,0.040000000000000036,0.28846153846153844,POLA_TIDAK_BIASA,-0.04487363779707798
2025-12-02,W1,Plastik kresek kecil,Plastik,1.0,1.0,5400.0,3845.0,1.9285714285714286,0.03846153846153855,0.287962962962963,POLA_TIDAK_BIASA,-0.04482043238107358
2025-07-08,W1,Penyedap Royco,Bumbu,1.0,1.0,1600.0,1350.0,0.15888071476993063,0.06666666666666665,0.15625,POLA_TIDAK_BIASA,-0.044705229539164004
2026-07-07,W1,Merica bubuk Ladaku,Bumbu,1.0,1.0,1800.0,1500.0,0.6758453353343755,0.05882352941176472,0.16666666666666666,POLA_TIDAK_BIASA,-0.04448915968322642
2025-08-04,W2,Tali per meter,RumahTangga,1.0,1.0,2000.0,1544.0,1.5714285714285714,0.05263157894736836,0.228,POLA_TIDAK_BIASA,-0.044476638941747915
2025-07-15,W1,Tusuk gigi,Plastik,2.0,2.0,3100.0,2193.0,2.7110883423451924,0.03333333333333344,0.29258064516129034,POLA_TIDAK_BIASA,-0.04435698252721909
2025-09-08,W2,Margarin Blue Band 200g,Sembako,7.0,7.0,9100.0,8162.0,2.755062098405187,0.0,0.10307692307692308,POLA_TIDAK_BIASA,-0.04417151595699653
2026-04-06,W5,Mi goreng Indomie,Mi,7.0,7.0,4000.0,3444.0,1.576274330778253,0.05263157894736836,0.139,POLA_TIDAK_BIASA,-0.04410210516941193
2026-03-07,W6,Tepung terigu Segitiga Biru 1kg,Sembako,4.0,5.0,18500.0,15753.0,4.249423738651125,0.0,0.1484864864864865,LONJAKAN_PENJUALAN,-0.044074645105038446
2026-06-05,W6,Merica bubuk Ladaku,Bumbu,2.0,2.0,1800.0,1500.0,0.7779952848477373,0.05882352941176472,0.16666666666666666,POLA_TIDAK_BIASA,-0.044013038215366285
2026-05-09,W2,Tepung beras Rose Brand 500g,Sembako,3.0,3.0,11500.0,10367.0,2.256066930978445,0.045454545454545414,0.09852173913043479,POLA_TIDAK_BIASA,-0.043853499182174405
2025-12-01,W6,Shampoo Clear sachet,Perawatan,1.0,1.0,1600.0,1346.0,0.15031096432212734,0.06666666666666665,0.15875,POLA_TIDAK_BIASA,-0.04373216052012241
2025-07-11,W2,Biskuit bayi Promina 100g,Bayi,2.0,2.0,10000.0,8998.0,3.9285714285714284,0.030927835051546282,0.1002,POLA_TIDAK_BIASA,-0.043719832934122294
2025-11-03,W6,Mi ayam bawang Indomie,Mi,2.0,2.0,3600.0,3200.0,0.8210470606117676,0.05882352941176472,0.1111111111111111,POLA_TIDAK_BIASA,-0.04349798564803997
2025-09-15,W4,Lap dapur,Plastik,1.0,1.0,7300.0,5278.0,1.9285714285714286,0.04285714285714293,0.276986301369863,POLA_TIDAK_BIASA,-0.043493608997120736
2025-09-04,W2,Saus sambal sachet ABC,Bumbu,1.0,1.0,1600.0,1347.0,0.18510526570268865,0.06666666666666665,0.158125,POLA_TIDAK_BIASA,-0.04340191735208976
2025-05-06,W6,Tepung beras Rose Brand 500g,Sembako,6.0,6.0,8600.0,7775.0,3.335472970840826,0.03614457831325302,0.09593023255813954,POLA_TIDAK_BIASA,-0.04338896857091945
2026-03-06,W5,Plastik kresek kecil,Plastik,1.0,1.0,5500.0,3848.0,1.7142857142857144,0.037735849056603765,0.3003636363636364,POLA_TIDAK_BIASA,-0.043223098080923394
2025-07-19,W5,Sedotan,Plastik,1.0,1.0,5300.0,3750.0,1.7142857142857144,0.03921568627450989,0.29245283018867924,POLA_TIDAK_BIASA,-0.04313692068449004
2026-03-11,W4,Pembalut Charm,Tisu,1.0,1.0,11000.0,8832.0,2.0,0.04761904761904767,0.1970909090909091,POLA_TIDAK_BIASA,-0.04313326234352122
2025-07-13,W5,Sabun batang Lifebuoy,Perawatan,2.0,2.0,4300.0,3507.0,2.0497304113192714,0.04878048780487809,0.1844186046511628,POLA_TIDAK_BIASA,-0.04310022954589421
2025-09-12,W2,Tepung beras Rose Brand 500g,Sembako,4.0,4.0,9700.0,8900.0,2.766955053566354,0.0,0.08247422680412371,POLA_TIDAK_BIASA,-0.04308509835604557
2026-01-07,W2,Korek gas,Rokok,0.0,0.0,2300.0,2223.0,-1.3357784743781256,0.0,0.033478260869565214,POLA_TIDAK_BIASA,-0.0430213567843204
2025-06-11,W3,Baterai AA ABC 2pcs,RumahTangga,1.0,1.0,8500.0,5992.0,2.0,0.03658536585365857,0.29505882352941176,POLA_TIDAK_BIASA,-0.04296648249950008
2025-09-03,W5,Pomade Gatsby 80g,Perawatan,2.0,2.0,21500.0,17737.0,2.10611355005239,0.04878048780487809,0.17502325581395348,POLA_TIDAK_BIASA,-0.04292173136601696
2026-07-07,W3,Mi goreng Sedaap,Mi,3.0,3.0,4000.0,3436.0,1.4766245860296476,0.05263157894736836,0.141,POLA_TIDAK_BIASA,-0.042912106788021154
2026-06-01,W1,Sapu lidi,RumahTangga,1.0,1.0,11000.0,7977.0,1.4473519220310234,0.04761904761904767,0.2748181818181818,POLA_TIDAK_BIASA,-0.04288135579954189
2026-02-02,W4,Kopi Kapal Api sachet,Sachet,14.0,14.0,2200.0,1648.0,1.5968080273175096,0.04761904761904767,0.2509090909090909,POLA_TIDAK_BIASA,-0.04287348449908501
2025-06-01,W1,Beras premium 10kg,Sembako,2.0,2.0,152500.0,135700.0,4.0,0.030405405405405483,0.11016393442622952,POLA_TIDAK_BIASA,-0.042867745527530365
2026-02-08,W1,Penggaris Butterfly 30cm,ATK,1.0,1.0,3200.0,2150.0,2.0,0.032258064516129004,0.328125,POLA_TIDAK_BIASA,-0.042856453993748045
2025-07-30,W3,Cotton bud Selection,Tisu,2.0,2.0,5400.0,4256.0,3.143243003777509,0.03846153846153855,0.21185185185185185,POLA_TIDAK_BIASA,-0.04282876246024803
2025-11-25,W5,Kecap manis Sedap 135ml,Bumbu,4.0,4.0,6400.0,4878.0,4.410882264688237,0.0,0.2378125,POLA_TIDAK_BIASA,-0.04278500342699343
2025-07-09,W5,Sendok plastik,Plastik,1.0,1.0,5300.0,3608.0,1.1449869800965817,0.03921568627450989,0.3192452830188679,POLA_TIDAK_BIASA,-0.0427715248987377
2025-05-05,W1,Nutrisari sachet,Sachet,10.0,10.0,2100.0,1553.0,1.2473242058788345,0.050000000000000044,0.2604761904761905,POLA_TIDAK_BIASA,-0.042680802102494586
2026-06-07,W5,Penggaris Butterfly 30cm,ATK,1.0,1.0,3300.0,2170.0,1.8571428571428572,0.03125,0.3424242424242424,POLA_TIDAK_BIASA,-0.04262202686639138
2025-12-14,W5,Pensil Faber-Castell,ATK,1.0,1.0,3300.0,2150.0,1.7857142857142858,0.03125,0.3484848484848485,POLA_TIDAK_BIASA,-0.04262202686639138
2026-02-07,W2,Senter,RumahTangga,1.0,1.0,21500.0,16114.0,1.8571428571428572,0.04878048780487809,0.25051162790697673,POLA_TIDAK_BIASA,-0.042545652225879915
2025-09-02,W2,Beras medium SPHP 5kg,Sembako,3.0,3.0,74000.0,61424.0,3.0445227863550346,0.0,0.16994594594594595,POLA_TIDAK_BIASA,-0.04249487926270756
2026-03-03,W4,Gula pasir curah 1kg,Sembako,1.0,1.0,23500.0,19690.0,-0.03509312031717991,0.06818181818181812,0.1621276595744681,POLA_TIDAK_BIASA,-0.04248082503287609
2025-12-12,W2,Pembalut Charm,Tisu,1.0,1.0,10500.0,8450.0,1.9285714285714286,0.050000000000000044,0.19523809523809524,POLA_TIDAK_BIASA,-0.04239194692412296
2026-06-01,W5,Kopi ABC sachet,Sachet,10.0,10.0,2200.0,1650.0,1.6738304938151671,0.04761904761904767,0.25,POLA_TIDAK_BIASA,-0.04228292470082662
2025-08-04,W4,Kopi susu Good Day sachet,Sachet,10.0,10.0,2100.0,1560.0,1.3977673837075064,0.050000000000000044,0.2571428571428571,POLA_TIDAK_BIASA,-0.042205920422171195
2025-08-06,W5,Wafer Tango 115g,Snack,3.0,3.0,7400.0,5399.0,1.9301216174448899,0.04225352112676051,0.2704054054054054,POLA_TIDAK_BIASA,-0.04220569219818737
2025-07-10,W4,Gunting Joyko,ATK,2.0,2.0,7300.0,5000.0,0.5975797594892914,0.04285714285714293,0.3150684931506849,POLA_TIDAK_BIASA,-0.042204678267551254
2026-06-02,W2,Terminal listrik,RumahTangga,1.0,1.0,21500.0,16034.0,1.8571428571428572,0.04878048780487809,0.2542325581395349,POLA_TIDAK_BIASA,-0.04214762307295794
2025-07-10,W2,Gelas plastik,Plastik,2.0,2.0,8100.0,5865.0,1.9885469410796102,0.03846153846153855,0.2759259259259259,POLA_TIDAK_BIASA,-0.042137684027151456
2025-07-08,W3,Plastik kresek sedang,Plastik,2.0,3.0,7500.0,5112.0,5.714285714285714,0.0,0.3184,POLA_TIDAK_BIASA,-0.04213624376048908
2026-02-04,W1,Shampoo H&S sachet,Perawatan,2.0,2.0,2200.0,1800.0,2.0448287371041327,0.04761904761904767,0.18181818181818182,POLA_TIDAK_BIASA,-0.042120717365623284
2025-04-13,W3,Kopi ABC sachet,Sachet,2.0,2.0,2200.0,1556.0,0.6525188978116913,0.04761904761904767,0.2927272727272727,POLA_TIDAK_BIASA,-0.04211560801105563
2025-11-03,W6,Frestea 350ml,Minuman,4.0,4.0,4100.0,3307.0,1.4584631558989674,0.05128205128205132,0.19341463414634147,POLA_TIDAK_BIASA,-0.04210151215017344
2025-05-25,W5,Minyak telon My Baby 60ml,Bayi,1.0,1.0,10500.0,8914.0,2.0,0.050000000000000044,0.15104761904761904,POLA_TIDAK_BIASA,-0.04190185703021254
2025-11-12,W3,Lap dapur,Plastik,1.0,1.0,7500.0,5250.0,1.2472827609304507,0.04166666666666674,0.3,POLA_TIDAK_BIASA,-0.041892303159324684
2025-09-09,W3,Tepung terigu Segitiga Biru 1kg,Sembako,5.0,5.0,17500.0,13952.0,4.594691065112815,0.0,0.20274285714285714,LONJAKAN_PENJUALAN,-0.041882052021479765
2026-04-08,W6,Milo sachet,Sachet,2.0,2.0,3600.0,2849.0,0.444738811715854,0.05882352941176472,0.2086111111111111,POLA_TIDAK_BIASA,-0.04182623772560001
2026-06-11,W1,Tali per meter,RumahTangga,1.0,1.0,2200.0,1640.0,1.7142857142857144,0.04761904761904767,0.2545454545454545,POLA_TIDAK_BIASA,-0.04181607280523825
2025-09-04,W5,Minyak goreng Bimoli 1L,Sembako,4.0,4.0,26500.0,20864.0,2.7556759606310743,0.0,0.21267924528301888,POLA_TIDAK_BIASA,-0.04176868098137909
2026-05-06,W6,Ember,RumahTangga,1.0,1.0,21500.0,16265.0,1.7857142857142858,0.04878048780487809,0.24348837209302326,POLA_TIDAK_BIASA,-0.04174680762544003
2025-07-09,W1,Penyedap Masako,Bumbu,1.0,1.0,1600.0,1349.0,0.042614324229535185,0.06666666666666665,0.156875,POLA_TIDAK_BIASA,-0.04172968806935695
2025-05-05,W5,Kopi Kapal Api sachet,Sachet,7.0,7.0,2100.0,1559.0,-1.43422584371698,0.050000000000000044,0.25761904761904764,POLA_TIDAK_BIASA,-0.04166407510929948
2025-12-01,W5,Buku tulis Kiky,ATK,1.0,1.0,6300.0,4295.0,2.0,0.032786885245901676,0.31825396825396823,POLA_TIDAK_BIASA,-0.041464670880304366
2025-09-06,W6,Garam Refina 500g,Sembako,7.0,7.0,4700.0,4269.0,2.2960350010358916,0.0,0.09170212765957447,POLA_TIDAK_BIASA,-0.04145393192727487
2025-09-02,W6,Merica bubuk Ladaku,Bumbu,1.0,1.0,1600.0,1350.0,0.0,0.06666666666666665,0.15625,POLA_TIDAK_BIASA,-0.04141602085945095
2025-06-02,W6,Penyedap Royco,Bumbu,1.0,1.0,1600.0,1350.0,-0.5686340546421634,0.06666666666666665,0.15625,POLA_TIDAK_BIASA,-0.041356653701332124
2025-06-06,W2,Penyedap Royco,Bumbu,1.0,1.0,1600.0,1350.0,-0.0903986329151596,0.06666666666666665,0.15625,POLA_TIDAK_BIASA,-0.04130132836320832
2025-09-08,W2,Tepung beras Rose Brand 500g,Sembako,3.0,3.0,9700.0,8900.0,2.271720556255609,0.0,0.08247422680412371,POLA_TIDAK_BIASA,-0.04130070301877764
2026-01-07,W6,Oralit sachet,Obat,1.0,1.0,2200.0,1750.0,1.9285714285714286,0.04761904761904767,0.20454545454545456,POLA_TIDAK_BIASA,-0.04118117608241334
2025-07-26,W1,Minyak kayu putih Cap Lang 30ml (Bayi),Bayi,1.0,1.0,10500.0,8993.0,2.0,0.050000000000000044,0.14352380952380953,POLA_TIDAK_BIASA,-0.04113683773889054
2026-05-05,W2,Teh Sariwangi 1 kantong,Sachet,3.0,3.0,600.0,450.0,-1.7301648818541167,0.0,0.25,POLA_TIDAK_BIASA,-0.041102331736889486
2026-03-10,W2,Ember,RumahTangga,1.0,1.0,21500.0,16206.0,1.8571428571428572,0.04878048780487809,0.24623255813953487,POLA_TIDAK_BIASA,-0.04109790061132457
2025-07-08,W1,Oralit sachet,Obat,2.0,2.0,2100.0,1700.0,1.5877467654375879,0.050000000000000044,0.19047619047619047,POLA_TIDAK_BIASA,-0.041069403066149035
2025-11-10,W1,Stabilo,ATK,6.0,6.0,8300.0,5832.0,11.571428571428571,0.0,0.29734939759036144,LONJAKAN_PENJUALAN,-0.041057853530583666
2025-08-05,W3,Rinso 800g,Deterjen,2.0,2.0,19500.0,15500.0,0.8622909085775466,0.054054054054053946,0.20512820512820512,POLA_TIDAK_BIASA,-0.04105704070458571
2025-08-04,W3,Penyedap Royco,Bumbu,1.0,1.0,1600.0,1343.0,-0.2298642499074589,0.06666666666666665,0.160625,POLA_TIDAK_BIASA,-0.04102535268913954
2026-02-02,W2,Basreng 100g,Snack,8.0,8.0,7400.0,5610.0,2.1529019102102014,0.04225352112676051,0.2418918918918919,POLA_TIDAK_BIASA,-0.04102010921617749
2025-11-03,W4,Extra Joss sachet,Sachet,5.0,5.0,2100.0,1600.0,-1.4804098510202461,0.050000000000000044,0.23809523809523808,POLA_TIDAK_BIASA,-0.04093167546465881
2025-07-20,W6,Plastik es,Plastik,1.0,1.0,5100.0,3650.0,1.7857142857142858,0.04081632653061229,0.28431372549019607,POLA_TIDAK_BIASA,-0.04088988965926588
2026-03-11,W4,Minyakita 1L,Sembako,3.0,3.0,23000.0,18952.0,5.3069570474470416,0.0,0.176,POLA_TIDAK_BIASA,-0.040842532874977855
2026-02-05,W3,Gelas plastik,Plastik,1.0,1.0,8800.0,6017.0,1.6341143382057641,0.03529411764705892,0.31625,POLA_TIDAK_BIASA,-0.04083747062395582
2025-06-02,W6,Saus sambal sachet ABC,Bumbu,2.0,2.0,1600.0,1341.0,-0.3088185823383825,0.06666666666666665,0.161875,POLA_TIDAK_BIASA,-0.04078856491640426
2025-04-09,W6,Oralit sachet,Obat,1.0,1.0,2100.0,1695.0,1.5714285714285714,0.050000000000000044,0.19285714285714287,POLA_TIDAK_BIASA,-0.040774659150947246
2025-06-03,W1,Correction pen Joyko,ATK,1.0,1.0,5200.0,3600.0,0.8241313891509352,0.040000000000000036,0.3076923076923077,POLA_TIDAK_BIASA,-0.04073993838940282
2025-07-07,W5,Shampoo H&S sachet,Perawatan,2.0,2.0,2100.0,1745.0,1.9451205713390705,0.050000000000000044,0.16904761904761906,POLA_TIDAK_BIASA,-0.04071018134693327
2025-06-02,W4,Indomilk 190ml,Minuman,11.0,14.0,5200.0,4050.0,2.8390771669545627,0.040000000000000036,0.22115384615384615,POLA_TIDAK_BIASA,-0.04067870781379723
2025-12-18,W1,Lakban,RumahTangga,1.0,1.0,5400.0,3951.0,2.0,0.03846153846153855,0.2683333333333333,POLA_TIDAK_BIASA,-0.040663263825414075
2026-04-07,W4,Plastik kresek sedang,Plastik,1.0,1.0,7600.0,5386.0,1.4504813352456851,0.041095890410958846,0.2913157894736842,POLA_TIDAK_BIASA,-0.04063295205519302
2025-11-17,W3,Penyedap Masako,Bumbu,1.0,1.0,1700.0,1350.0,-0.28188282605862736,0.0625,0.20588235294117646,POLA_TIDAK_BIASA,-0.04057884355559371
2026-02-10,W5,Plastik es,Plastik,1.0,1.0,5300.0,3650.0,1.0343891245835632,0.03921568627450989,0.3113207547169811,POLA_TIDAK_BIASA,-0.040562204869389995
2025-10-08,W4,Sunlight sachet,Deterjen,4.0,4.0,2100.0,1748.0,1.8909841981322686,0.050000000000000044,0.1676190476190476,POLA_TIDAK_BIASA,-0.04054572260948586
2025-03-18,W5,Minyak kayu putih Cap Lang 30ml (Bayi),Bayi,1.0,1.0,10500.0,8750.0,1.8571428571428572,0.050000000000000044,0.16666666666666666,POLA_TIDAK_BIASA,-0.04054572260948586
2025-07-10,W5,Kecap manis ABC 135ml,Bumbu,4.0,4.0,6300.0,5275.0,3.772986197975511,0.032786885245901676,0.1626984126984127,POLA_TIDAK_BIASA,-0.04047213670589789
2026-03-11,W2,Minyak kayu putih Cap Lang 30ml (Bayi),Bayi,1.0,1.0,10500.0,9327.0,1.9285714285714286,0.050000000000000044,0.11171428571428571,POLA_TIDAK_BIASA,-0.04033397898018165
2025-11-03,W2,Dancow sachet,Sachet,7.0,7.0,3600.0,2850.0,-0.8161880515618241,0.05882352941176472,0.20833333333333334,POLA_TIDAK_BIASA,-0.04031252080089409
2025-11-09,W1,Stabilo,ATK,1.0,1.0,8300.0,5832.0,1.5714285714285714,0.03750000000000009,0.29734939759036144,POLA_TIDAK_BIASA,-0.04027293401568588
2025-09-08,W1,Garam Refina 500g,Sembako,4.0,4.0,4600.0,4015.0,2.7428189983785254,0.0,0.12717391304347825,POLA_TIDAK_BIASA,-0.04021378492151417
2025-09-02,W4,Lakban,RumahTangga,1.0,1.0,5200.0,3833.0,2.0,0.040000000000000036,0.2628846153846154,POLA_TIDAK_BIASA,-0.04021228284508904
2025-06-03,W5,Plastik klip,Plastik,1.0,1.0,5300.0,3654.0,0.8785534659813825,0.03921568627450989,0.31056603773584907,POLA_TIDAK_BIASA,-0.039865598108928535
2026-02-03,W6,Spons cuci piring,Plastik,2.0,2.0,3200.0,2300.0,3.3239931023913365,0.032258064516129004,0.28125,POLA_TIDAK_BIASA,-0.039792291867721596
2025-11-17,W6,Merica bubuk Ladaku,Bumbu,1.0,1.0,1700.0,1350.0,-0.0726783969162429,0.0625,0.20588235294117646,POLA_TIDAK_BIASA,-0.03976853897637633
2025-11-17,W3,Merica bubuk Ladaku,Bumbu,1.0,1.0,1700.0,1350.0,-0.08521973286215723,0.0625,0.20588235294117646,POLA_TIDAK_BIASA,-0.03976853897637633
2025-12-02,W2,Amplop,ATK,1.0,1.0,1100.0,700.0,0.027675151141331872,0.0,0.36363636363636365,POLA_TIDAK_BIASA,-0.03974787390395618
2025-09-06,W5,Pembalut Charm,Tisu,1.0,1.0,10500.0,8527.0,1.57485197087178,0.050000000000000044,0.1879047619047619,POLA_TIDAK_BIASA,-0.03972005775467491
2026-06-01,W4,Mi goreng Sedaap,Mi,14.0,14.0,3900.0,3400.0,1.0262453096263195,0.054054054054053946,0.1282051282051282,POLA_TIDAK_BIASA,-0.03965950389275785
2026-03-02,W6,Sabun cair Lifebuoy 250ml,Perawatan,2.0,2.0,13500.0,11122.0,3.2071349029490928,0.03846153846153855,0.17614814814814814,POLA_TIDAK_BIASA,-0.039638246800830834
2025-06-03,W5,Plastik kresek kecil,Plastik,1.0,1.0,5300.0,3743.0,1.450481335245685,0.03921568627450989,0.29377358490566036,POLA_TIDAK_BIASA,-0.03963298826127337
2026-02-02,W3,Minyakita 1L,Sembako,4.0,4.0,21500.0,18596.0,2.071100255222469,0.04878048780487809,0.13506976744186047,POLA_TIDAK_BIASA,-0.03961290196694933
2026-01-14,W2,Korek gas,Rokok,5.0,5.0,2300.0,2223.0,1.4502352555951796,0.0,0.033478260869565214,POLA_TIDAK_BIASA,-0.03956585335000551
2026-06-01,W6,Mi goreng Sedaap,Mi,1.0,1.0,3800.0,3480.0,0.4723291043819095,0.05555555555555558,0.08421052631578947,POLA_TIDAK_BIASA,-0.03953600888400466
2025-05-11,W4,Pembalut Charm,Tisu,1.0,1.0,10500.0,8250.0,1.7142857142857144,0.050000000000000044,0.21428571428571427,POLA_TIDAK_BIASA,-0.03945974281512177
2025-06-14,W1,Biskuit bayi Promina 100g,Bayi,1.0,1.0,10500.0,8932.0,1.8571428571428572,0.050000000000000044,0.14933333333333335,POLA_TIDAK_BIASA,-0.03937330214123402
2025-11-17,W2,Penyedap Royco,Bumbu,1.0,1.0,1700.0,1392.0,0.39521666643137593,0.0625,0.1811764705882353,POLA_TIDAK_BIASA,-0.03936620251325429
2025-12-14,W3,Buku tulis Kiky,ATK,1.0,1.0,6400.0,4341.0,2.0,0.032258064516129004,0.32171875,POLA_TIDAK_BIASA,-0.03936143623243804
2025-09-05,W3,Kacang kulit Garuda 100g,Snack,2.0,2.0,7500.0,5408.0,1.6651978271662493,0.04166666666666674,0.2789333333333333,POLA_TIDAK_BIASA,-0.03934642720779091
2026-01-06,W5,Mi kari ayam Indomie,Mi,3.0,3.0,3800.0,3168.0,0.8455921898979196,0.05555555555555558,0.16631578947368422,POLA_TIDAK_BIASA,-0.03933661241696451
2026-07-06,W4,Esse 16 batang,Rokok,2.0,2.0,40500.0,37987.0,2.0124611797498093,0.03846153846153855,0.06204938271604938,POLA_TIDAK_BIASA,-0.0393059371408756
2026-01-07,W1,Rinso 800g,Deterjen,1.0,1.0,19000.0,15900.0,0.7390560169593348,0.05555555555555558,0.1631578947368421,POLA_TIDAK_BIASA,-0.039233018719071366
2025-06-21,W4,Gelas plastik,Plastik,1.0,1.0,8300.0,5979.0,2.0,0.03750000000000009,0.27963855421686745,POLA_TIDAK_BIASA,-0.039228907420500114
2025-10-08,W6,Oatmeal Quaker 35g,Mi,1.0,1.0,3600.0,3192.0,0.5000000000000002,0.05882352941176472,0.11333333333333333,POLA_TIDAK_BIASA,-0.03916091444721281
2026-02-24,W6,Amplop,ATK,0.0,0.0,1100.0,700.0,-0.07142857142857142,0.0,0.36363636363636365,POLA_TIDAK_BIASA,-0.039091129157297955
2026-01-08,W5,Korek kayu,Rokok,0.0,0.0,2300.0,2172.0,-1.8749243850075439,0.0,0.05565217391304348,POLA_TIDAK_BIASA,-0.03905488801395074
2026-02-02,W6,Garam Dolphin 500g,Sembako,2.0,2.0,4100.0,3824.0,0.5097656323519913,0.05128205128205132,0.06731707317073171,POLA_TIDAK_BIASA,-0.039019663501804414
2026-01-19,W4,Plastik kresek kecil,Plastik,2.0,2.0,5400.0,3850.0,1.7566201313073595,0.03846153846153855,0.28703703703703703,POLA_TIDAK_BIASA,-0.039000509538831274
2026-06-03,W3,Permen karet Big Babol,Snack,1.0,1.0,2300.0,1600.0,0.5360689459886284,0.045454545454545414,0.30434782608695654,POLA_TIDAK_BIASA,-0.038824892005935974
2026-07-07,W3,Tusuk sate,Plastik,2.0,2.0,5600.0,3796.0,1.1887896468724592,0.03703703703703698,0.3221428571428571,POLA_TIDAK_BIASA,-0.03878548778388602
2025-09-02,W4,Oatmeal Quaker 35g,Mi,9.0,9.0,3700.0,3250.0,0.7255843021683608,0.05714285714285716,0.12162162162162163,POLA_TIDAK_BIASA,-0.03873564106431193
2026-03-07,W6,Garam Dolphin 500g,Sembako,6.0,6.0,4400.0,3962.0,3.772273355619922,0.0,0.09954545454545455,POLA_TIDAK_BIASA,-0.03872386249791493
2025-06-02,W4,Kopi ABC sachet,Sachet,8.0,8.0,2100.0,1550.0,0.6212262148199781,0.050000000000000044,0.2619047619047619,POLA_TIDAK_BIASA,-0.038680252309167606
2026-05-15,W2,Teh Sariwangi 1 kantong,Sachet,3.0,3.0,600.0,450.0,-1.696974408840763,0.0,0.25,POLA_TIDAK_BIASA,-0.03863801652551069
2025-08-04,W2,Bubur instan 50g,Mi,9.0,9.0,5000.0,4540.0,2.3276619182258087,0.04166666666666674,0.092,POLA_TIDAK_BIASA,-0.038627727581999616
2025-08-04,W4,Kacang kulit Garuda 100g,Snack,7.0,7.0,7300.0,5362.0,1.8728323789304038,0.04285714285714293,0.2654794520547945,POLA_TIDAK_BIASA,-0.03857518749584732
2025-05-05,W1,Body lotion Citra 100ml,Perawatan,1.0,1.0,10500.0,8650.0,1.5714285714285714,0.050000000000000044,0.1761904761904762,POLA_TIDAK_BIASA,-0.038560265986458564
2026-03-18,W4,Lakban,RumahTangga,1.0,1.0,5400.0,3898.0,1.9285714285714286,0.03846153846153855,0.27814814814814814,POLA_TIDAK_BIASA,-0.03853364230741174
2025-08-04,W3,Plastik es,Plastik,1.0,1.0,5400.0,3703.0,0.8280786712108247,0.03846153846153855,0.31425925925925924,POLA_TIDAK_BIASA,-0.03850738301840473
2026-04-09,W3,Popok Merries isi 10,Bayi,2.0,2.0,32000.0,26770.0,3.857142857142857,0.032258064516129004,0.1634375,POLA_TIDAK_BIASA,-0.038501721053280424
2025-09-05,W4,Buku gambar,ATK,1.0,1.0,7300.0,5015.0,0.46459308652347747,0.04285714285714293,0.313013698630137,POLA_TIDAK_BIASA,-0.03847809995178053
2026-02-02,W5,Snack jagung Cheetos,Snack,5.0,5.0,3400.0,2400.0,2.4081390675822054,0.030303030303030276,0.29411764705882354,POLA_TIDAK_BIASA,-0.03847748535149165
2026-04-25,W3,Penggaris Butterfly 30cm,ATK,1.0,1.0,3300.0,2231.0,2.0,0.03125,0.3239393939393939,POLA_TIDAK_BIASA,-0.038377063781149134
2026-01-14,W5,Plastik klip,Plastik,1.0,1.0,5500.0,3845.0,1.4504813352456851,0.037735849056603765,0.3009090909090909,POLA_TIDAK_BIASA,-0.03837190542182822
2025-05-10,W4,Pantyliner Laurier,Tisu,3.0,3.0,12500.0,10150.0,2.6712757786709864,0.04166666666666674,0.188,POLA_TIDAK_BIASA,-0.03832806899325136
2025-07-30,W5,Pembalut Softex,Tisu,2.0,2.0,9500.0,7481.0,3.9285714285714284,0.032608695652173836,0.21252631578947367,POLA_TIDAK_BIASA,-0.03831510650579517
2025-12-13,W6,Penggaris Butterfly 30cm,ATK,1.0,1.0,3100.0,2148.0,2.0,0.03333333333333344,0.30709677419354836,POLA_TIDAK_BIASA,-0.03826520528373534
2026-05-08,W5,Sapu lidi,RumahTangga,1.0,1.0,11000.0,8133.0,1.196887497862553,0.04761904761904767,0.2606363636363636,POLA_TIDAK_BIASA,-0.038225816756779385
2025-09-07,W5,Gayung,RumahTangga,1.0,1.0,7400.0,5400.0,1.7142857142857144,0.04225352112676051,0.2702702702702703,POLA_TIDAK_BIASA,-0.037990668916739634
2025-09-01,W2,Mayones Maestro 100g,Bumbu,4.0,4.0,7100.0,6250.0,2.648204488514249,0.044117647058823595,0.11971830985915492,POLA_TIDAK_BIASA,-0.0378999999759575
2026-01-11,W6,FreshCare 10ml,Obat,2.0,2.0,13000.0,10350.0,2.4214253018854084,0.040000000000000036,0.20384615384615384,POLA_TIDAK_BIASA,-0.03784112360435299
2026-01-08,W2,Gula pasir Rose Brand 1kg,Sembako,2.0,2.0,22500.0,20550.0,1.5971022963297479,0.04651162790697683,0.08666666666666667,POLA_TIDAK_BIASA,-0.03779155190695471
2026-02-03,W2,Buku gambar,ATK,2.0,2.0,7100.0,5050.0,1.0706196407194946,0.044117647058823595,0.2887323943661972,POLA_TIDAK_BIASA,-0.03776931135479045
2025-09-05,W4,Garam Refina 500g,Sembako,4.0,4.0,4700.0,3751.0,2.598909195091087,0.0,0.20191489361702128,POLA_TIDAK_BIASA,-0.03776102721745589
2025-07-07,W6,Mi goreng Sedaap,Mi,1.0,1.0,3600.0,3242.0,0.368552167473854,0.05882352941176472,0.09944444444444445,POLA_TIDAK_BIASA,-0.037712621326936535
2025-12-03,W2,Amplop,ATK,1.0,1.0,1100.0,700.0,0.0,0.0,0.36363636363636365,POLA_TIDAK_BIASA,-0.03756206070343504
2025-09-06,W6,Telur ayam 1kg,Sembako,6.0,6.0,36500.0,29728.0,2.931763649279746,0.0,0.18553424657534245,POLA_TIDAK_BIASA,-0.037537549015528526
2025-05-16,W5,Pengki,RumahTangga,1.0,1.0,12500.0,9164.0,1.6428571428571428,0.04166666666666674,0.26688,POLA_TIDAK_BIASA,-0.037523535531636454
2025-05-05,W1,FreshCare 10ml,Obat,3.0,3.0,12500.0,10019.0,2.5028720323203886,0.04166666666666674,0.19848,POLA_TIDAK_BIASA,-0.0375021026910165
2026-06-01,W3,Pasta gigi Pepsodent 75g,Perawatan,3.0,3.0,7800.0,6450.0,3.076935564410225,0.040000000000000036,0.17307692307692307,POLA_TIDAK_BIASA,-0.037482204069283154
2026-02-09,W1,Amplop,ATK,1.0,1.0,1100.0,750.0,1.0022296571715903,0.0,0.3181818181818182,POLA_TIDAK_BIASA,-0.0374365666067068
2025-06-02,W2,Extra Joss sachet,Sachet,10.0,10.0,2000.0,1558.0,0.8948948613017167,0.05263157894736836,0.221,POLA_TIDAK_BIASA,-0.03742536485897141
2026-05-04,W3,Terasi ABC 20g,Bumbu,2.0,2.0,3700.0,3002.0,0.5849494838167744,0.05714285714285716,0.18864864864864864,POLA_TIDAK_BIASA,-0.03741567690318548
2026-02-10,W5,Paracetamol Sanmol strip,Obat,2.0,2.0,4300.0,3450.0,1.6010473061933743,0.04878048780487809,0.19767441860465115,POLA_TIDAK_BIASA,-0.037394152131621894
2026-03-02,W4,Mi goreng Indomie,Mi,10.0,10.0,3900.0,3450.0,-1.1743831850350583,0.054054054054053946,0.11538461538461539,POLA_TIDAK_BIASA,-0.03739282233023766
2025-10-07,W2,Deodoran Rexona sachet,Perawatan,3.0,3.0,4100.0,3593.0,1.29573685991882,0.05128205128205132,0.12365853658536585,POLA_TIDAK_BIASA,-0.03737209943840125
2026-04-06,W3,Sendok plastik,Plastik,2.0,2.0,5600.0,3850.0,1.2227087189088337,0.03703703703703698,0.3125,POLA_TIDAK_BIASA,-0.03731059624228583
2025-05-17,W4,Minyak telon My Baby 60ml,Bayi,1.0,1.0,10500.0,9032.0,1.9285714285714286,0.050000000000000044,0.1398095238095238,POLA_TIDAK_BIASA,-0.03726613205289686
2026-04-13,W1,Minyak kayu putih Cap Lang 30ml (Bayi),Bayi,1.0,1.0,11000.0,9150.0,1.9285714285714286,0.04761904761904767,0.16818181818181818,POLA_TIDAK_BIASA,-0.037239964661939906
2026-04-06,W1,Body lotion Citra 100ml,Perawatan,1.0,1.0,11000.0,9150.0,1.9285714285714286,0.04761904761904767,0.16818181818181818,POLA_TIDAK_BIASA,-0.037239964661939906
2026-05-07,W4,Pulpen Standard AE7,ATK,2.0,2.0,2700.0,1850.0,0.7045184991956771,0.03846153846153855,0.3148148148148148,POLA_TIDAK_BIASA,-0.03716031871217074
2026-06-01,W2,Spaghetti La Fonte 225g,Mi,13.0,13.0,11000.0,9807.0,1.7706766716914923,0.04761904761904767,0.10845454545454546,POLA_TIDAK_BIASA,-0.037107101354801664
2026-02-25,W6,Amplop,ATK,0.0,0.0,1100.0,700.0,-0.07142857142857142,0.0,0.36363636363636365,POLA_TIDAK_BIASA,-0.037070924995666776
2026-06-15,W6,Plastik kresek kecil,Plastik,1.0,1.0,5300.0,3800.0,1.7142857142857144,0.03921568627450989,0.2830188679245283,POLA_TIDAK_BIASA,-0.03705633940322184
2026-07-13,W6,Lem Alteco,RumahTangga,1.0,1.0,4300.0,3288.0,1.7857142857142858,0.04878048780487809,0.23534883720930233,POLA_TIDAK_BIASA,-0.03700357476892413
2025-07-09,W6,Kacang kulit Garuda 100g,Snack,3.0,3.0,7200.0,5468.0,1.997803895186683,0.04347826086956519,0.24055555555555555,POLA_TIDAK_BIASA,-0.03696140908774226
2025-09-06,W6,Minyakita 1L,Sembako,6.0,6.0,19500.0,17990.0,1.597102296329746,0.0,0.07743589743589743,POLA_TIDAK_BIASA,-0.03684402050955671
2025-06-04,W3,Nugget So Good 250g,Frozen,2.0,2.0,23500.0,19498.0,2.34531512128086,0.04444444444444451,0.17029787234042554,POLA_TIDAK_BIASA,-0.03682361157575231
2026-04-06,W3,Lakban,RumahTangga,1.0,1.0,5600.0,3998.0,1.9285714285714286,0.03703703703703698,0.2860714285714286,POLA_TIDAK_BIASA,-0.0368115903696562
2025-05-06,W3,Milo sachet,Sachet,2.0,2.0,3800.0,2849.0,0.31859654643215474,0.05555555555555558,0.25026315789473685,POLA_TIDAK_BIASA,-0.03679491280642444
2025-04-11,W6,Pensil Faber-Castell,ATK,1.0,1.0,3000.0,2100.0,2.0,0.034482758620689724,0.3,POLA_TIDAK_BIASA,-0.03677843124453106
2026-06-14,W4,Gayung,RumahTangga,1.0,1.0,7600.0,5578.0,1.8571428571428572,0.041095890410958846,0.2660526315789474,POLA_TIDAK_BIASA,-0.03674828941890451
2026-03-03,W3,Sabun cair Lifebuoy 250ml,Perawatan,2.0,2.0,13500.0,10780.0,2.8579830697348045,0.03846153846153855,0.20148148148148148,POLA_TIDAK_BIASA,-0.03674107903914614
2026-03-08,W2,Margarin Blue Band 200g,Sembako,4.0,4.0,10000.0,9138.0,2.464751508773248,0.0,0.0862,POLA_TIDAK_BIASA,-0.036704815614133524
2025-09-04,W3,Deodoran Rexona 45ml,Perawatan,1.0,1.0,19500.0,16070.0,0.9475142485638552,0.054054054054053946,0.1758974358974359,POLA_TIDAK_BIASA,-0.03668015387099299
2025-12-01,W5,Permen karet Big Babol,Snack,3.0,3.0,2200.0,1600.0,0.7685623642254505,0.04761904761904767,0.2727272727272727,POLA_TIDAK_BIASA,-0.036564062648394846
2025-11-17,W6,Penyedap Royco,Bumbu,2.0,2.0,1700.0,1400.0,0.23013798326867688,0.0625,0.17647058823529413,POLA_TIDAK_BIASA,-0.0364450842648939
2026-03-11,W6,Tisu Nice,Tisu,2.0,2.0,7200.0,5950.0,2.4981124950121516,0.04347826086956519,0.1736111111111111,POLA_TIDAK_BIASA,-0.036364377751198496
2025-08-07,W6,Popok Sweety isi 10,Bayi,1.0,1.0,22500.0,20241.0,1.7857142857142858,0.04651162790697683,0.1004,POLA_TIDAK_BIASA,-0.036221846809604163
2026-04-09,W3,Tusuk gigi,Plastik,1.0,1.0,3400.0,2250.0,1.4990557128431456,0.030303030303030276,0.3382352941176471,POLA_TIDAK_BIASA,-0.03611255169590222
2025-09-05,W3,Minyak kayu putih Cap Lang 30ml (Bayi),Bayi,1.0,1.0,11000.0,8900.0,1.6341143382057663,0.04761904761904767,0.19090909090909092,POLA_TIDAK_BIASA,-0.036099836713721634
2026-02-03,W4,Deodoran Rexona sachet,Perawatan,2.0,2.0,4200.0,3540.0,1.4137619732591642,0.050000000000000044,0.15714285714285714,POLA_TIDAK_BIASA,-0.03603859494218764
2026-01-10,W5,Gudang Garam Filter 12 batang,Rokok,0.0,0.0,26500.0,24163.0,-1.6023320006217991,0.0,0.08818867924528302,POLA_TIDAK_BIASA,-0.036012350034826834
2025-10-06,W5,Kopi susu Good Day sachet,Sachet,8.0,8.0,2100.0,1596.0,1.2210284468884791,0.050000000000000044,0.24,POLA_TIDAK_BIASA,-0.03597428179188822
2025-12-01,W3,Korek gas,Rokok,4.0,4.0,2200.0,1948.0,1.759468036621001,0.04761904761904767,0.11454545454545455,POLA_TIDAK_BIASA,-0.03596082033899628
2026-02-26,W6,Amplop,ATK,0.0,0.0,1100.0,700.0,-0.07142857142857142,0.0,0.36363636363636365,POLA_TIDAK_BIASA,-0.035926233113222406
2025-12-21,W6,Pengki,RumahTangga,1.0,1.0,13000.0,9623.0,1.9285714285714286,0.040000000000000036,0.25976923076923075,POLA_TIDAK_BIASA,-0.03591580339450817
2025-11-03,W1,Mi kuah Sedaap,Mi,2.0,2.0,3700.0,3168.0,0.45785077175051964,0.05714285714285716,0.1437837837837838,POLA_TIDAK_BIASA,-0.03589162617867214
2026-02-02,W4,Kacang kulit Garuda 100g,Snack,10.0,10.0,7600.0,5700.0,1.9706503392900478,0.041095890410958846,0.25,POLA_TIDAK_BIASA,-0.03581784320510206
2026-01-07,W1,Sampoerna Mild 16 batang,Rokok,0.0,0.0,38500.0,36025.0,-1.2584312473721386,0.0,0.06428571428571428,POLA_TIDAK_BIASA,-0.035661930450649026
2025-06-09,W1,Es krim cup Wall's,Frozen,4.0,4.0,5200.0,4312.0,2.955181294720709,0.040000000000000036,0.17076923076923076,POLA_TIDAK_BIASA,-0.035656461240217485
2025-10-06,W5,Pengki,RumahTangga,1.0,1.0,13000.0,9543.0,1.6428571428571428,0.040000000000000036,0.26592307692307693,POLA_TIDAK_BIASA,-0.03561918881334103
2026-02-27,W6,Amplop,ATK,0.0,0.0,1100.0,700.0,-0.07142857142857142,0.0,0.36363636363636365,POLA_TIDAK_BIASA,-0.035599510073679674
2026-06-20,W6,Pensil Faber-Castell,ATK,1.0,1.0,3200.0,2200.0,1.9285714285714286,0.032258064516129004,0.3125,POLA_TIDAK_BIASA,-0.03559809835374739
2025-09-14,W6,Minyakita 1L,Sembako,9.0,9.0,19500.0,18038.0,2.741029437200905,0.0,0.07497435897435897,POLA_TIDAK_BIASA,-0.0355949920856129
2026-01-12,W2,Korek gas,Rokok,0.0,0.0,2300.0,2223.0,-1.2667347377704095,0.0,0.033478260869565214,POLA_TIDAK_BIASA,-0.03549488363028008
2025-11-08,W1,Plastik klip,Plastik,1.0,1.0,5200.0,3699.0,1.2472827609304502,0.040000000000000036,0.28865384615384615,POLA_TIDAK_BIASA,-0.035493863583896834
2025-06-03,W3,Pulpen Standard AE7,ATK,1.0,1.0,2700.0,1793.0,1.133893419027682,0.03846153846153855,0.3359259259259259,POLA_TIDAK_BIASA,-0.03547220772967408
2026-04-07,W4,Antangin sachet,Obat,1.0,1.0,3900.0,3150.0,0.5527352584305667,0.054054054054053946,0.19230769230769232,POLA_TIDAK_BIASA,-0.03541623443823927
2025-09-08,W6,Minyak goreng Sania 1L,Sembako,7.0,7.0,23000.0,20542.0,2.1658992800035044,0.0,0.1068695652173913,POLA_TIDAK_BIASA,-0.0354145482228021
2025-09-02,W1,Oralit sachet,Obat,3.0,3.0,2100.0,1700.0,1.7391315155137812,0.050000000000000044,0.19047619047619047,POLA_TIDAK_BIASA,-0.035308239114187345
2026-01-09,W2,Korek gas,Rokok,5.0,5.0,2300.0,2223.0,0.9362816758985398,0.0,0.033478260869565214,POLA_TIDAK_BIASA,-0.03523462582678494
2025-11-06,W3,Minyak kayu putih Cap Lang 30ml (Bayi),Bayi,1.0,1.0,11000.0,8945.0,1.5,0.04761904761904767,0.18681818181818183,POLA_TIDAK_BIASA,-0.0351051854166714
2026-06-14,W2,Plastik kresek kecil,Plastik,1.0,1.0,5200.0,3851.0,1.9285714285714286,0.040000000000000036,0.2594230769230769,POLA_TIDAK_BIASA,-0.034977067928355754
2025-06-02,W5,Karbol 500ml,Deterjen,3.0,3.0,7400.0,6016.0,2.23965511761779,0.04225352112676051,0.18702702702702703,POLA_TIDAK_BIASA,-0.034945709493507504
2025-04-07,W5,Permen karet Big Babol,Snack,3.0,3.0,2100.0,1541.0,0.4051283109509195,0.050000000000000044,0.2661904761904762,POLA_TIDAK_BIASA,-0.034890553447883055
2026-06-03,W6,Gayung,RumahTangga,1.0,1.0,7500.0,5586.0,1.9285714285714286,0.04166666666666674,0.2552,POLA_TIDAK_BIASA,-0.03486547793535921
2026-07-08,W4,Plastik kresek kecil,Plastik,1.0,1.0,5600.0,3907.0,1.3830269216621036,0.03703703703703698,0.3023214285714286,POLA_TIDAK_BIASA,-0.03476892063358972
2025-09-03,W3,Tepung terigu Kompas 1kg,Sembako,3.0,3.0,15000.0,11537.0,2.586229016880082,0.0,0.23086666666666666,POLA_TIDAK_BIASA,-0.0346970446727618
2026-07-07,W1,Milo sachet,Sachet,4.0,4.0,3900.0,3001.0,0.39167472590032026,0.054054054054053946,0.23051282051282052,POLA_TIDAK_BIASA,-0.03458595894383987
2026-07-07,W1,Stabilo,ATK,1.0,1.0,8600.0,5913.0,1.2813632942658748,0.03614457831325302,0.3124418604651163,POLA_TIDAK_BIASA,-0.034580688596165254
2026-04-07,W6,Kentang frozen 500g,Frozen,2.0,2.0,21500.0,18167.0,1.6253856986192312,0.04878048780487809,0.1550232558139535,POLA_TIDAK_BIASA,-0.03455372324374062
2025-04-08,W3,Astor,Snack,2.0,2.0,2700.0,1946.0,1.707912259372327,0.03846153846153855,0.27925925925925926,POLA_TIDAK_BIASA,-0.0345438105184952
2026-07-10,W2,Pulpen Pilot,ATK,1.0,1.0,4300.0,3100.0,0.5423917974909582,0.04878048780487809,0.27906976744186046,POLA_TIDAK_BIASA,-0.03447686109159509
2026-04-10,W5,Shampoo H&S sachet,Perawatan,2.0,2.0,2200.0,1845.0,1.7079122593723257,0.04761904761904767,0.16136363636363638,POLA_TIDAK_BIASA,-0.034452260234877796
2025-11-04,W5,Minyak kayu putih Cap Lang 30ml (Bayi),Bayi,1.0,1.0,11000.0,9317.0,1.8571428571428572,0.04761904761904767,0.153,POLA_TIDAK_BIASA,-0.03439109943271401
2026-01-12,W4,Gelas plastik,Plastik,1.0,1.0,8600.0,6053.0,1.7857142857142858,0.03614457831325302,0.2961627906976744,POLA_TIDAK_BIASA,-0.03435834396041826
2025-09-05,W1,Minyak goreng Sania 1L,Sembako,4.0,4.0,24500.0,19875.0,2.5104752912238153,0.0,0.18877551020408162,POLA_TIDAK_BIASA,-0.03432787857376962
2025-09-18,W2,Sendok plastik,Plastik,1.0,1.0,5000.0,3694.0,1.8571428571428572,0.04166666666666674,0.2612,POLA_TIDAK_BIASA,-0.03432595557696039
2026-06-01,W6,Permen karet Big Babol,Snack,2.0,2.0,2200.0,1602.0,0.520725664332623,0.04761904761904767,0.2718181818181818,POLA_TIDAK_BIASA,-0.03429650254092542
2026-02-25,W3,Beras premium 10kg,Sembako,1.0,1.0,183000.0,132750.0,2.0,0.03682719546742219,0.27459016393442626,POLA_TIDAK_BIASA,-0.03426824377499671
2025-11-03,W4,Makaroni 200g,Mi,6.0,6.0,7400.0,6550.0,-0.916211178564025,0.05714285714285716,0.11486486486486487,POLA_TIDAK_BIASA,-0.034215734110759954
2026-01-06,W1,Biskuit bayi Promina 100g,Bayi,1.0,1.0,11000.0,9360.0,1.6428571428571428,0.04761904761904767,0.14909090909090908,POLA_TIDAK_BIASA,-0.03419893932688678
2025-09-06,W4,Garam Refina 500g,Sembako,4.0,4.0,4700.0,3751.0,2.4596747752497685,0.0,0.20191489361702128,POLA_TIDAK_BIASA,-0.034190266072182895
2025-09-06,W6,Santan Kara 65ml,Sembako,8.0,8.0,4600.0,4222.0,1.8479746151995027,0.0,0.08217391304347826,POLA_TIDAK_BIASA,-0.03414860267523212
2026-07-07,W6,Pembalut Charm,Tisu,1.0,1.0,11000.0,9200.0,1.6341143382057677,0.04761904761904767,0.16363636363636364,POLA_TIDAK_BIASA,-0.03410715019836408
2026-01-10,W2,Marlboro 16 batang,Rokok,0.0,0.0,45500.0,43252.0,-1.2741562309845613,0.0,0.0494065934065934,POLA_TIDAK_BIASA,-0.03409934061698239
2025-04-07,W5,Daia sachet,Deterjen,2.0,2.0,2100.0,1744.0,1.2691961213243628,0.050000000000000044,0.16952380952380952,POLA_TIDAK_BIASA,-0.03409741217786244
2025-07-12,W6,Kuaci Rebo 100g,Snack,2.0,2.0,7200.0,5341.0,1.7079122593723262,0.04347826086956519,0.25819444444444445,POLA_TIDAK_BIASA,-0.034032722268459326
2025-06-02,W3,Parfum Gatsby 100ml,Perawatan,2.0,2.0,27000.0,21400.0,2.27721634582977,0.03846153846153855,0.2074074074074074,POLA_TIDAK_BIASA,-0.03400790964258649
2025-11-18,W6,Terasi ABC 20g,Bumbu,1.0,1.0,3300.0,2699.0,-0.4492518698068123,0.06451612903225801,0.18212121212121213,POLA_TIDAK_BIASA,-0.03395144598096678
2026-04-06,W6,Keripik kentang Chitato 68g,Snack,3.0,3.0,13000.0,9595.0,1.635133365654864,0.040000000000000036,0.2619230769230769,POLA_TIDAK_BIASA,-0.033842509704666734
2026-07-09,W5,Beras medium SPHP 5kg,Sembako,2.0,2.0,92000.0,79342.0,2.9607217052389467,0.039548022598870025,0.13758695652173913,POLA_TIDAK_BIASA,-0.033821051431925264
2025-09-01,W3,Nutrisari sachet,Sachet,2.0,2.0,2200.0,1550.0,0.24227185592617445,0.04761904761904767,0.29545454545454547,POLA_TIDAK_BIASA,-0.03372191263670066
2025-05-05,W4,Keripik kentang Chitato 68g,Snack,5.0,5.0,12500.0,9400.0,-1.5844589353701288,0.04166666666666674,0.248,POLA_TIDAK_BIASA,-0.03371405273012407
2025-07-15,W2,Pulpen Pilot,ATK,1.0,1.0,4100.0,2950.0,0.3480537622159511,0.05128205128205132,0.2804878048780488,POLA_TIDAK_BIASA,-0.03362357250672243
2025-05-05,W2,Gula pasir Rose Brand 1kg,Sembako,1.0,1.0,19000.0,17283.0,0.2245443565695359,0.05555555555555558,0.09036842105263158,POLA_TIDAK_BIASA,-0.033587583882184524
2025-09-05,W6,Santan Kara 65ml,Sembako,7.0,7.0,4600.0,4222.0,1.5774565455095508,0.0,0.08217391304347826,POLA_TIDAK_BIASA,-0.03358313614896724
2026-01-11,W6,LA Ice 16 batang,Rokok,2.0,2.0,35000.0,33579.0,1.161895003862226,0.0,0.0406,POLA_TIDAK_BIASA,-0.03357602327828424
2026-07-11,W6,Minyak telon My Baby 60ml,Bayi,1.0,1.0,11000.0,9690.0,1.7142857142857144,0.04761904761904767,0.1190909090909091,POLA_TIDAK_BIASA,-0.03357215122643231
2025-08-05,W2,Pasta gigi Close Up 65g,Perawatan,2.0,2.0,7100.0,6100.0,2.498112495012153,0.044117647058823595,0.14084507042253522,POLA_TIDAK_BIASA,-0.03356984124746454
2025-08-17,W6,Gayung,RumahTangga,1.0,1.0,7200.0,5357.0,1.7857142857142858,0.04347826086956519,0.2559722222222222,POLA_TIDAK_BIASA,-0.033457790205168814
2026-06-03,W4,Kopi ABC sachet,Sachet,1.0,1.0,2200.0,1700.0,-1.4548250889886423,0.04761904761904767,0.22727272727272727,POLA_TIDAK_BIASA,-0.033330552736585806
2025-05-05,W1,Cokelat SilverQueen,Snack,1.0,1.0,12500.0,9142.0,-1.5601285920127823,0.04166666666666674,0.26864,POLA_TIDAK_BIASA,-0.033327208320027
2025-04-08,W6,Sabun cair Lifebuoy 250ml,Perawatan,2.0,2.0,12500.0,10342.0,2.40535117721182,0.04166666666666674,0.17264,POLA_TIDAK_BIASA,-0.03327378851629492
2026-03-12,W1,Karbol 500ml,Deterjen,3.0,3.0,7600.0,6373.0,2.8447156622587286,0.041095890410958846,0.16144736842105264,POLA_TIDAK_BIASA,-0.0332592618925871
2025-03-04,W3,Kabel USB,RumahTangga,1.0,1.0,16000.0,11100.0,1.9285714285714286,0.032258064516129004,0.30625,POLA_TIDAK_BIASA,-0.03323784468385016
2026-06-01,W4,Frestea 350ml,Minuman,10.0,14.0,4400.0,3470.0,1.383403401292333,0.04761904761904767,0.21136363636363636,POLA_TIDAK_BIASA,-0.03318943028415067
2026-01-05,W3,Good Day 250ml,Minuman,3.0,3.0,5600.0,4206.0,2.1617300763686784,0.03703703703703698,0.24892857142857142,POLA_TIDAK_BIASA,-0.033029200841458106
2026-03-03,W6,Plastik es,Plastik,1.0,1.0,5300.0,3805.0,1.4990557128431485,0.03921568627450989,0.2820754716981132,POLA_TIDAK_BIASA,-0.033025574083721865
2025-06-02,W6,Pengki,RumahTangga,1.0,1.0,12500.0,9262.0,1.6428571428571428,0.04166666666666674,0.25904,POLA_TIDAK_BIASA,-0.03302083453290505
2026-05-05,W3,Baterai AA ABC 2pcs,RumahTangga,1.0,1.0,8800.0,6237.0,1.9285714285714286,0.03529411764705892,0.29125,POLA_TIDAK_BIASA,-0.03297175182284873
2025-11-17,W6,Penyedap Masako,Bumbu,1.0,1.0,1700.0,1399.0,0.06198205993774604,0.0625,0.17705882352941177,POLA_TIDAK_BIASA,-0.032897358748725236
2026-04-06,W6,Attack sachet,Deterjen,4.0,4.0,2600.0,2246.0,2.6658572924353154,0.040000000000000036,0.13615384615384615,POLA_TIDAK_BIASA,-0.03288870424203261
2026-04-07,W4,Lap dapur,Plastik,1.0,1.0,7600.0,5494.0,1.4504813352456842,0.041095890410958846,0.27710526315789474,POLA_TIDAK_BIASA,-0.03285821159601754
2025-06-04,W3,Cokelat SilverQueen,Snack,1.0,1.0,13000.0,8991.0,0.48761570958576966,0.040000000000000036,0.30838461538461537,POLA_TIDAK_BIASA,-0.0328210560146025
2025-05-06,W1,Minyak goreng Sania 1L,Sembako,2.0,2.0,21500.0,19190.0,1.2344267996967353,0.04878048780487809,0.10744186046511628,POLA_TIDAK_BIASA,-0.03277737896601962
2025-09-13,W6,Garam Refina 500g,Sembako,8.0,8.0,4700.0,4253.0,2.5244149435965184,0.0,0.09510638297872341,POLA_TIDAK_BIASA,-0.03276551213974843
2025-09-08,W4,Charger,RumahTangga,1.0,1.0,32000.0,22400.0,2.0,0.032258064516129004,0.3,POLA_TIDAK_BIASA,-0.03273391255703084
2025-05-07,W3,Bohlam LED Philips 5W,RumahTangga,1.0,1.0,16000.0,11200.0,2.0,0.032258064516129004,0.3,POLA_TIDAK_BIASA,-0.03273391255703084
2026-05-06,W3,Penyedap Royco,Bumbu,2.0,2.0,1800.0,1500.0,0.26486319515105267,0.05882352941176472,0.16666666666666666,POLA_TIDAK_BIASA,-0.03269302481050662
2026-02-02,W4,Chocolatos sachet,Sachet,11.0,11.0,2200.0,1699.0,1.4627083742511455,0.04761904761904767,0.22772727272727272,POLA_TIDAK_BIASA,-0.03267785961350422
2025-09-01,W2,Shampoo H&S sachet,Perawatan,1.0,1.0,2000.0,1700.0,0.9475142485638568,0.05263157894736836,0.15,POLA_TIDAK_BIASA,-0.03264090633280625
2026-06-04,W3,Pomade Gatsby 80g,Perawatan,1.0,1.0,22500.0,18430.0,1.6428571428571428,0.04651162790697683,0.18088888888888888,POLA_TIDAK_BIASA,-0.0326014732421982
2026-04-10,W1,Gayung,RumahTangga,1.0,1.0,7600.0,5632.0,1.5714285714285714,0.041095890410958846,0.25894736842105265,POLA_TIDAK_BIASA,-0.03253277031743551
2025-09-02,W4,Mi goreng Sedaap,Mi,7.0,7.0,3700.0,3250.0,0.4125143236626953,0.05714285714285716,0.12162162162162163,POLA_TIDAK_BIASA,-0.03243926764916305
2025-05-10,W1,Lakban,RumahTangga,1.0,1.0,5200.0,3847.0,1.8571428571428572,0.040000000000000036,0.26019230769230767,POLA_TIDAK_BIASA,-0.03242999505961219
2025-09-03,W6,Santan Kara 65ml,Sembako,0.0,0.0,4600.0,4222.0,-1.4129230646279984,0.0,0.08217391304347826,POLA_TIDAK_BIASA,-0.03225663676273949
2025-11-19,W3,Terasi ABC 20g,Bumbu,1.0,1.0,3500.0,2700.0,-0.286750612242175,0.06060606060606055,0.22857142857142856,POLA_TIDAK_BIASA,-0.03223635220559251
2025-09-06,W5,Minyak goreng Bimoli 1L,Sembako,4.0,4.0,26500.0,20864.0,2.364331218717301,0.0,0.21267924528301888,POLA_TIDAK_BIASA,-0.032172630566844385
2025-04-10,W4,Tepung terigu Kompas 1kg,Sembako,4.0,4.0,13000.0,11350.0,2.422936224107363,0.040000000000000036,0.12692307692307692,POLA_TIDAK_BIASA,-0.03213449234573951
2025-05-26,W5,Map,ATK,3.0,3.0,2700.0,1800.0,5.928571428571429,0.0,0.3333333333333333,POLA_TIDAK_BIASA,-0.032110324733882756
2026-05-19,W6,Lakban,RumahTangga,1.0,1.0,5300.0,3937.0,1.9285714285714286,0.03921568627450989,0.2571698113207547,POLA_TIDAK_BIASA,-0.03200634616860687
2025-08-04,W2,Korek gas,Rokok,3.0,3.0,2050.0,1950.0,0.05291920765721941,0.05128205128205132,0.04878048780487805,POLA_TIDAK_BIASA,-0.03195109662304885
2025-11-29,W5,Kecap manis ABC 135ml,Bumbu,3.0,3.0,6900.0,5392.0,2.6720616296388644,0.0,0.21855072463768116,POLA_TIDAK_BIASA,-0.0319217923688182
2026-02-02,W6,Chocolatos sachet,Sachet,2.0,2.0,2100.0,1600.0,0.8605187056135803,0.050000000000000044,0.23809523809523808,POLA_TIDAK_BIASA,-0.03191039049508604
2026-02-02,W6,Dancow sachet,Sachet,1.0,1.0,3600.0,2891.0,0.07979509446659507,0.05882352941176472,0.19694444444444445,POLA_TIDAK_BIASA,-0.03187394949305733
2026-01-06,W2,Kapas Selection,Tisu,2.0,2.0,5200.0,4442.0,2.8579830697348028,0.040000000000000036,0.14576923076923076,POLA_TIDAK_BIASA,-0.03185908706492924
2025-06-02,W1,Basreng 100g,Snack,8.0,8.0,7300.0,5444.0,1.798733935783092,0.04285714285714293,0.25424657534246575,POLA_TIDAK_BIASA,-0.031831208495818
2025-09-01,W6,Nutrisari sachet,Sachet,4.0,4.0,2100.0,1598.0,0.8190802738004407,0.050000000000000044,0.23904761904761904,POLA_TIDAK_BIASA,-0.031783797275256265
2026-01-07,W2,Gudang Garam Filter 12 batang,Rokok,0.0,0.0,26000.0,24912.0,-1.1930083280795318,0.0,0.041846153846153845,POLA_TIDAK_BIASA,-0.03174993359089684
2026-03-13,W2,Sendok plastik,Plastik,1.0,1.0,5200.0,3850.0,1.7142857142857144,0.040000000000000036,0.25961538461538464,POLA_TIDAK_BIASA,-0.03173705861241627
2025-07-07,W3,Kopi Torabika sachet,Sachet,3.0,3.0,2200.0,1590.0,0.4337664234406916,0.04761904761904767,0.2772727272727273,POLA_TIDAK_BIASA,-0.03161113473724764
2026-02-02,W2,Keripik kentang Chitato 68g,Snack,6.0,7.0,12500.0,9350.0,1.6415408466454542,0.04166666666666674,0.252,POLA_TIDAK_BIASA,-0.03157166495474606
2025-05-06,W6,Keripik kentang Chitato 68g,Snack,3.0,3.0,12500.0,9272.0,1.7445193818070766,0.04166666666666674,0.25824,POLA_TIDAK_BIASA,-0.031513433524769874
2025-08-05,W2,Antangin sachet,Obat,1.0,1.0,3600.0,2913.0,0.12614398723786233,0.05882352941176472,0.19083333333333333,POLA_TIDAK_BIASA,-0.031440645695560265
2025-09-14,W3,Minyak goreng Fortune 1L,Sembako,6.0,6.0,24000.0,21221.0,3.7049818833973407,0.0,0.11579166666666667,POLA_TIDAK_BIASA,-0.03135613814819216
2025-05-06,W3,Pembalut Charm,Tisu,1.0,1.0,11000.0,8491.0,1.3363062095621219,0.04761904761904767,0.2280909090909091,POLA_TIDAK_BIASA,-0.03135328695919626
2026-02-09,W1,Minyak kayu putih Cap Lang 30ml (Obat),Obat,1.0,1.0,10500.0,8300.0,0.8359173188630296,0.050000000000000044,0.20952380952380953,POLA_TIDAK_BIASA,-0.03130329707273993
2025-08-04,W6,Kopi Good Day sachet,Sachet,4.0,4.0,2100.0,1600.0,0.6708203932499376,0.050000000000000044,0.23809523809523808,POLA_TIDAK_BIASA,-0.031239952780285574
2026-04-06,W3,Parfum Gatsby 100ml,Perawatan,3.0,3.0,28000.0,22712.0,3.025617020297,0.03703703703703698,0.18885714285714286,POLA_TIDAK_BIASA,-0.03104149206510498
2025-06-02,W5,Lakban,RumahTangga,1.0,1.0,5300.0,3842.0,1.5,0.03921568627450989,0.2750943396226415,POLA_TIDAK_BIASA,-0.030994618620933
2025-05-08,W3,Sabun cair Lifebuoy 250ml,Perawatan,3.0,3.0,13000.0,10400.0,2.0786048221450177,0.040000000000000036,0.2,POLA_TIDAK_BIASA,-0.030992669037856135
2026-05-05,W5,Lakban,RumahTangga,1.0,1.0,5500.0,3994.0,1.7857142857142858,0.037735849056603765,0.2738181818181818,POLA_TIDAK_BIASA,-0.030972147754579682
2026-03-07,W5,Rautan Joyko,ATK,1.0,1.0,3300.0,2244.0,1.8571428571428572,0.03125,0.32,POLA_TIDAK_BIASA,-0.03096826979664269
2025-07-09,W2,Spidol Snowman,ATK,2.0,2.0,5000.0,3600.0,1.1683860879093722,0.04166666666666674,0.28,POLA_TIDAK_BIASA,-0.030927270434079834
2026-02-28,W6,Amplop,ATK,0.0,0.0,1100.0,700.0,-0.07142857142857142,0.0,0.36363636363636365,POLA_TIDAK_BIASA,-0.030926151597425844
2025-10-07,W1,Le Minerale 600ml,Minuman,8.0,8.0,4200.0,3301.0,0.6815654381608748,0.050000000000000044,0.21404761904761904,POLA_TIDAK_BIASA,-0.03092425241359653
2026-04-06,W4,Shampoo Sunsilk sachet,Perawatan,1.0,1.0,1700.0,1408.0,-0.35080677271610183,0.0625,0.17176470588235293,POLA_TIDAK_BIASA,-0.030837276865762986
2025-04-07,W1,Kopi Torabika sachet,Sachet,9.0,9.0,2100.0,1600.0,0.6250075092664351,0.050000000000000044,0.23809523809523808,POLA_TIDAK_BIASA,-0.03082038744344251
2026-01-14,W2,Gudang Garam 16 batang,Rokok,3.0,3.0,32500.0,28922.0,2.3055832853562825,0.0,0.1100923076923077,POLA_TIDAK_BIASA,-0.030769038787743286
2025-05-05,W6,Cokelat SilverQueen,Snack,2.0,2.0,12500.0,9314.0,1.7881186820378092,0.04166666666666674,0.25488,POLA_TIDAK_BIASA,-0.030735519425473812
2025-09-03,W1,Tepung beras Rose Brand 500g,Sembako,3.0,3.0,10000.0,8055.0,2.2448177473407473,0.0,0.1945,POLA_TIDAK_BIASA,-0.030728660518588802
2026-05-07,W6,Mi kari ayam Indomie,Mi,1.0,1.0,3800.0,3425.0,0.25738810551251945,0.05555555555555558,0.09868421052631579,POLA_TIDAK_BIASA,-0.030715473842321206
2025-08-10,W2,Plastik kresek kecil,Plastik,1.0,1.0,5000.0,3735.0,1.7142857142857144,0.04166666666666674,0.253,POLA_TIDAK_BIASA,-0.030682925495946978
2026-06-01,W3,Oatmeal Quaker 35g,Mi,1.0,1.0,4000.0,3391.0,0.6758453353343749,0.05263157894736836,0.15225,POLA_TIDAK_BIASA,-0.030489416254833035
2025-12-02,W4,Super Pell 450ml,Deterjen,2.0,2.0,8300.0,6900.0,2.9898476866203736,0.03750000000000009,0.1686746987951807,POLA_TIDAK_BIASA,-0.03040028599402156
2026-06-01,W2,Permen karet Big Babol,Snack,11.0,11.0,2100.0,1600.0,0.5815343522030942,0.050000000000000044,0.23809523809523808,POLA_TIDAK_BIASA,-0.030366969360303253
2025-08-15,W5,Shampoo Pantene sachet,Perawatan,6.0,6.0,1600.0,1350.0,5.539379108549157,0.0,0.15625,LONJAKAN_PENJUALAN,-0.03032790145737252
2026-02-02,W1,Mi jumbo Indomie,Mi,3.0,3.0,4900.0,4208.0,2.610903416045678,0.042553191489361764,0.14122448979591837,POLA_TIDAK_BIASA,-0.030302774318872405
2025-09-16,W4,Beras premium 5kg,Sembako,2.0,2.0,88000.0,70579.0,3.642857142857143,0.0,0.19796590909090908,POLA_TIDAK_BIASA,-0.030260554584676247
2025-10-07,W6,Salonpas 10 pcs,Obat,2.0,2.0,15000.0,12723.0,3.7857142857142856,0.034482758620689724,0.1518,POLA_TIDAK_BIASA,-0.030210093904803226
2026-03-04,W4,Rinso 800g,Deterjen,1.0,1.0,20000.0,16743.0,0.6392148634430284,0.05263157894736836,0.16285,POLA_TIDAK_BIASA,-0.030146962664918786
2025-12-14,W3,Kabel USB,RumahTangga,1.0,1.0,17000.0,11931.0,2.0,0.030303030303030276,0.2981764705882353,POLA_TIDAK_BIASA,-0.030130761268240436
2025-07-10,W2,Garam Dolphin 500g,Sembako,1.0,1.0,3600.0,3307.0,-0.03138423308117767,0.05882352941176472,0.08138888888888889,POLA_TIDAK_BIASA,-0.03007080559843134
2025-08-04,W6,Sabun batang Nuvo,Perawatan,1.0,1.0,3600.0,3100.0,0.2993620407453035,0.05882352941176472,0.1388888888888889,POLA_TIDAK_BIASA,-0.03006442715060831
2025-03-03,W1,Permen karet Big Babol,Snack,2.0,2.0,2100.0,1506.0,-0.6133023867792944,0.050000000000000044,0.28285714285714286,POLA_TIDAK_BIASA,-0.03006123077139966
2025-04-29,W3,Bohlam LED Hannochs 9W,RumahTangga,1.0,1.0,16000.0,11208.0,1.9285714285714286,0.032258064516129004,0.2995,POLA_TIDAK_BIASA,-0.029976519231236676
2026-02-04,W6,Minyak goreng Sania 1L,Sembako,4.0,4.0,24000.0,21728.0,1.6341143382057692,0.04347826086956519,0.09466666666666666,POLA_TIDAK_BIASA,-0.029927942759354287
2026-05-05,W4,Saus tomat ABC 135ml,Bumbu,4.0,4.0,8300.0,7100.0,2.9607683239866955,0.03750000000000009,0.14457831325301204,POLA_TIDAK_BIASA,-0.029903064614007824
2025-05-05,W6,Cotton bud Selection,Tisu,3.0,3.0,5100.0,4192.0,2.537393011012839,0.04081632653061229,0.1780392156862745,POLA_TIDAK_BIASA,-0.029868605784651336
2026-05-03,W6,Pensil Faber-Castell,ATK,1.0,1.0,3100.0,2200.0,2.0,0.03333333333333344,0.2903225806451613,POLA_TIDAK_BIASA,-0.029850009390532728
2025-06-03,W1,Gula pasir Gulaku 1kg,Sembako,1.0,1.0,20000.0,17975.0,0.3918528813454666,0.05263157894736836,0.10125,POLA_TIDAK_BIASA,-0.029826457938029738
2026-07-06,W6,Kopi ABC sachet,Sachet,2.0,2.0,2200.0,1650.0,0.6334991887370254,0.04761904761904767,0.25,POLA_TIDAK_BIASA,-0.029772952252860696
2025-09-08,W1,Pembalut Laurier,Tisu,5.0,5.0,10500.0,8274.0,9.714285714285714,0.0,0.212,LONJAKAN_PENJUALAN,-0.0297521997739868
2025-09-03,W3,Oatmeal Quaker 35g,Mi,1.0,1.0,3800.0,3265.0,0.3952166664313755,0.05555555555555558,0.14078947368421052,POLA_TIDAK_BIASA,-0.029699748682572857
2025-11-04,W3,Baterai AAA ABC 2pcs,RumahTangga,1.0,1.0,8500.0,6135.0,1.9285714285714286,0.03658536585365857,0.2782352941176471,POLA_TIDAK_BIASA,-0.029607614937530502
2025-08-04,W2,Permen karet Big Babol,Snack,2.0,2.0,2000.0,1550.0,-0.9129078053317439,0.05263157894736836,0.225,POLA_TIDAK_BIASA,-0.029593493209226662
2025-12-01,W4,Korek kayu,Rokok,1.0,1.0,2100.0,1980.0,0.2417468892076141,0.050000000000000044,0.05714285714285714,POLA_TIDAK_BIASA,-0.02953254999038213
2026-03-08,W2,Garam Dolphin 500g,Sembako,2.0,2.0,4400.0,4093.0,1.7471872934109425,0.0,0.06977272727272728,POLA_TIDAK_BIASA,-0.029517430965524172
2025-09-06,W4,Tepung terigu Kompas 1kg,Sembako,4.0,4.0,15000.0,12032.0,2.741653107623628,0.0,0.19786666666666666,POLA_TIDAK_BIASA,-0.029426813232643845
2026-06-01,W5,Santan Kara 65ml,Sembako,7.0,7.0,5500.0,4708.0,2.850354160414806,0.037735849056603765,0.144,POLA_TIDAK_BIASA,-0.029397776479076376
2025-04-07,W1,Kopi susu Good Day sachet,Sachet,1.0,1.0,2100.0,1550.0,-0.820810745875223,0.050000000000000044,0.2619047619047619,POLA_TIDAK_BIASA,-0.029371323629667545
2025-07-08,W1,Minyak goreng Bimoli 1L,Sembako,2.0,2.0,23000.0,20577.0,1.4890409491127727,0.045454545454545414,0.10534782608695652,POLA_TIDAK_BIASA,-0.029365146066014924
2025-09-01,W5,Extra Joss sachet,Sachet,2.0,2.0,2100.0,1600.0,-1.1461857473440147,0.050000000000000044,0.23809523809523808,POLA_TIDAK_BIASA,-0.02936013914444313
2025-06-09,W3,Balsem Geliga 20g,Obat,2.0,2.0,8500.0,6611.0,2.8347335475692046,0.03658536585365857,0.22223529411764706,POLA_TIDAK_BIASA,-0.029359749238890287
2026-05-09,W2,Teh Sariwangi 1 kantong,Sachet,5.0,5.0,600.0,450.0,-1.216521603601875,0.0,0.25,POLA_TIDAK_BIASA,-0.029341303561607246
2026-02-02,W4,Khong Guan 200g,Snack,8.0,8.0,9600.0,7080.0,2.8585053142471146,0.032258064516129004,0.2625,POLA_TIDAK_BIASA,-0.029340773588759528
2026-03-02,W2,Es krim cone Wall's,Frozen,4.0,4.0,5200.0,4550.0,2.2074784821775792,0.040000000000000036,0.125,POLA_TIDAK_BIASA,-0.029261354651769045
2025-09-05,W1,Oatmeal Quaker 35g,Mi,6.0,6.0,3700.0,3230.0,4.877060004317588,0.0,0.12702702702702703,LONJAKAN_PENJUALAN,-0.029251435330492237
2025-06-02,W4,Soklin sachet,Deterjen,2.0,2.0,2100.0,1743.0,0.976910877429109,0.050000000000000044,0.17,POLA_TIDAK_BIASA,-0.02923256300282706
2025-10-28,W6,Baterai AAA ABC 2pcs,RumahTangga,1.0,1.0,8100.0,6155.0,2.0,0.03846153846153855,0.24012345679012345,POLA_TIDAK_BIASA,-0.02919473990330912
2025-11-21,W3,Lap dapur,Plastik,4.0,4.0,7500.0,5250.0,7.642857142857143,0.0,0.3,POLA_TIDAK_BIASA,-0.029083636993492368
2025-09-02,W6,Garam Refina 500g,Sembako,0.0,0.0,4700.0,4269.0,-1.2879972960101473,0.0,0.09170212765957447,POLA_TIDAK_BIASA,-0.029026769988008017
2026-01-09,W4,Sampoerna Mild 16 batang,Rokok,2.0,2.0,38500.0,35252.0,0.9706713322915261,0.0,0.08436363636363636,POLA_TIDAK_BIASA,-0.02901651106357539
2026-03-03,W5,Body lotion Citra 100ml,Perawatan,1.0,1.0,11000.0,9145.0,1.247282760930449,0.04761904761904767,0.16863636363636364,POLA_TIDAK_BIASA,-0.029013473347882845
2026-04-06,W2,Kopi susu Torabika sachet,Sachet,6.0,6.0,2100.0,1650.0,0.497984399476893,0.050000000000000044,0.21428571428571427,POLA_TIDAK_BIASA,-0.02898954440301249
2026-01-06,W1,LA Bold 16 batang,Rokok,0.0,0.0,35000.0,32631.0,-1.108846646658171,0.0,0.06768571428571428,POLA_TIDAK_BIASA,-0.028981201525850264
2025-05-07,W6,Downy sachet,Deterjen,2.0,2.0,2100.0,1749.0,0.8727016157883862,0.050000000000000044,0.16714285714285715,POLA_TIDAK_BIASA,-0.02894062099317829
2025-08-22,W2,Baterai AAA ABC 2pcs,RumahTangga,1.0,1.0,8100.0,6125.0,1.9285714285714286,0.03846153846153855,0.24382716049382716,POLA_TIDAK_BIASA,-0.02888870943488464
2026-04-06,W3,Penyedap Masako,Bumbu,2.0,2.0,1800.0,1500.0,0.07523484848877615,0.05882352941176472,0.16666666666666666,POLA_TIDAK_BIASA,-0.028882141849585152
2026-05-04,W5,Dancow sachet,Sachet,3.0,3.0,4000.0,3000.0,-0.7358062705393701,0.05263157894736836,0.25,POLA_TIDAK_BIASA,-0.02881352499872325
2026-01-10,W2,Korek gas,Rokok,1.0,1.0,2300.0,2223.0,-0.9038472436320185,0.0,0.033478260869565214,POLA_TIDAK_BIASA,-0.02880816609734116
2026-01-18,W6,Marlboro 16 batang,Rokok,4.0,4.0,46500.0,44054.0,2.032606438443411,0.0,0.05260215053763441,POLA_TIDAK_BIASA,-0.028729585975170613
2025-09-13,W3,Pomade Gatsby 80g,Perawatan,1.0,1.0,21500.0,17460.0,1.1449869800965817,0.04878048780487809,0.18790697674418605,POLA_TIDAK_BIASA,-0.028605396716530285
2025-07-07,W1,Extra Joss sachet,Sachet,1.0,1.0,2100.0,1600.0,-1.1246430888943273,0.050000000000000044,0.23809523809523808,POLA_TIDAK_BIASA,-0.028551007825382446
2026-04-06,W4,Sikat gigi Formula,Perawatan,5.0,5.0,7600.0,6522.0,2.3676849882089135,0.041095890410958846,0.1418421052631579,POLA_TIDAK_BIASA,-0.028538175321877524
2026-05-04,W2,Saus sambal sachet ABC,Bumbu,1.0,1.0,1800.0,1546.0,0.25148489037466115,0.05882352941176472,0.1411111111111111,POLA_TIDAK_BIASA,-0.028530678866726
2025-10-07,W3,Permen Relaxa,Snack,2.0,2.0,7500.0,5459.0,1.0601149853280842,0.04166666666666674,0.27213333333333334,POLA_TIDAK_BIASA,-0.02849653331699531
2025-08-19,W5,Oralit sachet,Obat,1.0,1.0,2100.0,1699.0,0.705020915930764,0.050000000000000044,0.19095238095238096,POLA_TIDAK_BIASA,-0.028428886563347078
2025-11-08,W6,Lakban,RumahTangga,1.0,1.0,5100.0,3844.0,1.7857142857142858,0.04081632653061229,0.24627450980392157,POLA_TIDAK_BIASA,-0.028407401901020868
2026-05-04,W2,Nutrisari sachet,Sachet,4.0,4.0,2100.0,1658.0,-1.1543843043489872,0.050000000000000044,0.21047619047619048,POLA_TIDAK_BIASA,-0.028402458584287693
2025-09-05,W1,Tepung beras Rose Brand 500g,Sembako,2.0,2.0,10000.0,8926.0,1.1426915416265189,0.0,0.1074,POLA_TIDAK_BIASA,-0.028398112034377365
2026-04-06,W6,Stabilo,ATK,1.0,1.0,8400.0,6075.0,1.8571428571428572,0.03703703703703698,0.2767857142857143,POLA_TIDAK_BIASA,-0.02838273128601143
2026-03-17,W2,Garam Dolphin 500g,Sembako,4.0,4.0,4400.0,4093.0,3.7020272317065617,0.0,0.06977272727272728,POLA_TIDAK_BIASA,-0.02831231314771321
2026-01-19,W2,Esse 16 batang,Rokok,4.0,4.0,38000.0,36805.0,2.2686155560943733,0.0,0.031447368421052634,POLA_TIDAK_BIASA,-0.028260818429258316
2025-06-06,W2,Bubur bayi Promina 120g,Bayi,1.0,1.0,12000.0,10714.0,1.9285714285714286,0.04347826086956519,0.10716666666666666,POLA_TIDAK_BIASA,-0.02821868945747741
2025-10-25,W1,Pantyliner Laurier,Tisu,1.0,1.0,12500.0,10031.0,2.0,0.04166666666666674,0.19752,POLA_TIDAK_BIASA,-0.028210053995313622
2026-01-06,W3,Sunlight 400ml,Deterjen,2.0,2.0,10000.0,8058.0,1.9887699241335157,0.04166666666666674,0.1942,POLA_TIDAK_BIASA,-0.028198542988750575
2025-06-10,W6,Sedotan,Plastik,1.0,1.0,5100.0,3650.0,0.7231890633212771,0.04081632653061229,0.28431372549019607,POLA_TIDAK_BIASA,-0.028161568687637972
2026-03-04,W3,Basreng 100g,Snack,3.0,3.0,7800.0,5623.0,1.1230403950656107,0.040000000000000036,0.2791025641025641,POLA_TIDAK_BIASA,-0.028145535558602552
2025-12-01,W4,Frestea 350ml,Minuman,7.0,7.0,4200.0,3250.0,0.4295050829650316,0.050000000000000044,0.2261904761904762,POLA_TIDAK_BIASA,-0.028122862722738118
2025-06-02,W6,Gula pasir Gulaku 1kg,Sembako,2.0,2.0,19500.0,17698.0,0.12172480690200575,0.054054054054053946,0.09241025641025641,POLA_TIDAK_BIASA,-0.028107002538503068
2025-09-09,W6,Minyak goreng Sania 1L,Sembako,0.0,0.0,23000.0,20542.0,-1.4365490869408268,0.0,0.1068695652173913,POLA_TIDAK_BIASA,-0.028032640209934567
2025-09-02,W3,Wafer Tango 115g,Snack,2.0,2.0,7500.0,5397.0,0.844665584982702,0.04166666666666674,0.2804,POLA_TIDAK_BIASA,-0.028021954468230414
2025-05-18,W2,Pantyliner Laurier,Tisu,4.0,4.0,12000.0,10250.0,7.785714285714286,0.0,0.14583333333333334,POLA_TIDAK_BIASA,-0.027977937399902175
2026-01-08,W2,Gudang Garam Filter 12 batang,Rokok,0.0,0.0,26000.0,24912.0,-1.1930083280795318,0.0,0.041846153846153845,POLA_TIDAK_BIASA,-0.02797523111087108
2025-11-01,W2,LPG 5.5kg,LPG,1.0,1.0,105500.0,100621.0,2.0,0.03431372549019618,0.04624644549763033,POLA_TIDAK_BIASA,-0.027966900890576074
2026-04-06,W3,Biskuit bayi Promina 100g,Bayi,1.0,1.0,11500.0,9313.0,1.7857142857142858,0.045454545454545414,0.19017391304347825,POLA_TIDAK_BIASA,-0.027962111879220264
2025-11-13,W5,Cutter Joyko,ATK,3.0,3.0,5300.0,3550.0,5.928571428571429,0.0,0.330188679245283,POLA_TIDAK_BIASA,-0.02787544776853268
2025-10-07,W5,Dancow sachet,Sachet,3.0,3.0,3800.0,2897.0,-0.6485706801208173,0.05555555555555558,0.23763157894736842,POLA_TIDAK_BIASA,-0.027864351941599863
2025-05-05,W6,Soklin sachet,Deterjen,1.0,2.0,2100.0,1750.0,0.7538568366362126,0.050000000000000044,0.16666666666666666,POLA_TIDAK_BIASA,-0.027823431249890285
2026-03-23,W3,Baterai AAA ABC 2pcs,RumahTangga,1.0,1.0,8800.0,6418.0,2.0,0.03529411764705892,0.2706818181818182,POLA_TIDAK_BIASA,-0.02779282211673273
2025-12-01,W6,Kopi Kapal Api sachet,Sachet,3.0,3.0,2200.0,1642.0,0.47180371346314126,0.04761904761904767,0.25363636363636366,POLA_TIDAK_BIASA,-0.02779129885872389
2025-09-01,W2,Kacang atom Garuda 100g,Snack,7.0,8.0,7100.0,5350.0,1.3184773970676678,0.044117647058823595,0.24647887323943662,POLA_TIDAK_BIASA,-0.027735665735191484
2026-07-09,W6,Kopi Torabika sachet,Sachet,3.0,3.0,2300.0,1746.0,1.254421497562597,0.045454545454545414,0.2408695652173913,POLA_TIDAK_BIASA,-0.027695463964556688
2026-01-06,W6,Baby powder My Baby 50g,Bayi,1.0,1.0,7500.0,6690.0,2.0,0.04166666666666674,0.108,POLA_TIDAK_BIASA,-0.027676184095512757
2026-07-08,W6,LPG 3kg,LPG,1.0,1.0,21500.0,19901.0,0.6236475308656798,0.04878048780487809,0.07437209302325581,POLA_TIDAK_BIASA,-0.02761758791664104
2026-01-08,W5,Garam Dolphin 500g,Sembako,2.0,2.0,4400.0,3806.0,1.3226042964206146,0.04761904761904767,0.135,POLA_TIDAK_BIASA,-0.027555549478236463
2025-07-10,W3,Gelas plastik,Plastik,2.0,2.0,8500.0,6073.0,1.5588457268119895,0.03658536585365857,0.28552941176470586,POLA_TIDAK_BIASA,-0.02750216176557052
2025-12-24,W5,Popok Sweety isi 10,Bayi,1.0,1.0,23500.0,20178.0,2.0,0.04444444444444451,0.14136170212765958,POLA_TIDAK_BIASA,-0.027500938281782017
2025-12-14,W3,Sedotan,Plastik,1.0,1.0,5400.0,3750.0,0.44594546336041774,0.03846153846153855,0.3055555555555556,POLA_TIDAK_BIASA,-0.0274791814093458
2026-01-08,W2,Esse 16 batang,Rokok,0.0,0.0,38000.0,33678.0,-1.3198240351921795,0.0,0.11373684210526316,POLA_TIDAK_BIASA,-0.027470597273348885
2025-05-25,W5,Beras premium 10kg,Sembako,1.0,1.0,157500.0,132100.0,2.0,0.04304635761589415,0.16126984126984126,POLA_TIDAK_BIASA,-0.02738913340567417
2026-02-03,W4,Gula pasir curah 1kg,Sembako,2.0,2.0,22000.0,19462.0,1.1384987492278404,0.04761904761904767,0.11536363636363636,POLA_TIDAK_BIASA,-0.027374744015189023
2026-06-06,W5,Gayung,RumahTangga,1.0,1.0,7700.0,5595.0,1.0757057484009542,0.04054054054054057,0.2733766233766234,POLA_TIDAK_BIASA,-0.02736536715936433
2025-06-03,W2,Pulpen Standard AE7,ATK,1.0,1.0,2500.0,1790.0,0.6758453353343746,0.04166666666666674,0.284,POLA_TIDAK_BIASA,-0.02733719372282062
2026-06-13,W4,Minyak telon My Baby 60ml,Bayi,1.0,1.0,11500.0,9780.0,1.9285714285714286,0.045454545454545414,0.14956521739130435,POLA_TIDAK_BIASA,-0.02732988898864719
2026-06-17,W3,Hanger,RumahTangga,1.0,1.0,3400.0,2399.0,2.0,0.030303030303030276,0.2944117647058824,POLA_TIDAK_BIASA,-0.027148449213992065
2025-06-03,W6,Tisu basah Mitu,Tisu,3.0,3.0,8100.0,6742.0,2.321773748508557,0.03846153846153855,0.16765432098765432,POLA_TIDAK_BIASA,-0.027109996099782596
2026-07-06,W4,Mi kari ayam Indomie,Mi,1.0,1.0,3900.0,3449.0,-0.802437129327772,0.054054054054053946,0.11564102564102564,POLA_TIDAK_BIASA,-0.02707799629864971
2026-06-03,W5,Terasi ABC 20g,Bumbu,1.0,1.0,3800.0,3050.0,0.07979509446659494,0.05555555555555558,0.19736842105263158,POLA_TIDAK_BIASA,-0.027071705056608275
2025-05-05,W2,Mi jumbo Indomie,Mi,5.0,5.0,4600.0,4105.0,-1.4728386090026377,0.045454545454545414,0.10760869565217392,POLA_TIDAK_BIASA,-0.027067767637494522
2025-11-05,W2,Teh Tong Tji sachet,Sachet,0.0,0.0,1100.0,850.0,-1.6612802944562866,0.0,0.22727272727272727,POLA_TIDAK_BIASA,-0.02704195424895972
2026-03-02,W5,Tisu basah Mitu,Tisu,2.0,2.0,8800.0,7100.0,3.1427095596989854,0.03529411764705892,0.19318181818181818,POLA_TIDAK_BIASA,-0.027027318941361678
2026-05-04,W3,Rinso 800g,Deterjen,1.0,1.0,20500.0,16620.0,0.6301260378126046,0.05128205128205132,0.18926829268292683,POLA_TIDAK_BIASA,-0.026998326635168435
2025-11-08,W6,Vitamin C CDR,Obat,2.0,2.0,3000.0,2496.0,3.323993102391331,0.034482758620689724,0.168,POLA_TIDAK_BIASA,-0.026989952802938255
2026-03-11,W4,Beras medium 1kg,Sembako,2.0,2.0,19000.0,16885.0,1.9668883665763688,0.0,0.11131578947368422,POLA_TIDAK_BIASA,-0.02690205061849482
2026-01-06,W1,Garam Refina 500g,Sembako,3.0,3.0,4800.0,4243.0,1.9528164438810083,0.04347826086956519,0.11604166666666667,POLA_TIDAK_BIASA,-0.026888375443341328
2025-08-05,W4,Sikat gigi Formula,Perawatan,3.0,3.0,7300.0,6198.0,2.1471704989091953,0.04285714285714293,0.15095890410958904,POLA_TIDAK_BIASA,-0.02687855592967281
2025-08-15,W3,Kabel USB,RumahTangga,1.0,1.0,16500.0,11450.0,1.8571428571428572,0.03125,0.30606060606060603,POLA_TIDAK_BIASA,-0.026693339064243427
2025-07-13,W1,Garam Dolphin 500g,Sembako,1.0,1.0,3700.0,3299.0,0.10778636357219341,0.05714285714285716,0.10837837837837838,POLA_TIDAK_BIASA,-0.026673690806076067
2025-06-04,W6,Tisu Paseo,Tisu,3.0,3.0,8100.0,6786.0,2.5000000000000004,0.03846153846153855,0.1622222222222222,POLA_TIDAK_BIASA,-0.026623534558376516
2025-06-04,W1,Spons cuci piring,Plastik,1.0,1.0,3100.0,2200.0,1.9285714285714286,0.03333333333333344,0.2903225806451613,POLA_TIDAK_BIASA,-0.026619578298459956
2025-07-07,W4,Kopi Kapal Api sachet,Sachet,5.0,5.0,2100.0,1553.0,-0.7472123647640879,0.050000000000000044,0.2604761904761905,POLA_TIDAK_BIASA,-0.02659280336802472
2026-07-11,W3,Kacang atom Garuda 100g,Snack,1.0,1.0,7800.0,5662.0,0.9387672267220724,0.040000000000000036,0.2741025641025641,POLA_TIDAK_BIASA,-0.0265682546254552
2025-07-09,W4,Baby powder My Baby 50g,Bayi,1.0,1.0,7300.0,6350.0,2.0,0.04285714285714293,0.13013698630136986,POLA_TIDAK_BIASA,-0.02654185074783444
2025-05-06,W3,Soklin sachet,Deterjen,2.0,2.0,2200.0,1707.0,0.860668494216738,0.04761904761904767,0.2240909090909091,POLA_TIDAK_BIASA,-0.026508772342622944
2026-02-02,W1,Es krim cone Wall's,Frozen,2.0,2.0,5400.0,4450.0,2.277216345829765,0.03846153846153855,0.17592592592592593,POLA_TIDAK_BIASA,-0.0264834972538579
2025-06-02,W3,Gula pasir Gulaku 1kg,Sembako,2.0,2.0,20500.0,17796.0,0.7841935786099973,0.05128205128205132,0.13190243902439025,POLA_TIDAK_BIASA,-0.026446321028828046
2025-11-03,W3,Mi kari ayam Indomie,Mi,1.0,1.0,3800.0,3231.0,0.33642097801219234,0.05555555555555558,0.14973684210526317,POLA_TIDAK_BIASA,-0.026435880211259866
2026-01-07,W5,Djarum Super 12 batang,Rokok,0.0,0.0,28000.0,25754.0,-1.4157070626496828,0.0,0.08021428571428571,POLA_TIDAK_BIASA,-0.026427783550392547
2026-02-04,W1,Baterai AA ABC 2pcs,RumahTangga,1.0,1.0,8300.0,6176.0,1.9285714285714286,0.03750000000000009,0.25590361445783133,POLA_TIDAK_BIASA,-0.026415342288348298
2026-01-09,W2,Beras premium 5kg,Sembako,1.0,1.0,89000.0,80269.0,1.0757057484009542,0.04705882352941182,0.09810112359550562,POLA_TIDAK_BIASA,-0.026400495089817233
2025-10-07,W6,Pomade Gatsby 80g,Perawatan,1.0,1.0,20500.0,17900.0,0.6758453353343745,0.05128205128205132,0.12682926829268293,POLA_TIDAK_BIASA,-0.026376990119377886
2025-07-09,W6,Cuka 100ml,Bumbu,4.0,4.0,4100.0,3503.0,0.639842555821822,0.05128205128205132,0.14560975609756097,POLA_TIDAK_BIASA,-0.026370776408439767
2026-03-05,W5,Minyak kayu putih Cap Lang 30ml (Obat),Obat,1.0,1.0,11000.0,8800.0,0.9383148632568363,0.04761904761904767,0.2,POLA_TIDAK_BIASA,-0.026359866941872756
2026-07-07,W6,Downy sachet,Deterjen,3.0,3.0,2300.0,1899.0,1.5774836150559168,0.045454545454545414,0.1743478260869565,POLA_TIDAK_BIASA,-0.02634929536620778
2026-03-07,W2,Minyak goreng Fortune 1L,Sembako,3.0,3.0,25500.0,21581.0,2.204021640401538,0.0,0.15368627450980393,POLA_TIDAK_BIASA,-0.02634127042611556
2026-06-01,W2,Kapas Selection,Tisu,2.0,2.0,5400.0,4600.0,2.4053511772118217,0.03846153846153855,0.14814814814814814,POLA_TIDAK_BIASA,-0.026321804766892165
2026-06-01,W1,Cokelat SilverQueen,Snack,7.0,7.0,13500.0,9918.0,1.3437606510990512,0.03846153846153855,0.2653333333333333,POLA_TIDAK_BIASA,-0.026312866780239252
2026-03-07,W1,Lem ban,LPG,1.0,1.0,8300.0,7795.0,1.4473519220310227,0.03750000000000009,0.0608433734939759,POLA_TIDAK_BIASA,-0.02628715870772136
2026-05-04,W6,Makaroni pedas 100g,Snack,2.0,2.0,6500.0,4804.0,2.7110883423451924,0.031746031746031855,0.2609230769230769,POLA_TIDAK_BIASA,-0.026167068802083637
2026-04-08,W3,Sikat gigi Formula,Perawatan,3.0,3.0,7800.0,6493.0,2.1508190662532107,0.040000000000000036,0.16756410256410256,POLA_TIDAK_BIASA,-0.026130724467577027
2025-07-07,W4,Basreng 100g,Snack,1.0,1.0,7300.0,5400.0,-1.215091304779646,0.04285714285714293,0.2602739726027397,POLA_TIDAK_BIASA,-0.026116765019153276
2025-09-11,W6,Gula pasir Rose Brand 1kg,Sembako,7.0,7.0,21000.0,19322.0,2.4528894525980287,0.0,0.07990476190476191,POLA_TIDAK_BIASA,-0.02609009895461112
2026-05-11,W2,Teh Sariwangi 1 kantong,Sachet,5.0,5.0,600.0,450.0,-1.1497614859556342,0.0,0.25,POLA_TIDAK_BIASA,-0.026081531097789323
2025-12-02,W2,Minyak kayu putih Cap Lang 30ml (Obat),Obat,2.0,2.0,10500.0,8783.0,0.9226220933261866,0.050000000000000044,0.16352380952380952,POLA_TIDAK_BIASA,-0.026078649871372317
2026-03-17,W3,Tepung terigu Segitiga Biru 1kg,Sembako,5.0,5.0,19500.0,17000.0,3.3460453716627514,0.0,0.1282051282051282,POLA_TIDAK_BIASA,-0.026076455152669542
2025-10-24,W4,Tisu Nice,Tisu,1.0,1.0,7300.0,6029.0,2.0,0.04285714285714293,0.17410958904109589,POLA_TIDAK_BIASA,-0.02603342044117296
2025-08-04,W1,Kentang frozen 500g,Frozen,1.0,1.0,21000.0,17665.0,0.8280786712108252,0.050000000000000044,0.15880952380952382,POLA_TIDAK_BIASA,-0.02598306259253702
2026-04-06,W1,Tepung beras Rose Brand 500g,Sembako,2.0,2.0,11500.0,9997.0,1.5197796003847999,0.045454545454545414,0.13069565217391305,POLA_TIDAK_BIASA,-0.025973276144324098
2026-01-11,W2,Gudang Garam 16 batang,Rokok,2.0,2.0,32500.0,28922.0,1.3238940357104685,0.0,0.1100923076923077,POLA_TIDAK_BIASA,-0.025963068140621548
2026-01-08,W5,Djarum Super 12 batang,Rokok,0.0,0.0,28000.0,25754.0,-1.4157070626496828,0.0,0.08021428571428571,POLA_TIDAK_BIASA,-0.025944178594285217
2025-09-08,W2,Spaghetti La Fonte 225g,Mi,23.0,23.0,10500.0,9450.0,5.4218515084226855,0.0,0.1,LONJAKAN_PENJUALAN,-0.02591191672902704
2026-01-17,W4,Djarum Super 12 batang,Rokok,3.0,3.0,27000.0,22943.0,3.5355339059327373,0.0,0.15025925925925926,POLA_TIDAK_BIASA,-0.02582344938255321
2026-01-06,W6,Buku tulis Kiky,ATK,1.0,1.0,6300.0,4495.0,2.0,0.032786885245901676,0.2865079365079365,POLA_TIDAK_BIASA,-0.025820145623203894
2026-03-01,W6,Amplop,ATK,0.0,0.0,1100.0,700.0,-0.07142857142857142,0.0,0.36363636363636365,POLA_TIDAK_BIASA,-0.0258119747519181
2026-06-30,W3,Charger,RumahTangga,1.0,1.0,33000.0,23360.0,2.0,0.03125,0.2921212121212121,POLA_TIDAK_BIASA,-0.025555347758904667
2025-08-05,W2,Kentang frozen 500g,Frozen,2.0,2.0,20500.0,17798.0,0.7731091493370552,0.05128205128205132,0.1318048780487805,POLA_TIDAK_BIASA,-0.025549328356878065
2025-11-30,W5,Kecap manis ABC 135ml,Bumbu,3.0,3.0,6900.0,5392.0,2.435021828853055,0.0,0.21855072463768116,POLA_TIDAK_BIASA,-0.02546421125552034
2026-03-01,W5,Beras premium 10kg,Sembako,1.0,1.0,185000.0,132100.0,2.0,0.033519553072625774,0.28594594594594597,POLA_TIDAK_BIASA,-0.025360836955845345
2025-09-03,W6,Minyak goreng Sania 1L,Sembako,4.0,4.0,23000.0,20542.0,0.8980012696465851,0.0,0.1068695652173913,POLA_TIDAK_BIASA,-0.025355631310872706
2026-04-12,W3,Bohlam LED Hannochs 9W,RumahTangga,1.0,1.0,17000.0,11944.0,1.9285714285714286,0.030303030303030276,0.2974117647058824,POLA_TIDAK_BIASA,-0.02524075057633801
2025-07-13,W6,Baby powder My Baby 50g,Bayi,1.0,1.0,7200.0,6400.0,1.9285714285714286,0.04347826086956519,0.1111111111111111,POLA_TIDAK_BIASA,-0.02521327221143066
2025-09-01,W1,Kacang atom Garuda 100g,Snack,3.0,3.0,7300.0,5395.0,0.970028979566154,0.04285714285714293,0.26095890410958905,POLA_TIDAK_BIASA,-0.025206417402787618
2026-03-07,W1,Telur ayam 1 butir,Sembako,4.0,4.0,3100.0,2750.0,1.8921598085679303,0.0,0.11290322580645161,POLA_TIDAK_BIASA,-0.025200823038219133
2025-12-03,W5,Super Pell 450ml,Deterjen,3.0,3.0,8800.0,7032.0,2.9791093508054125,0.03529411764705892,0.2009090909090909,POLA_TIDAK_BIASA,-0.025192462490670753
2026-01-11,W2,Korek gas,Rokok,1.0,1.0,2300.0,2223.0,-0.8596704381052591,0.0,0.033478260869565214,POLA_TIDAK_BIASA,-0.025043927045323322
2025-09-06,W6,Korek gas,Rokok,6.0,6.0,2100.0,1992.0,3.9888236719256307,0.0,0.05142857142857143,POLA_TIDAK_BIASA,-0.024992941036734773
2026-05-14,W2,Teh Sariwangi 1 kantong,Sachet,5.0,5.0,600.0,450.0,-1.1468264372690702,0.0,0.25,POLA_TIDAK_BIASA,-0.024954174499677517
2025-12-07,W1,Lem Fox 10g,ATK,1.0,1.0,3200.0,2242.0,1.7142857142857144,0.032258064516129004,0.299375,POLA_TIDAK_BIASA,-0.024954033155572097
2025-07-07,W1,Mi goreng Indomie,Mi,1.0,1.0,3700.0,3241.0,-0.7154493927602866,0.05714285714285716,0.12405405405405405,POLA_TIDAK_BIASA,-0.024940638440701823
2026-01-07,W1,LA Bold 16 batang,Rokok,0.0,0.0,35000.0,32631.0,-1.0444882455167603,0.0,0.06768571428571428,POLA_TIDAK_BIASA,-0.024888067283189153
2025-09-01,W4,Kerupuk 100g,Snack,6.0,6.0,5200.0,3804.0,1.0019415004449455,0.040000000000000036,0.2684615384615385,POLA_TIDAK_BIASA,-0.024886893464554416
2026-01-10,W3,Bohlam LED Hannochs 9W,RumahTangga,1.0,1.0,16500.0,11719.0,2.0,0.03125,0.28975757575757577,POLA_TIDAK_BIASA,-0.024878028935311325
2025-04-07,W6,Astor,Snack,2.0,2.0,2500.0,1890.0,1.3099089069617837,0.04166666666666674,0.244,POLA_TIDAK_BIASA,-0.024864618904821723
2026-01-08,W2,Korek gas,Rokok,1.0,1.0,2300.0,2223.0,-0.8114441191120679,0.0,0.033478260869565214,POLA_TIDAK_BIASA,-0.02485460959622965
2026-04-09,W6,Popok Sweety isi 10,Bayi,1.0,1.0,23500.0,20915.0,1.5714285714285714,0.04444444444444451,0.11,POLA_TIDAK_BIASA,-0.024850027657737916
2026-04-14,W3,Bohlam LED Philips 5W,RumahTangga,1.0,1.0,17000.0,12095.0,2.0,0.030303030303030276,0.28852941176470587,POLA_TIDAK_BIASA,-0.02484465890055798
2026-03-02,W2,Beras medium 1kg,Sembako,1.0,1.0,17500.0,15053.0,-0.5857326239564575,0.06060606060606055,0.13982857142857144,POLA_TIDAK_BIASA,-0.024780906750493714
2025-07-07,W5,Mi goreng Indomie,Mi,2.0,2.0,3800.0,3230.0,0.25401711484901657,0.05555555555555558,0.15,POLA_TIDAK_BIASA,-0.024748980278866184
2025-06-02,W4,Minyak goreng Fortune 1L,Sembako,2.0,2.0,21000.0,18150.0,0.8473742931917948,0.050000000000000044,0.1357142857142857,POLA_TIDAK_BIASA,-0.024737194308776078
2025-08-06,W1,Downy sachet,Deterjen,1.0,1.0,2100.0,1800.0,0.7299631613174972,0.050000000000000044,0.14285714285714285,POLA_TIDAK_BIASA,-0.024726659848455568
2026-01-14,W3,Kratingdaeng 150ml,Minuman,4.0,4.0,8800.0,6876.0,2.6755351649338666,0.03529411764705892,0.21863636363636363,POLA_TIDAK_BIASA,-0.024688102283267566
2025-07-07,W6,Kopi Torabika sachet,Sachet,1.0,1.0,2100.0,1557.0,-0.6179163291202101,0.050000000000000044,0.25857142857142856,POLA_TIDAK_BIASA,-0.024575094676494658
2026-01-08,W1,LA Bold 16 batang,Rokok,0.0,0.0,35000.0,32631.0,-1.0444882455167603,0.0,0.06768571428571428,POLA_TIDAK_BIASA,-0.024566321968904625
2026-03-07,W1,Tepung beras Rose Brand 500g,Sembako,2.0,2.0,11000.0,9279.0,1.057977113121035,0.04761904761904767,0.15645454545454546,POLA_TIDAK_BIASA,-0.024561944020863424
2025-05-12,W5,Kabel USB,RumahTangga,1.0,1.0,16000.0,11338.0,1.9285714285714286,0.032258064516129004,0.291375,POLA_TIDAK_BIASA,-0.024559111518880017
2025-12-07,W2,Amplop,ATK,2.0,2.0,1100.0,744.0,0.8017837257372732,0.0,0.3236363636363636,POLA_TIDAK_BIASA,-0.024518117220606372
2025-09-15,W2,Beras premium 5kg,Sembako,2.0,2.0,85000.0,70118.0,3.5714285714285716,0.0,0.17508235294117647,POLA_TIDAK_BIASA,-0.02447717105044067
2026-01-09,W1,Tembakau linting,Rokok,0.0,0.0,17500.0,15786.0,-1.2541548422578908,0.0,0.09794285714285714,POLA_TIDAK_BIASA,-0.024462451507040628
2026-01-09,W2,Gudang Garam Filter 12 batang,Rokok,0.0,0.0,26000.0,24912.0,-1.146826437269068,0.0,0.041846153846153845,POLA_TIDAK_BIASA,-0.024452577463533354
2025-11-13,W3,Sabun batang Lifebuoy,Perawatan,1.0,1.0,4300.0,3544.0,1.0022296571715918,0.04878048780487809,0.1758139534883721,POLA_TIDAK_BIASA,-0.024438847861394053
2025-12-03,W5,Bayclin 500ml,Deterjen,2.0,2.0,8500.0,6997.0,2.989847686620362,0.03658536585365857,0.1768235294117647,POLA_TIDAK_BIASA,-0.024322762020531186
2025-09-03,W6,Garam Refina 500g,Sembako,0.0,0.0,4700.0,4269.0,-1.1949293042949534,0.0,0.09170212765957447,POLA_TIDAK_BIASA,-0.024314351572287785
2026-01-19,W6,Gudang Garam 16 batang,Rokok,5.0,5.0,33000.0,30756.0,3.1552352539164645,0.0,0.068,POLA_TIDAK_BIASA,-0.02429503329237037
2026-05-13,W2,Teh Sariwangi 1 kantong,Sachet,5.0,5.0,600.0,450.0,-1.1187694426072525,0.0,0.25,POLA_TIDAK_BIASA,-0.024277425851634837
2026-01-10,W6,Esse 16 batang,Rokok,3.0,3.0,38000.0,32836.0,1.9639610121239335,0.0,0.13589473684210526,POLA_TIDAK_BIASA,-0.02424846866930508
2025-09-10,W2,Tepung beras Rose Brand 500g,Sembako,2.0,2.0,9700.0,8900.0,1.1426915416265193,0.0,0.08247422680412371,POLA_TIDAK_BIASA,-0.024153264037828803
2025-09-05,W2,Beras medium 1kg,Sembako,0.0,0.0,16000.0,13363.0,-1.7747452776024677,0.0,0.1648125,POLA_TIDAK_BIASA,-0.02412307558490656
2026-01-11,W1,Tembakau linting,Rokok,0.0,0.0,17500.0,15786.0,-1.2837732807143494,0.0,0.09794285714285714,POLA_TIDAK_BIASA,-0.024117053631803498
2025-09-01,W3,Body lotion Citra 100ml,Perawatan,1.0,1.0,11000.0,8662.0,0.5417363388859614,0.04761904761904767,0.21254545454545454,POLA_TIDAK_BIASA,-0.024089958485505214
2026-04-06,W3,Milo sachet,Sachet,1.0,1.0,4000.0,3006.0,-0.3679234502769279,0.05263157894736836,0.2485,POLA_TIDAK_BIASA,-0.024034823737698607
2026-01-17,W6,Marlboro 16 batang,Rokok,3.0,3.0,46500.0,44054.0,1.223358628874472,0.0,0.05260215053763441,POLA_TIDAK_BIASA,-0.024005401741259424
2026-05-12,W3,Tisu basah Cussons,Tisu,3.0,3.0,10500.0,8250.0,4.377951157240592,0.0,0.21428571428571427,POLA_TIDAK_BIASA,-0.023914189765731453
2025-08-05,W2,Baby powder My Baby 50g,Bayi,1.0,1.0,7100.0,6300.0,1.7142857142857144,0.044117647058823595,0.11267605633802817,POLA_TIDAK_BIASA,-0.023854703365949415
2026-04-06,W4,Buku gambar,ATK,1.0,1.0,7600.0,5195.0,-0.02302430432156147,0.041095890410958846,0.31644736842105264,POLA_TIDAK_BIASA,-0.023849574925352113
2025-11-03,W1,Rinso sachet,Deterjen,3.0,3.0,2700.0,2242.0,2.135233306755601,0.03846153846153855,0.16962962962962963,POLA_TIDAK_BIASA,-0.023844311303890087
2025-09-02,W6,Kacang atom Garuda 100g,Snack,1.0,1.0,7200.0,5350.0,0.6708203932499368,0.04347826086956519,0.2569444444444444,POLA_TIDAK_BIASA,-0.023808993612937535
2026-02-03,W4,Garam Refina 500g,Sembako,3.0,3.0,4900.0,4378.0,1.5873201483809822,0.042553191489361764,0.10653061224489796,POLA_TIDAK_BIASA,-0.023731467400051498
2026-01-12,W2,Marlboro 16 batang,Rokok,0.0,0.0,45500.0,43252.0,-1.193388379437234,0.0,0.0494065934065934,POLA_TIDAK_BIASA,-0.023675067561868213
2026-01-07,W2,Sampoerna Mild 16 batang,Rokok,3.0,3.0,36000.0,34392.0,0.7863253373498376,0.0,0.04466666666666667,POLA_TIDAK_BIASA,-0.023669653522184864
2026-01-09,W1,LA Bold 16 batang,Rokok,0.0,0.0,35000.0,32631.0,-1.0081276547863256,0.0,0.06768571428571428,POLA_TIDAK_BIASA,-0.023601956321914086
2025-09-02,W5,Beras premium 5kg,Sembako,2.0,2.0,90500.0,72149.0,1.3003821702945162,0.0,0.20277348066298342,POLA_TIDAK_BIASA,-0.023546567638591198
2025-05-06,W6,Cokelat SilverQueen,Snack,6.0,6.0,12500.0,9314.0,6.176465654753082,0.0,0.25488,LONJAKAN_PENJUALAN,-0.023536906865922136
2026-05-10,W2,Teh Sariwangi 1 kantong,Sachet,13.0,13.0,600.0,450.0,1.3772620226017738,0.0,0.25,POLA_TIDAK_BIASA,-0.023512411107625475
2026-06-04,W1,Tisu Tessa,Tisu,5.0,5.0,7600.0,6237.0,8.252224327368127,0.0,0.17934210526315789,LONJAKAN_PENJUALAN,-0.023501591724313764
2026-03-07,W1,Baterai AAA ABC 2pcs,RumahTangga,1.0,1.0,8600.0,6429.0,2.0,0.03614457831325302,0.2524418604651163,POLA_TIDAK_BIASA,-0.023441849403796455
2025-09-02,W1,Telur ayam 1kg,Sembako,3.0,3.0,37500.0,30807.0,2.34216017507648,0.0,0.17848,POLA_TIDAK_BIASA,-0.023373517588966775
2026-01-06,W2,Plastic wrap,Plastik,1.0,1.0,12500.0,9064.0,0.5729463126713074,0.04166666666666674,0.27488,POLA_TIDAK_BIASA,-0.02336025496036187
2026-03-11,W2,Minyak goreng Bimoli 1L,Sembako,4.0,4.0,28500.0,25547.0,2.4154244837695518,0.0,0.1036140350877193,POLA_TIDAK_BIASA,-0.02327157037207761
2026-01-10,W2,Gudang Garam Filter 12 batang,Rokok,3.0,3.0,26000.0,24912.0,0.750324605079036,0.0,0.041846153846153845,POLA_TIDAK_BIASA,-0.023249874269828164
2025-11-03,W4,Saus sambal ABC 135ml,Bumbu,2.0,2.0,7600.0,6331.0,1.9887699241335088,0.041095890410958846,0.1669736842105263,POLA_TIDAK_BIASA,-0.02318158711621976
2026-05-12,W5,Pensil Faber-Castell,ATK,1.0,1.0,3300.0,2206.0,1.0022296571715918,0.03125,0.33151515151515154,POLA_TIDAK_BIASA,-0.02314797704631566
2025-11-07,W3,Snack jagung Chiki,Snack,4.0,4.0,3300.0,2304.0,1.8364372710444339,0.03125,0.3018181818181818,POLA_TIDAK_BIASA,-0.02314048078942821
2025-12-01,W2,Mi kuah Sedaap,Mi,3.0,3.0,3600.0,3202.0,-0.2825988847408828,0.05882352941176472,0.11055555555555556,POLA_TIDAK_BIASA,-0.023131548689198977
2025-07-13,W1,Shampoo H&S sachet,Perawatan,1.0,1.0,2100.0,1750.0,0.4645930865234777,0.050000000000000044,0.16666666666666666,POLA_TIDAK_BIASA,-0.023116717538226306
2026-05-15,W3,Keripik kentang Chitato 68g,Snack,1.0,1.0,14000.0,9729.0,0.5196152422706628,0.03703703703703698,0.30507142857142855,POLA_TIDAK_BIASA,-0.023083241260582255
2026-01-07,W1,Gudang Garam 16 batang,Rokok,0.0,0.0,33500.0,28835.0,-1.3438547166963843,0.0,0.1392537313432836,POLA_TIDAK_BIASA,-0.023035990438569853
2026-04-23,W3,Buku gambar,ATK,3.0,3.0,7500.0,4950.0,5.785714285714286,0.0,0.34,POLA_TIDAK_BIASA,-0.023016373531066225
2026-01-09,W1,Gudang Garam 16 batang,Rokok,0.0,0.0,33500.0,28835.0,-1.4230697829989378,0.0,0.1392537313432836,POLA_TIDAK_BIASA,-0.022996603766801793
2025-07-09,W1,Baterai AAA ABC 2pcs,RumahTangga,1.0,1.0,8300.0,6167.0,1.7857142857142858,0.03750000000000009,0.25698795180722894,POLA_TIDAK_BIASA,-0.022814784237044305
2026-01-10,W6,Marlboro 16 batang,Rokok,0.0,0.0,46500.0,44054.0,-0.8555277382080453,0.0,0.05260215053763441,POLA_TIDAK_BIASA,-0.022788892591817267
2026-04-12,W5,Masker,Obat,3.0,3.0,1100.0,850.0,2.3491248483299074,0.0,0.22727272727272727,POLA_TIDAK_BIASA,-0.02277179421891873
2026-07-08,W6,Tolak Angin sachet,Obat,1.0,1.0,4300.0,3548.0,0.9362816758985386,0.04878048780487809,0.17488372093023255,POLA_TIDAK_BIASA,-0.022728092994342197
2025-07-09,W2,Snack kentang Qtela 60g,Snack,2.0,2.0,8200.0,6200.0,-0.6943650748294165,0.05128205128205132,0.24390243902439024,POLA_TIDAK_BIASA,-0.022692147800048135
2026-01-06,W6,Gula pasir Rose Brand 1kg,Sembako,3.0,3.0,22000.0,20263.0,0.5152163491211893,0.04761904761904767,0.07895454545454546,POLA_TIDAK_BIASA,-0.022660441173807833
2026-07-06,W3,Tepung terigu Kompas 1kg,Sembako,1.0,1.0,18000.0,15219.0,-0.27961639470054,0.05882352941176472,0.1545,POLA_TIDAK_BIASA,-0.022653499899009333
2026-01-06,W2,Sampoerna Mild 16 batang,Rokok,4.0,4.0,36000.0,32233.0,1.4803913136594808,0.0,0.10463888888888889,POLA_TIDAK_BIASA,-0.022638391637376798
2025-08-07,W5,Tisu Nice,Tisu,1.0,1.0,7400.0,5950.0,1.7857142857142858,0.04225352112676051,0.19594594594594594,POLA_TIDAK_BIASA,-0.022507441651768878
2025-11-30,W2,Kaldu bubuk Royco 100g,Bumbu,4.0,4.0,6000.0,5209.0,4.535573676110728,0.0,0.13183333333333333,POLA_TIDAK_BIASA,-0.02248333663540303
2026-01-19,W2,Marlboro 16 batang,Rokok,5.0,5.0,45500.0,43252.0,2.637532482277105,0.0,0.0494065934065934,POLA_TIDAK_BIASA,-0.02246909535984487
2025-05-05,W5,Nugget So Good 250g,Frozen,2.0,2.0,23500.0,19101.0,1.3470397652008117,0.04444444444444451,0.18719148936170213,POLA_TIDAK_BIASA,-0.02244442784124845
2025-09-08,W6,Minyak goreng Fortune 1L,Sembako,0.0,0.0,23000.0,20575.0,-1.434214780266791,0.0,0.10543478260869565,POLA_TIDAK_BIASA,-0.022398272273236097
2025-11-04,W1,Korek kayu,Rokok,2.0,2.0,2100.0,1982.0,-0.39115589942681794,0.050000000000000044,0.05619047619047619,POLA_TIDAK_BIASA,-0.02237817176006751
2025-09-16,W6,Minyakita 1L,Sembako,10.0,10.0,19500.0,18038.0,2.742796243323714,0.0,0.07497435897435897,POLA_TIDAK_BIASA,-0.02230659426962267
2025-04-10,W3,Isolasi,RumahTangga,1.0,1.0,3200.0,2250.0,1.7142857142857144,0.032258064516129004,0.296875,POLA_TIDAK_BIASA,-0.022304319288936614
2026-01-18,W3,Tembakau linting,Rokok,4.0,4.0,17500.0,15621.0,4.079205901480125,0.0,0.10737142857142858,POLA_TIDAK_BIASA,-0.022269781032318803
2025-05-05,W3,Minyak goreng Fortune 1L,Sembako,3.0,3.0,21500.0,18346.0,0.6842923157798553,0.04878048780487809,0.14669767441860465,POLA_TIDAK_BIASA,-0.0222697298162845
2026-04-06,W4,Baby powder My Baby 50g,Bayi,1.0,1.0,7600.0,6587.0,2.0,0.041095890410958846,0.1332894736842105,POLA_TIDAK_BIASA,-0.022231790662976314
2026-02-03,W1,Minyakita 1L,Sembako,1.0,1.0,21000.0,18585.0,0.4824506406770074,0.050000000000000044,0.115,POLA_TIDAK_BIASA,-0.02218691319882249
2025-07-08,W5,Garam Dolphin 500g,Sembako,1.0,1.0,3800.0,3299.0,0.1417366773784602,0.05555555555555558,0.1318421052631579,POLA_TIDAK_BIASA,-0.022122552933935613
2026-01-09,W5,Korek kayu,Rokok,1.0,1.0,2300.0,2172.0,-1.3037177483319822,0.0,0.05565217391304348,POLA_TIDAK_BIASA,-0.02211755277673877
2025-09-07,W6,Santan Kara 65ml,Sembako,0.0,0.0,4600.0,4222.0,-1.3503835634057482,0.0,0.08217391304347826,POLA_TIDAK_BIASA,-0.022106921529408075
2025-09-04,W3,Tepung beras Rose Brand 500g,Sembako,0.0,0.0,10500.0,8060.0,-1.3496031162636561,0.0,0.23238095238095238,POLA_TIDAK_BIASA,-0.022085505129440408
2025-09-03,W3,Tepung beras Rose Brand 500g,Sembako,0.0,0.0,10500.0,8060.0,-1.3496031162636561,0.0,0.23238095238095238,POLA_TIDAK_BIASA,-0.022085505129440408
2026-01-14,W5,Korek gas,Rokok,7.0,7.0,2300.0,2189.0,1.448085757067322,0.0,0.04826086956521739,POLA_TIDAK_BIASA,-0.02206724166247509
2026-04-09,W1,Tisu Nice,Tisu,1.0,1.0,7600.0,6111.0,1.6341143382057675,0.041095890410958846,0.19592105263157894,POLA_TIDAK_BIASA,-0.02206673469867615
2026-05-04,W1,Pembalut Laurier,Tisu,1.0,1.0,11000.0,8850.0,0.5179990167620587,0.04761904761904767,0.19545454545454546,POLA_TIDAK_BIASA,-0.02204760180546006
2026-01-07,W6,LA Ice 16 batang,Rokok,0.0,0.0,35000.0,33579.0,-0.787831352765411,0.0,0.0406,POLA_TIDAK_BIASA,-0.02202885943244326
2026-01-08,W6,LA Ice 16 batang,Rokok,0.0,0.0,35000.0,33579.0,-0.787831352765411,0.0,0.0406,POLA_TIDAK_BIASA,-0.02202885943244326
2026-01-10,W2,Esse 16 batang,Rokok,0.0,0.0,38000.0,33678.0,-1.222980439274218,0.0,0.11373684210526316,POLA_TIDAK_BIASA,-0.021984944820504726
2025-04-07,W5,Snack jagung Cheetos,Snack,4.0,4.0,3200.0,2250.0,1.5669453755454792,0.032258064516129004,0.296875,POLA_TIDAK_BIASA,-0.021983739130879032
2025-09-05,W3,Tepung terigu Segitiga Biru 1kg,Sembako,3.0,3.0,17500.0,13952.0,2.674935420361696,0.0,0.20274285714285714,POLA_TIDAK_BIASA,-0.021941969541281914
2025-09-13,W3,Sendok plastik,Plastik,5.0,7.0,5400.0,3745.0,6.195356967443925,0.0,0.30648148148148147,LONJAKAN_PENJUALAN,-0.021851259571318282
2026-01-13,W1,Sampoerna A 16 batang,Rokok,3.0,3.0,41500.0,38908.0,1.5750613141338505,0.0,0.06245783132530121,POLA_TIDAK_BIASA,-0.021846639688791303
2026-01-09,W5,Korek gas,Rokok,1.0,1.0,2300.0,2147.0,-1.235815402656522,0.0,0.06652173913043478,POLA_TIDAK_BIASA,-0.021842278589514375
2026-07-07,W2,Kacang atom Garuda 100g,Snack,8.0,8.0,7700.0,5950.0,1.666305437502698,0.04054054054054057,0.22727272727272727,POLA_TIDAK_BIASA,-0.021813320275710923
2025-07-07,W2,Basreng 100g,Snack,1.0,1.0,7100.0,5418.0,-1.2086218821670967,0.044117647058823595,0.23690140845070423,POLA_TIDAK_BIASA,-0.02174836935178115
2025-09-03,W6,Telur ayam 1kg,Sembako,0.0,0.0,36500.0,29728.0,-1.4267845968170128,0.0,0.18553424657534245,POLA_TIDAK_BIASA,-0.021708788578323257
2025-10-06,W1,Permen karet Big Babol,Snack,2.0,2.0,2200.0,1649.0,-0.8295027430549848,0.04761904761904767,0.25045454545454543,POLA_TIDAK_BIASA,-0.021661191005782676
2025-06-05,W6,Buku tulis Kiky,ATK,1.0,1.0,6100.0,4336.0,1.7142857142857144,0.03389830508474567,0.28918032786885245,POLA_TIDAK_BIASA,-0.021573106358360628
2025-05-05,W5,Minyak kayu putih Cap Lang 30ml (Obat),Obat,1.0,1.0,10500.0,8371.0,0.3043908465996393,0.050000000000000044,0.20276190476190475,POLA_TIDAK_BIASA,-0.021571621666481744
2026-05-08,W2,Teh Sariwangi 1 kantong,Sachet,13.0,13.0,600.0,450.0,1.2008196972874017,0.0,0.25,POLA_TIDAK_BIASA,-0.0215222184336461
2026-01-06,W3,Tembakau linting,Rokok,2.0,2.0,17500.0,15621.0,1.433684458944696,0.0,0.10737142857142858,POLA_TIDAK_BIASA,-0.02141536077266104
2025-09-04,W6,Garam Dolphin 500g,Sembako,0.0,0.0,3900.0,3504.0,-1.1098431532507276,0.0,0.10153846153846154,POLA_TIDAK_BIASA,-0.021379009193386977
2026-03-02,W5,Kopi Kapal Api sachet,Sachet,12.0,12.0,2200.0,1652.0,0.3309584091088153,0.04761904761904767,0.24909090909090909,POLA_TIDAK_BIASA,-0.021373185835042108
2026-04-10,W1,Amplop,ATK,0.0,0.0,1100.0,750.0,-0.5034319012363079,0.0,0.3181818181818182,POLA_TIDAK_BIASA,-0.021358403991407204
2025-05-07,W5,Hanger,RumahTangga,1.0,1.0,3200.0,2256.0,1.7142857142857144,0.032258064516129004,0.295,POLA_TIDAK_BIASA,-0.021343012452046173
2026-01-07,W5,Esse 16 batang,Rokok,0.0,0.0,39000.0,32523.0,-1.287126144543551,0.0,0.16607692307692307,POLA_TIDAK_BIASA,-0.021322093890189686
2026-01-14,W6,Pengharum mobil,LPG,1.0,1.0,15000.0,14438.0,1.196887497862553,0.034482758620689724,0.03746666666666667,POLA_TIDAK_BIASA,-0.02126883816103764
2025-09-01,W3,Mi goreng Sedaap,Mi,1.0,1.0,3800.0,3237.0,0.08728955090230703,0.05555555555555558,0.1481578947368421,POLA_TIDAK_BIASA,-0.02111855143460961
2026-05-04,W5,Baterai AAA ABC 2pcs,RumahTangga,1.0,1.0,8800.0,6390.0,1.6428571428571428,0.03529411764705892,0.27386363636363636,POLA_TIDAK_BIASA,-0.021065061599760182
2026-03-04,W4,Tisu Tessa,Tisu,1.0,1.0,7300.0,6000.0,1.9285714285714286,0.04285714285714293,0.1780821917808219,POLA_TIDAK_BIASA,-0.020999015137813104
2025-06-09,W3,Cokelat SilverQueen,Snack,6.0,6.0,13000.0,9274.0,6.459969272954694,0.0,0.2866153846153846,LONJAKAN_PENJUALAN,-0.02098917210656026
2025-09-02,W3,Beras medium SPHP 5kg,Sembako,2.0,2.0,78500.0,61141.0,1.3470397652008121,0.0,0.22113375796178344,POLA_TIDAK_BIASA,-0.020969661315341837
2025-07-07,W4,Mi goreng Indomie,Mi,17.0,17.0,3700.0,3242.0,0.019749193012040506,0.05714285714285716,0.12378378378378378,POLA_TIDAK_BIASA,-0.020967769317499774
2026-02-08,W3,Super Pell 450ml,Deterjen,3.0,3.0,8800.0,7054.0,2.8347335475692046,0.03529411764705892,0.1984090909090909,POLA_TIDAK_BIASA,-0.020960840614945297
2026-01-11,W3,Esse 16 batang,Rokok,4.0,4.0,39000.0,32822.0,2.4675648972609774,0.0,0.1584102564102564,POLA_TIDAK_BIASA,-0.02092187287017333
2025-08-12,W1,Kabel USB,RumahTangga,1.0,1.0,15500.0,11195.0,2.0,0.03333333333333344,0.277741935483871,POLA_TIDAK_BIASA,-0.02088947125708096
2025-09-09,W6,Minyakita 1L,Sembako,1.0,1.0,19500.0,17990.0,-1.1292257991352275,0.0,0.07743589743589743,POLA_TIDAK_BIASA,-0.02088730447927345
2026-01-11,W1,LA Bold 16 batang,Rokok,0.0,0.0,35000.0,32631.0,-0.9182332504561196,0.0,0.06768571428571428,POLA_TIDAK_BIASA,-0.020884083937643516
2026-02-02,W1,Kacang kulit Garuda 100g,Snack,3.0,3.0,7600.0,5672.0,0.910493200306207,0.041095890410958846,0.2536842105263158,POLA_TIDAK_BIASA,-0.020860819984583112
2025-08-04,W1,Teh Gelas 350ml,Minuman,11.0,11.0,2600.0,2000.0,1.5602293691363784,0.040000000000000036,0.23076923076923078,POLA_TIDAK_BIASA,-0.020791536229197494
2025-07-07,W1,Good Day 250ml,Minuman,1.0,1.0,5200.0,4052.0,-1.557158218401629,0.040000000000000036,0.22076923076923077,POLA_TIDAK_BIASA,-0.020772669322769666
2026-01-09,W6,Gudang Garam 16 batang,Rokok,0.0,0.0,33000.0,30756.0,-0.9019920259905064,0.0,0.068,POLA_TIDAK_BIASA,-0.02072409605142056
2025-08-06,W4,Esse 16 batang,Rokok,1.0,1.0,35500.0,32930.0,0.723189063321277,0.044117647058823595,0.0723943661971831,POLA_TIDAK_BIASA,-0.020717508780177085
2025-07-08,W4,Kabel USB,RumahTangga,1.0,1.0,15500.0,11236.0,2.0,0.03333333333333344,0.2750967741935484,POLA_TIDAK_BIASA,-0.020710665238944825
2026-01-06,W1,Gula pasir curah 1kg,Sembako,1.0,1.0,22500.0,20463.0,0.7231890633212767,0.04651162790697683,0.09053333333333333,POLA_TIDAK_BIASA,-0.020689061517450646
2025-07-07,W4,Gula pasir curah 1kg,Sembako,1.0,1.0,19000.0,16798.0,-0.33793582331968136,0.05555555555555558,0.11589473684210526,POLA_TIDAK_BIASA,-0.020611707189678974
2025-09-03,W2,Minyak goreng Bimoli 1L,Sembako,0.0,0.0,25000.0,23200.0,-1.087346587253923,0.0,0.072,POLA_TIDAK_BIASA,-0.02059217862346674
2025-05-05,W5,Nutrisari sachet,Sachet,3.0,3.0,2100.0,1600.0,-0.7706448397768024,0.050000000000000044,0.23809523809523808,POLA_TIDAK_BIASA,-0.02057775645843951
2026-01-07,W6,Gudang Garam 16 batang,Rokok,0.0,0.0,33000.0,30756.0,-0.8605187056135811,0.0,0.068,POLA_TIDAK_BIASA,-0.02055922334993765
2025-06-02,W3,Oreo 119g,Snack,2.0,2.0,8500.0,6046.0,1.0948505428270334,0.03658536585365857,0.2887058823529412,POLA_TIDAK_BIASA,-0.02055299557955015
2025-12-05,W2,Amplop,ATK,1.0,1.0,1100.0,744.0,0.0,0.0,0.3236363636363636,POLA_TIDAK_BIASA,-0.020532882805764152
2026-05-18,W6,Oli motor 1L,LPG,1.0,1.0,61000.0,57553.0,1.7857142857142858,0.03389830508474567,0.05650819672131147,POLA_TIDAK_BIASA,-0.020522793694329855
2026-06-02,W1,Lakban,RumahTangga,1.0,1.0,5600.0,4157.0,1.7142857142857144,0.03703703703703698,0.2576785714285714,POLA_TIDAK_BIASA,-0.020496856348572012
2025-09-04,W5,Beras premium 5kg,Sembako,2.0,2.0,90500.0,72149.0,1.1716898663286044,0.0,0.20277348066298342,POLA_TIDAK_BIASA,-0.020492550280473587
2026-01-06,W5,Kabel USB,RumahTangga,1.0,1.0,16500.0,11798.0,2.0,0.03125,0.284969696969697,POLA_TIDAK_BIASA,-0.02046233638897066
2025-09-08,W5,Minyak goreng Sania 1L,Sembako,3.0,3.0,24000.0,20777.0,3.212698020578432,0.0,0.13429166666666667,POLA_TIDAK_BIASA,-0.02045003877570617
2026-01-13,W2,Marlboro 16 batang,Rokok,0.0,0.0,45500.0,43252.0,-1.1167836532905897,0.0,0.0494065934065934,POLA_TIDAK_BIASA,-0.020436430916951243
2026-07-07,W6,Nutrisari sachet,Sachet,1.0,1.0,2200.0,1650.0,-0.7889028280900434,0.04761904761904767,0.25,POLA_TIDAK_BIASA,-0.020396999466833154
2025-09-11,W6,Tepung beras Rose Brand 500g,Sembako,4.0,4.0,9700.0,8725.0,1.5506665485302378,0.0,0.10051546391752578,POLA_TIDAK_BIASA,-0.020389856310777055
2025-09-07,W5,Gula pasir Rose Brand 1kg,Sembako,4.0,4.0,22500.0,19256.0,2.0418001417005587,0.0,0.14417777777777777,POLA_TIDAK_BIASA,-0.02034106811444869
2025-09-12,W6,Minyak goreng Sania 1L,Sembako,0.0,0.0,23000.0,20995.0,-1.3363062095621228,0.0,0.08717391304347825,POLA_TIDAK_BIASA,-0.020295527395125523
2025-11-23,W2,Kecap manis Bango 135ml,Bumbu,3.0,3.0,7800.0,6314.0,2.763155687652695,0.0,0.1905128205128205,POLA_TIDAK_BIASA,-0.020293225486551436
2026-05-04,W5,Basreng 100g,Snack,2.0,2.0,7700.0,5509.0,0.3962950802120551,0.04054054054054057,0.28454545454545455,POLA_TIDAK_BIASA,-0.020276447817217047
2025-06-02,W4,Minyakita 1L,Sembako,1.0,1.0,18000.0,15881.0,-0.02972969755736125,0.05882352941176472,0.11772222222222223,POLA_TIDAK_BIASA,-0.02027597554554461
2026-02-03,W5,Daia sachet,Deterjen,2.0,2.0,2200.0,1800.0,0.7576848808954431,0.04761904761904767,0.18181818181818182,POLA_TIDAK_BIASA,-0.02024393998715468
2025-04-07,W2,Tepung terigu Segitiga Biru 1kg,Sembako,5.0,5.0,14500.0,13371.0,2.061226252553702,0.03571428571428581,0.07786206896551724,POLA_TIDAK_BIASA,-0.02024295629143069
2025-09-01,W4,Sabun batang Lux,Perawatan,3.0,3.0,4700.0,3950.0,1.4534735954695208,0.04444444444444451,0.1595744680851064,POLA_TIDAK_BIASA,-0.020237300123379542
2025-05-06,W2,Margarin Blue Band 200g,Sembako,5.0,5.0,8100.0,7360.0,1.7935811651813252,0.03846153846153855,0.09135802469135802,POLA_TIDAK_BIASA,-0.02021855506488268
2025-08-06,W5,Baterai AAA ABC 2pcs,RumahTangga,1.0,1.0,8500.0,6180.0,1.4473519220310231,0.03658536585365857,0.27294117647058824,POLA_TIDAK_BIASA,-0.020216498566367425
2026-07-09,W1,Plastik klip,Plastik,3.0,3.0,5400.0,3807.0,4.698332078974875,0.0,0.295,POLA_TIDAK_BIASA,-0.020213262834979262
2025-08-05,W5,Minyak goreng Sania 1L,Sembako,2.0,2.0,22000.0,18886.0,0.694087495336079,0.04761904761904767,0.14154545454545456,POLA_TIDAK_BIASA,-0.020207149723626805
2026-01-07,W1,LA Ice 16 batang,Rokok,0.0,0.0,35500.0,30626.0,-1.3093073414159544,0.0,0.13729577464788734,POLA_TIDAK_BIASA,-0.020170904943605072
2025-07-12,W3,Charger,RumahTangga,1.0,1.0,32000.0,22664.0,1.7142857142857144,0.032258064516129004,0.29175,POLA_TIDAK_BIASA,-0.02016626602596172
2026-03-02,W6,Amplop,ATK,0.0,0.0,1100.0,700.0,-0.07142857142857142,0.0,0.36363636363636365,POLA_TIDAK_BIASA,-0.020147712254110384
2026-06-02,W5,Saus tomat ABC 135ml,Bumbu,3.0,3.0,8400.0,6900.0,2.326664207966781,0.03703703703703698,0.17857142857142858,POLA_TIDAK_BIASA,-0.020100511758420314
2025-05-05,W3,Minyakita 1L,Sembako,2.0,2.0,18500.0,15967.0,-0.1209834796239567,0.05714285714285716,0.1369189189189189,POLA_TIDAK_BIASA,-0.02004071141381636
2026-03-04,W3,Wafer Tango 115g,Snack,1.0,1.0,7800.0,5581.0,0.410919288888422,0.040000000000000036,0.2844871794871795,POLA_TIDAK_BIASA,-0.020032747878256374
2025-08-04,W4,Oralit sachet,Obat,1.0,1.0,2100.0,1658.0,0.11206889696956965,0.050000000000000044,0.21047619047619048,POLA_TIDAK_BIASA,-0.020027965362391154
2025-09-11,W6,Garam Refina 500g,Sembako,5.0,5.0,4700.0,4253.0,1.2132514027692536,0.0,0.09510638297872341,POLA_TIDAK_BIASA,-0.020011038406536397
2025-09-10,W6,Gula pasir Rose Brand 1kg,Sembako,5.0,5.0,21000.0,19322.0,1.535939055147412,0.0,0.07990476190476191,POLA_TIDAK_BIASA,-0.019993723005532704
2026-07-06,W6,Minyakita 1L,Sembako,3.0,3.0,23000.0,21403.0,0.38446871984897607,0.045454545454545414,0.06943478260869565,POLA_TIDAK_BIASA,-0.019956444910206317
2026-01-06,W6,Rinso 800g,Deterjen,1.0,1.0,19500.0,16635.0,0.12471164898158088,0.054054054054053946,0.14692307692307693,POLA_TIDAK_BIASA,-0.019914951486343813
2025-12-15,W2,Baterai AAA ABC 2pcs,RumahTangga,1.0,1.0,8400.0,6422.0,1.9285714285714286,0.03703703703703698,0.23547619047619048,POLA_TIDAK_BIASA,-0.01987186197658819
2025-08-08,W5,Sabun batang Lux,Perawatan,1.0,1.0,4800.0,3884.0,1.2813632942658764,0.04347826086956519,0.19083333333333333,POLA_TIDAK_BIASA,-0.019859011705312124
2026-04-06,W6,Saus sambal sachet ABC,Bumbu,1.0,1.0,1800.0,1543.0,-0.22528177844479164,0.05882352941176472,0.14277777777777778,POLA_TIDAK_BIASA,-0.01984255797947132
2026-06-01,W2,Frestea 350ml,Minuman,8.0,8.0,4300.0,3498.0,0.4371723814694726,0.04878048780487809,0.18651162790697676,POLA_TIDAK_BIASA,-0.01982519689904405
2025-06-02,W6,Better,Snack,2.0,2.0,2500.0,1900.0,1.198555413465701,0.04166666666666674,0.24,POLA_TIDAK_BIASA,-0.019793808391683765
2026-04-06,W1,Pantyliner Laurier,Tisu,1.0,1.0,13000.0,10416.0,1.7142857142857144,0.040000000000000036,0.19876923076923078,POLA_TIDAK_BIASA,-0.019696054511042616
2026-06-01,W3,Nugget So Good 250g,Frozen,2.0,2.0,25500.0,20605.0,1.6746213700813157,0.04081632653061229,0.19196078431372549,POLA_TIDAK_BIASA,-0.019676940949913013
2025-09-05,W3,Beras medium SPHP 5kg,Sembako,2.0,2.0,78500.0,67358.0,1.371896434824058,0.0,0.14193630573248409,POLA_TIDAK_BIASA,-0.01963455551876414
2026-05-04,W3,Kopi susu Good Day sachet,Sachet,3.0,3.0,2300.0,1651.0,0.08072921046507825,0.045454545454545414,0.2821739130434783,POLA_TIDAK_BIASA,-0.019634336498547067
2025-09-03,W5,Minyakita 1L,Sembako,0.0,0.0,20500.0,16155.0,-1.2528209926244207,0.0,0.21195121951219512,POLA_TIDAK_BIASA,-0.019621435824172195
2026-04-11,W1,Amplop,ATK,0.0,0.0,1100.0,750.0,-0.5034319012363079,0.0,0.3181818181818182,POLA_TIDAK_BIASA,-0.01959934493771498
2025-05-07,W2,Kopi susu Torabika sachet,Sachet,5.0,5.0,2000.0,1550.0,-0.2779519966118559,0.05263157894736836,0.225,POLA_TIDAK_BIASA,-0.019597383093046483
2025-05-17,W2,Pantyliner Laurier,Tisu,1.0,1.0,12000.0,10250.0,1.8571428571428572,0.04347826086956519,0.14583333333333334,POLA_TIDAK_BIASA,-0.019582648702966443
2026-03-09,W2,Tepung beras Rose Brand 500g,Sembako,2.0,2.0,11000.0,9429.0,1.9374232946252097,0.0,0.14281818181818182,POLA_TIDAK_BIASA,-0.019551456891136465
2025-06-21,W1,Bohlam LED Hannochs 9W,RumahTangga,1.0,1.0,15500.0,11350.0,2.0,0.03333333333333344,0.267741935483871,POLA_TIDAK_BIASA,-0.019538423024314522
2026-01-08,W1,Sampoerna Mild 16 batang,Rokok,1.0,1.0,38500.0,36025.0,-0.794760667290742,0.0,0.06428571428571428,POLA_TIDAK_BIASA,-0.019513120040305365
2025-07-07,W4,Gula pasir Gulaku 1kg,Sembako,1.0,1.0,20000.0,17653.0,0.263624865098248,0.05263157894736836,0.11735,POLA_TIDAK_BIASA,-0.019508305522034863
2025-06-17,W5,Bohlam LED Hannochs 9W,RumahTangga,1.0,1.0,16000.0,11364.0,1.7142857142857144,0.032258064516129004,0.28975,POLA_TIDAK_BIASA,-0.019494058412153348
2026-04-13,W1,Amplop,ATK,0.0,0.0,1100.0,750.0,-0.5527352584305666,0.0,0.3181818181818182,POLA_TIDAK_BIASA,-0.019456115852999445
2025-09-02,W5,Santan Kara 65ml,Sembako,4.0,4.0,4800.0,4062.0,1.50033426184259,0.0,0.15375,POLA_TIDAK_BIASA,-0.019448887430911332
2026-01-14,W1,LA Ice 16 batang,Rokok,4.0,4.0,35500.0,32956.0,1.9885469410796106,0.0,0.07166197183098591,POLA_TIDAK_BIASA,-0.019446417412894434
2026-04-06,W2,Pasta gigi Close Up 65g,Perawatan,2.0,2.0,7400.0,6480.0,1.8803495115840265,0.04225352112676051,0.12432432432432433,POLA_TIDAK_BIASA,-0.019437551439633327
2026-06-07,W5,Isolasi,RumahTangga,1.0,1.0,3400.0,2399.0,1.7857142857142858,0.030303030303030276,0.2944117647058824,POLA_TIDAK_BIASA,-0.01935035578099009
2025-07-08,W5,Kerupuk 100g,Snack,1.0,1.0,5300.0,3894.0,0.7724908562393372,0.03921568627450989,0.26528301886792455,POLA_TIDAK_BIASA,-0.019339072601757823
2026-01-05,W3,Le Minerale 600ml,Minuman,1.0,1.0,4300.0,3250.0,0.17501912350455726,0.04878048780487809,0.2441860465116279,POLA_TIDAK_BIASA,-0.019284344570164702
2026-07-07,W3,Minyakita 1L,Sembako,3.0,3.0,24500.0,20666.0,1.6240280057364593,0.042553191489361764,0.15648979591836734,POLA_TIDAK_BIASA,-0.019271413516249614
2026-01-06,W5,Sampoerna A 16 batang,Rokok,3.0,3.0,42000.0,37760.0,0.850420064270761,0.0,0.10095238095238095,POLA_TIDAK_BIASA,-0.019232372165932432
2026-04-07,W3,Sikat,Deterjen,3.0,3.0,7800.0,6310.0,1.7398329326519755,0.040000000000000036,0.191025641025641,POLA_TIDAK_BIASA,-0.019231007889842444
2025-04-25,W6,Rautan Joyko,ATK,2.0,3.0,3000.0,2100.0,5.447047794019222,0.0,0.3,POLA_TIDAK_BIASA,-0.019198066384706558
2026-06-09,W1,Downy sachet,Deterjen,1.0,1.0,2200.0,1800.0,0.6497697840010507,0.04761904761904767,0.18181818181818182,POLA_TIDAK_BIASA,-0.019196645641286092
2025-07-07,W6,Gula pasir Rose Brand 1kg,Sembako,2.0,2.0,19000.0,17123.0,-0.4890652859637134,0.05555555555555558,0.09878947368421052,POLA_TIDAK_BIASA,-0.019183699190151393
2025-09-22,W3,Pasta gigi Close Up 65g,Perawatan,1.0,1.0,7500.0,6183.0,1.9285714285714286,0.04166666666666674,0.1756,POLA_TIDAK_BIASA,-0.019144986223261884
2025-12-02,W3,Nugget So Good 250g,Frozen,2.0,2.0,24500.0,20067.0,1.8324159418700143,0.042553191489361764,0.18093877551020407,POLA_TIDAK_BIASA,-0.01911278941331085
2025-10-10,W3,Amplop,ATK,0.0,0.0,1100.0,750.0,-0.14285714285714285,0.0,0.3181818181818182,POLA_TIDAK_BIASA,-0.019083616953265436
2026-01-11,W6,Marlboro 16 batang,Rokok,0.0,0.0,46500.0,44054.0,-0.7962882276236353,0.0,0.05260215053763441,POLA_TIDAK_BIASA,-0.019079034991759336
2025-08-04,W3,Kopi susu Torabika sachet,Sachet,1.0,1.0,2200.0,1593.0,-0.3756400525377837,0.04761904761904767,0.2759090909090909,POLA_TIDAK_BIASA,-0.019059141277580682
2025-10-10,W3,Mama Lemon 400ml,Deterjen,3.0,3.0,8500.0,7083.0,2.500000000000001,0.03658536585365857,0.16670588235294118,POLA_TIDAK_BIASA,-0.019057295818004416
2025-05-05,W2,Chocolatos sachet,Sachet,2.0,4.0,2000.0,1550.0,-0.4562264966407049,0.05263157894736836,0.225,POLA_TIDAK_BIASA,-0.019040944298784446
2026-01-06,W5,Djarum Super 12 batang,Rokok,5.0,5.0,28000.0,25754.0,0.8538848869229162,0.0,0.08021428571428571,POLA_TIDAK_BIASA,-0.019036784631409454
2026-06-01,W5,Hanger,RumahTangga,1.0,1.0,3400.0,2400.0,1.7857142857142858,0.030303030303030276,0.29411764705882354,POLA_TIDAK_BIASA,-0.019031107730004604
2026-01-16,W6,Surya 12 batang,Rokok,3.0,3.0,28000.0,26613.0,1.8838968659248014,0.0,0.04953571428571429,POLA_TIDAK_BIASA,-0.01902898887660298
2026-01-07,W5,Gudang Garam Filter 12 batang,Rokok,1.0,1.0,26500.0,24163.0,-1.0430779234551197,0.0,0.08818867924528302,POLA_TIDAK_BIASA,-0.018998748427757062
2025-04-24,W5,Rautan Joyko,ATK,2.0,2.0,3200.0,2100.0,3.857142857142857,0.0,0.34375,POLA_TIDAK_BIASA,-0.018972423563882845
2026-04-08,W2,Pasta gigi Close Up 65g,Perawatan,5.0,5.0,7400.0,6500.0,5.470107670062623,0.0,0.12162162162162163,LONJAKAN_PENJUALAN,-0.018963747064705494
2025-09-04,W6,Gula pasir Gulaku 1kg,Sembako,0.0,0.0,22000.0,18250.0,-1.238681989150029,0.0,0.17045454545454544,POLA_TIDAK_BIASA,-0.018938904027516745
2025-09-03,W5,Telur ayam 1 butir,Sembako,0.0,0.0,2700.0,2354.0,-1.1338934190276806,0.0,0.12814814814814815,POLA_TIDAK_BIASA,-0.018931496851503304
2026-01-08,W5,Esse 16 batang,Rokok,0.0,0.0,39000.0,32523.0,-1.1957754995983512,0.0,0.16607692307692307,POLA_TIDAK_BIASA,-0.018924580812758274
2025-07-07,W5,Minyakita 1L,Sembako,1.0,1.0,18500.0,15742.0,-0.5625686771261944,0.05714285714285716,0.1490810810810811,POLA_TIDAK_BIASA,-0.018923110238470597
2026-01-05,W2,Chocolatos sachet,Sachet,1.0,1.0,2100.0,1692.0,-0.9878775162301326,0.050000000000000044,0.19428571428571428,POLA_TIDAK_BIASA,-0.018892332807152412
2025-11-20,W4,Kabel USB,RumahTangga,1.0,1.0,16000.0,11677.0,2.0,0.032258064516129004,0.2701875,POLA_TIDAK_BIASA,-0.01887623215157841
2026-05-04,W2,Diapet strip,Obat,2.0,2.0,7100.0,5950.0,1.3438348575221482,0.044117647058823595,0.1619718309859155,POLA_TIDAK_BIASA,-0.018823685354814712
2025-08-09,W6,Minyak rem 100ml,LPG,1.0,1.0,15000.0,14177.0,1.5714285714285714,0.034482758620689724,0.05486666666666667,POLA_TIDAK_BIASA,-0.018822557337595303
2026-06-10,W6,Minyak rem 100ml,LPG,1.0,1.0,15000.0,14172.0,1.5714285714285714,0.034482758620689724,0.0552,POLA_TIDAK_BIASA,-0.018822557337595303
2026-01-08,W6,Marlboro 16 batang,Rokok,1.0,1.0,46500.0,44054.0,-0.28517591273601506,0.0,0.05260215053763441,POLA_TIDAK_BIASA,-0.018785447277574918
2026-01-10,W5,Korek gas,Rokok,1.0,1.0,2300.0,2147.0,-1.2774459408789616,0.0,0.06652173913043478,POLA_TIDAK_BIASA,-0.01878090708839597
2026-02-10,W1,Amplop,ATK,0.0,0.0,1100.0,750.0,-0.4446792126578232,0.0,0.3181818181818182,POLA_TIDAK_BIASA,-0.018776795575061067
2026-07-09,W6,Buku tulis Kiky,ATK,1.0,1.0,6500.0,4600.0,1.7142857142857144,0.031746031746031855,0.2923076923076923,POLA_TIDAK_BIASA,-0.018729128687349994
2025-08-04,W3,Kopi Good Day sachet,Sachet,3.0,3.0,2200.0,1593.0,-0.3541191669042981,0.04761904761904767,0.2759090909090909,POLA_TIDAK_BIASA,-0.018699966502850884
2026-04-22,W5,Tusuk sate,Plastik,3.0,3.0,5500.0,3798.0,5.714285714285714,0.0,0.3094545454545455,POLA_TIDAK_BIASA,-0.018696738258804246
2026-02-02,W4,Kuaci Rebo 100g,Snack,5.0,5.0,7600.0,5750.0,0.8305410550539484,0.041095890410958846,0.24342105263157895,POLA_TIDAK_BIASA,-0.018576219280041606
2026-04-06,W6,Sikat gigi Formula,Perawatan,2.0,2.0,7500.0,6455.0,1.9668883665763706,0.04166666666666674,0.13933333333333334,POLA_TIDAK_BIASA,-0.01857125620130473
2025-09-09,W6,Telur ayam 1kg,Sembako,4.0,4.0,36500.0,33300.0,1.141803085349784,0.0,0.08767123287671233,POLA_TIDAK_BIASA,-0.018527212501038615
2025-08-04,W4,Le Minerale 600ml,Minuman,3.0,3.0,4200.0,3341.0,0.06050041366988048,0.050000000000000044,0.20452380952380952,POLA_TIDAK_BIASA,-0.018519940138412294
2026-01-14,W6,Korek kayu,Rokok,3.0,3.0,2200.0,2061.0,1.897366596101029,0.0,0.06318181818181819,POLA_TIDAK_BIASA,-0.018512797221361454
2025-09-04,W5,Minyakita 1L,Sembako,0.0,0.0,20500.0,16155.0,-1.2528209926244207,0.0,0.21195121951219512,POLA_TIDAK_BIASA,-0.018504269741517754
2025-07-09,W6,Makaroni pedas 100g,Snack,3.0,3.0,6100.0,4642.0,2.198378336552951,0.03389830508474567,0.23901639344262296,POLA_TIDAK_BIASA,-0.01848745095460025
2025-09-08,W3,Oatmeal Quaker 35g,Mi,5.0,5.0,3800.0,3253.0,4.793151047367446,0.0,0.14394736842105263,LONJAKAN_PENJUALAN,-0.018443656115433527
2026-01-07,W6,Marlboro 16 batang,Rokok,1.0,1.0,46500.0,44054.0,-0.3056113790204452,0.0,0.05260215053763441,POLA_TIDAK_BIASA,-0.018439025891126448
2026-02-06,W1,Baby oil My Baby 50ml,Bayi,1.0,1.0,7300.0,6246.0,1.7142857142857144,0.04285714285714293,0.14438356164383562,POLA_TIDAK_BIASA,-0.018404141360716775
2025-08-10,W4,FreshCare 10ml,Obat,2.0,2.0,12500.0,10150.0,1.4699368305183318,0.04166666666666674,0.188,POLA_TIDAK_BIASA,-0.01840399680588245
2026-01-06,W6,Korek kayu,Rokok,0.0,0.0,2200.0,2061.0,-0.925018315522583,0.0,0.06318181818181819,POLA_TIDAK_BIASA,-0.018378715944413537
2026-01-13,W1,Gudang Garam 16 batang,Rokok,0.0,0.0,33500.0,31348.0,-1.249289862284753,0.0,0.06423880597014925,POLA_TIDAK_BIASA,-0.018375776221379314
2025-07-09,W1,Better,Snack,5.0,5.0,2600.0,1949.0,1.1139705935888629,0.040000000000000036,0.25038461538461537,POLA_TIDAK_BIASA,-0.018353343718490622
2025-12-02,W4,Kecap manis Sedap 135ml,Bumbu,4.0,4.0,6300.0,5086.0,5.493387589281157,0.0,0.1926984126984127,POLA_TIDAK_BIASA,-0.018337187161663104
2025-09-02,W3,Minyakita 1L,Sembako,0.0,0.0,20500.0,16412.0,-1.302362794548756,0.0,0.19941463414634147,POLA_TIDAK_BIASA,-0.018334754440885948
2025-09-19,W3,Gunting Joyko,ATK,2.0,2.0,7500.0,4905.0,3.3386861782481736,0.0,0.346,POLA_TIDAK_BIASA,-0.018276125909411522
2026-04-13,W1,Tisu Paseo,Tisu,2.0,2.0,8600.0,7050.0,2.4053511772118212,0.03614457831325302,0.18023255813953487,POLA_TIDAK_BIASA,-0.018247221009974668
2026-03-08,W4,Kabel USB,RumahTangga,1.0,1.0,16000.0,11654.0,2.0,0.032258064516129004,0.271625,POLA_TIDAK_BIASA,-0.01823830753759126
2025-09-12,W5,Tepung beras Rose Brand 500g,Sembako,2.0,2.0,10000.0,9002.0,1.709408646894566,0.0,0.0998,POLA_TIDAK_BIASA,-0.01822450054792968
2026-01-06,W4,Minyak goreng Fortune 1L,Sembako,2.0,2.0,24500.0,21441.0,1.4890409491127723,0.042553191489361764,0.12485714285714286,POLA_TIDAK_BIASA,-0.018179722063365156
2025-09-09,W5,Minyak goreng Bimoli 1L,Sembako,4.0,4.0,26500.0,22513.0,2.0066902102082085,0.0,0.15045283018867925,POLA_TIDAK_BIASA,-0.018179264639160864
2026-03-02,W3,Kopi Torabika sachet,Sachet,2.0,2.0,2300.0,1650.0,0.017014357352983095,0.045454545454545414,0.2826086956521739,POLA_TIDAK_BIASA,-0.01815052149360452
2025-07-08,W6,Basreng 100g,Snack,1.0,1.0,7200.0,5486.0,0.7299631613174961,0.04347826086956519,0.23805555555555555,POLA_TIDAK_BIASA,-0.01813305440862578
2026-01-07,W6,Bohlam LED Hannochs 9W,RumahTangga,1.0,1.0,15500.0,11395.0,2.0,0.03333333333333344,0.26483870967741935,POLA_TIDAK_BIASA,-0.01810255876319422
2025-11-16,W1,Plastik klip,Plastik,3.0,3.0,5200.0,3699.0,5.785714285714286,0.0,0.28865384615384615,POLA_TIDAK_BIASA,-0.018043612560201372
2026-02-11,W1,Amplop,ATK,0.0,0.0,1100.0,750.0,-0.4446792126578232,0.0,0.3181818181818182,POLA_TIDAK_BIASA,-0.017979591772119163
2025-08-07,W4,Deodoran Rexona 45ml,Perawatan,1.0,1.0,19000.0,15977.0,0.0560445877137621,0.05555555555555558,0.15910526315789475,POLA_TIDAK_BIASA,-0.01794540548597323
2026-05-22,W4,Klem selang,LPG,1.0,1.0,5200.0,4756.0,1.2472827609304495,0.040000000000000036,0.08538461538461538,POLA_TIDAK_BIASA,-0.017865558076719412
2026-07-12,W3,Minyak kayu putih Cap Lang 30ml (Bayi),Bayi,1.0,1.0,11500.0,9549.0,1.0844160586017297,0.045454545454545414,0.1696521739130435,POLA_TIDAK_BIASA,-0.017852637762354462
2026-01-08,W1,Tembakau linting,Rokok,4.0,4.0,17500.0,15786.0,0.725543947664377,0.0,0.09794285714285714,POLA_TIDAK_BIASA,-0.01784019942805326
2025-06-11,W6,Bubur bayi Promina 120g,Bayi,1.0,1.0,12500.0,10603.0,1.9285714285714286,0.04166666666666674,0.15176,POLA_TIDAK_BIASA,-0.01783842324478868
2026-01-06,W5,Gudang Garam Filter 12 batang,Rokok,5.0,5.0,26500.0,24163.0,0.6067560109697149,0.0,0.08818867924528302,POLA_TIDAK_BIASA,-0.017808698447721816
2026-02-07,W6,Baterai AA ABC 2pcs,RumahTangga,1.0,1.0,8100.0,6233.0,1.7857142857142858,0.03846153846153855,0.23049382716049382,POLA_TIDAK_BIASA,-0.017800283437354958
2026-03-04,W1,Pengharum mobil,LPG,2.0,2.0,16000.0,14678.0,2.345315121280862,0.032258064516129004,0.082625,POLA_TIDAK_BIASA,-0.017788589355957618
2026-01-07,W1,Tembakau linting,Rokok,0.0,0.0,17500.0,14911.0,-1.164244939275396,0.0,0.14794285714285715,POLA_TIDAK_BIASA,-0.01778308038762999
2026-01-13,W5,Gudang Garam Filter 12 batang,Rokok,1.0,1.0,26500.0,24163.0,-1.2480754415067656,0.0,0.08818867924528302,POLA_TIDAK_BIASA,-0.017765336447366886
2025-12-11,W2,Shampoo Clear sachet,Perawatan,5.0,5.0,1600.0,1350.0,5.412019177150974,0.0,0.15625,LONJAKAN_PENJUALAN,-0.017758857223465485
2026-01-06,W1,Sampoerna Mild 16 batang,Rokok,3.0,3.0,38500.0,36025.0,0.0767640944282297,0.0,0.06428571428571428,POLA_TIDAK_BIASA,-0.017684224160950723
2026-01-31,W2,Korek gas,Rokok,10.0,10.0,2300.0,2203.0,5.777208652769045,0.0,0.04217391304347826,LONJAKAN_PENJUALAN,-0.01767987687717587
2026-01-09,W6,Marlboro 16 batang,Rokok,1.0,1.0,46500.0,44054.0,-0.28517591273601506,0.0,0.05260215053763441,POLA_TIDAK_BIASA,-0.01766959992999262
2026-02-12,W1,Amplop,ATK,0.0,0.0,1100.0,750.0,-0.4446792126578232,0.0,0.3181818181818182,POLA_TIDAK_BIASA,-0.017660961875158088
2025-12-02,W6,Molto sachet,Deterjen,2.0,2.0,2200.0,1800.0,0.631452190888981,0.04761904761904767,0.18181818181818182,POLA_TIDAK_BIASA,-0.017656273504198294
2025-09-01,W2,Salonpas 10 pcs,Obat,4.0,4.0,15000.0,12690.0,2.9551812947207057,0.034482758620689724,0.154,POLA_TIDAK_BIASA,-0.017647045733434674
2026-07-06,W4,Roma Kelapa 300g,Snack,1.0,1.0,9700.0,7129.0,-0.9732801109103554,0.043010752688172005,0.2650515463917526,POLA_TIDAK_BIASA,-0.017637824666893565
2026-07-10,W1,Stabilo,ATK,3.0,3.0,8600.0,5913.0,4.698332078974874,0.0,0.3124418604651163,POLA_TIDAK_BIASA,-0.017603608217803268
2025-04-23,W1,Susu formula SGM 200g,Bayi,1.0,1.0,26000.0,22200.0,2.0,0.040000000000000036,0.14615384615384616,POLA_TIDAK_BIASA,-0.017573409402472095
2026-01-06,W2,Marlboro 16 batang,Rokok,2.0,2.0,45500.0,43252.0,0.1124339644381442,0.0,0.0494065934065934,POLA_TIDAK_BIASA,-0.0175543563750703
2026-01-07,W2,Marlboro 16 batang,Rokok,1.0,1.0,45500.0,43252.0,-0.5171962364154632,0.0,0.0494065934065934,POLA_TIDAK_BIASA,-0.017542435261507228
2026-04-09,W2,Molto sachet,Deterjen,1.0,1.0,2100.0,1849.0,0.42018966686107484,0.050000000000000044,0.11952380952380952,POLA_TIDAK_BIASA,-0.01748595243513118
2025-11-03,W5,Korek kayu,Rokok,5.0,5.0,2100.0,1950.0,0.07243193924712815,0.050000000000000044,0.07142857142857142,POLA_TIDAK_BIASA,-0.017475251259132962
2025-05-07,W3,Hanger,RumahTangga,1.0,1.0,3200.0,2300.0,1.9285714285714286,0.032258064516129004,0.28125,POLA_TIDAK_BIASA,-0.017470492226738465
2025-06-03,W5,Baby powder My Baby 50g,Bayi,1.0,1.0,7400.0,6307.0,1.8571428571428572,0.04225352112676051,0.1477027027027027,POLA_TIDAK_BIASA,-0.017455357544863603
2026-03-16,W1,Charger,RumahTangga,1.0,1.0,32000.0,23417.0,2.0,0.032258064516129004,0.26821875,POLA_TIDAK_BIASA,-0.017441710615140882
2026-01-14,W3,Pantyliner Laurier,Tisu,1.0,1.0,13500.0,10250.0,1.3425716882204486,0.03846153846153855,0.24074074074074073,POLA_TIDAK_BIASA,-0.017436214261435823
2026-01-17,W3,Indomie Cup,Mi,1.0,1.0,7000.0,5864.0,1.2472827609304489,0.04477611940298498,0.16228571428571428,POLA_TIDAK_BIASA,-0.01743005079248361
2025-12-06,W5,Hanger,RumahTangga,1.0,1.0,3300.0,2342.0,1.8571428571428572,0.03125,0.2903030303030303,POLA_TIDAK_BIASA,-0.017423051179764948
2025-09-11,W2,Regulator gas,LPG,1.0,1.0,100000.0,94625.0,2.0,0.030927835051546282,0.05375,POLA_TIDAK_BIASA,-0.01740308465555429
2025-08-20,W3,Shampoo Pantene sachet,Perawatan,2.0,2.0,1600.0,1350.0,3.3771544847390573,0.0,0.15625,POLA_TIDAK_BIASA,-0.017390335254028888
2025-10-06,W1,Better,Snack,5.0,5.0,2600.0,1941.0,0.7004721851584953,0.040000000000000036,0.25346153846153846,POLA_TIDAK_BIASA,-0.017358314019714993
2026-01-18,W1,Gudang Garam 16 batang,Rokok,6.0,6.0,33500.0,31348.0,2.4499607532178342,0.0,0.06423880597014925,POLA_TIDAK_BIASA,-0.01733432649098665
2026-03-10,W6,Minyak goreng Bimoli 1L,Sembako,3.0,3.0,28500.0,26493.0,1.9691773852215748,0.0,0.07042105263157895,POLA_TIDAK_BIASA,-0.01732689006093102
2026-01-14,W1,LA Bold 16 batang,Rokok,3.0,3.0,35000.0,32631.0,0.7773786076028447,0.0,0.06768571428571428,POLA_TIDAK_BIASA,-0.017321722314390997
2026-01-16,W1,Tembakau linting,Rokok,6.0,6.0,17500.0,15786.0,1.9364916731037096,0.0,0.09794285714285714,POLA_TIDAK_BIASA,-0.01731199396784011
2025-12-07,W5,Kerupuk 100g,Snack,6.0,8.0,5500.0,3941.0,6.235582449079049,0.0,0.28345454545454546,LONJAKAN_PENJUALAN,-0.01730861979735243
2026-01-09,W5,Djarum Super 12 batang,Rokok,0.0,0.0,28000.0,25754.0,-1.3732131246511894,0.0,0.08021428571428571,POLA_TIDAK_BIASA,-0.017307515142837127
2025-07-11,W6,Minyak goreng Fortune 1L,Sembako,1.0,1.0,20500.0,18686.0,-0.7268155677785233,0.05128205128205132,0.08848780487804878,POLA_TIDAK_BIASA,-0.017306032123413306
2026-06-02,W4,Super Pell 450ml,Deterjen,2.0,2.0,8600.0,7050.0,2.6025985406441516,0.03614457831325302,0.18023255813953487,POLA_TIDAK_BIASA,-0.017282000248949658
2026-06-01,W1,Keripik kentang Chitato 68g,Snack,2.0,2.0,13000.0,9450.0,-0.9898680263941337,0.040000000000000036,0.27307692307692305,POLA_TIDAK_BIASA,-0.017267901381204376
2025-09-01,W5,Mi ayam bawang Indomie,Mi,1.0,1.0,3800.0,3240.0,-0.23618874648666513,0.05555555555555558,0.14736842105263157,POLA_TIDAK_BIASA,-0.017221930423315213
2025-11-22,W1,Cuka 100ml,Bumbu,4.0,4.0,4600.0,3849.0,2.930969944561678,0.0,0.1632608695652174,POLA_TIDAK_BIASA,-0.017191480421450134
2026-03-03,W6,Amplop,ATK,0.0,0.0,1100.0,700.0,-0.07142857142857142,0.0,0.36363636363636365,POLA_TIDAK_BIASA,-0.017191357614881553
2025-12-25,W3,Buku tulis Kiky,ATK,3.0,3.0,6400.0,4341.0,5.928571428571429,0.0,0.32171875,POLA_TIDAK_BIASA,-0.017177408724477816
2025-12-01,W3,Bubur bayi Promina 120g,Bayi,1.0,1.0,13500.0,10849.0,1.5714285714285714,0.03846153846153855,0.19637037037037036,POLA_TIDAK_BIASA,-0.01714485234691787
2025-12-01,W6,Kopi Torabika sachet,Sachet,1.0,1.0,2200.0,1608.0,-0.0767057836131635,0.04761904761904767,0.2690909090909091,POLA_TIDAK_BIASA,-0.017057449271329572
2026-01-09,W6,Korek kayu,Rokok,2.0,2.0,2200.0,2061.0,0.7280034992186449,0.0,0.06318181818181819,POLA_TIDAK_BIASA,-0.017043548567223787
2025-05-05,W3,Bubur bayi Promina 120g,Bayi,1.0,1.0,13000.0,10506.0,1.4473519220310231,0.040000000000000036,0.19184615384615383,POLA_TIDAK_BIASA,-0.017032671891838658
2026-06-01,W4,FreshCare 10ml,Obat,2.0,2.0,13000.0,10350.0,1.2513845915762947,0.040000000000000036,0.20384615384615384,POLA_TIDAK_BIASA,-0.01701682559583917
2026-01-14,W6,Marlboro 16 batang,Rokok,2.0,2.0,46500.0,44054.0,0.5877208336035051,0.0,0.05260215053763441,POLA_TIDAK_BIASA,-0.017001609774002335
2026-01-17,W3,Sampoerna A 16 batang,Rokok,2.0,2.0,42000.0,37995.0,1.807972658303193,0.0,0.09535714285714286,POLA_TIDAK_BIASA,-0.0169561755614418
2025-04-07,W6,Daia sachet,Deterjen,2.0,2.0,2100.0,1745.0,0.29186341048270625,0.050000000000000044,0.16904761904761906,POLA_TIDAK_BIASA,-0.016930160078864498
2026-01-05,W1,Mi goreng Sedaap,Mi,1.0,1.0,3700.0,3199.0,-0.3845537492919735,0.05714285714285716,0.1354054054054054,POLA_TIDAK_BIASA,-0.016928864761112217
2026-04-09,W2,Regulator gas,LPG,1.0,1.0,103000.0,97106.0,2.0,0.030000000000000027,0.05722330097087379,POLA_TIDAK_BIASA,-0.016892585537893412
2025-08-04,W4,Permen Kopiko,Snack,5.0,5.0,8300.0,6150.0,1.2106668764421875,0.03750000000000009,0.25903614457831325,POLA_TIDAK_BIASA,-0.016885275487137252
2025-11-09,W2,Teh Tong Tji sachet,Sachet,0.0,0.0,1100.0,850.0,-1.7844631302507552,0.0,0.22727272727272727,POLA_TIDAK_BIASA,-0.01685700782755739
2026-01-09,W6,LA Ice 16 batang,Rokok,0.0,0.0,35000.0,33579.0,-0.7482698938894863,0.0,0.0406,POLA_TIDAK_BIASA,-0.01684388189680419
2026-06-01,W2,Deodoran Rexona sachet,Perawatan,2.0,2.0,4300.0,3750.0,0.5973401067611972,0.04878048780487809,0.12790697674418605,POLA_TIDAK_BIASA,-0.016843598502695012
2025-09-16,W2,Minyak goreng Fortune 1L,Sembako,5.0,5.0,22500.0,20652.0,3.8953363552069598,0.0,0.08213333333333334,POLA_TIDAK_BIASA,-0.016826075641449667
2026-01-08,W1,LA Ice 16 batang,Rokok,0.0,0.0,35500.0,30626.0,-1.3093073414159544,0.0,0.13729577464788734,POLA_TIDAK_BIASA,-0.016822094566194656
2026-01-08,W2,Marlboro 16 batang,Rokok,1.0,1.0,45500.0,43252.0,-0.5506192283444006,0.0,0.0494065934065934,POLA_TIDAK_BIASA,-0.01679864451025781
2025-09-01,W5,Body lotion Citra 100ml,Perawatan,1.0,1.0,10500.0,8575.0,0.36681261567265006,0.050000000000000044,0.18333333333333332,POLA_TIDAK_BIASA,-0.016759437124153176
2026-06-03,W5,Bohlam LED Hannochs 9W,RumahTangga,1.0,1.0,17000.0,12067.0,1.7142857142857144,0.030303030303030276,0.2901764705882353,POLA_TIDAK_BIASA,-0.01675149305443835
2025-09-06,W2,Tepung terigu Segitiga Biru 1kg,Sembako,4.0,4.0,16500.0,15026.0,1.7037904171917053,0.0,0.08933333333333333,POLA_TIDAK_BIASA,-0.016731165266202552
2025-07-25,W4,Plastik kresek kecil,Plastik,5.0,5.0,5200.0,3700.0,6.320341866661596,0.0,0.28846153846153844,LONJAKAN_PENJUALAN,-0.016713321288464145
2026-03-11,W3,Beras medium SPHP 5kg,Sembako,2.0,2.0,89500.0,72443.0,2.9607217052389467,0.0,0.1905810055865922,POLA_TIDAK_BIASA,-0.01668984964792053
2025-09-09,W6,Garam Refina 500g,Sembako,0.0,0.0,4700.0,4253.0,-1.1135321093909587,0.0,0.09510638297872341,POLA_TIDAK_BIASA,-0.016661782532239933
2026-01-11,W6,Gudang Garam 16 batang,Rokok,2.0,2.0,33000.0,30756.0,0.7274129241858922,0.0,0.068,POLA_TIDAK_BIASA,-0.01665771995436871
2025-09-04,W4,Beras medium SPHP 5kg,Sembako,1.0,1.0,76000.0,62311.0,1.7857142857142858,0.0,0.18011842105263157,POLA_TIDAK_BIASA,-0.016644377512148867
2025-09-09,W6,Pop Mie,Mi,8.0,8.0,6300.0,5488.0,9.401457823176601,0.0,0.1288888888888889,LONJAKAN_PENJUALAN,-0.01663903779166842
2025-10-12,W6,Popok MamyPoko isi 10,Bayi,1.0,1.0,25500.0,22476.0,1.7857142857142858,0.04081632653061229,0.11858823529411765,POLA_TIDAK_BIASA,-0.016630780811441426
2026-07-08,W6,Pasta gigi Close Up 65g,Perawatan,1.0,1.0,7500.0,6450.0,1.6428571428571428,0.04166666666666674,0.14,POLA_TIDAK_BIASA,-0.01661920369236547
2026-03-07,W5,Bubur bayi Promina 120g,Bayi,1.0,1.0,13000.0,11333.0,1.7142857142857144,0.040000000000000036,0.12823076923076923,POLA_TIDAK_BIASA,-0.016612813203970234
2025-09-08,W5,Minyak goreng Bimoli 1L,Sembako,3.0,3.0,26500.0,22513.0,1.3517943875820544,0.0,0.15045283018867925,POLA_TIDAK_BIASA,-0.016567386125343808
2026-01-08,W3,Sampoerna A 16 batang,Rokok,1.0,1.0,42000.0,37995.0,0.5423917974909579,0.0,0.09535714285714286,POLA_TIDAK_BIASA,-0.016567049803713818
2026-06-02,W6,Kopi Good Day sachet,Sachet,1.0,1.0,2200.0,1650.0,-0.5569894239774124,0.04761904761904767,0.25,POLA_TIDAK_BIASA,-0.016470090114872882
2025-08-13,W3,Popok MamyPoko isi 10,Bayi,1.0,1.0,27000.0,22952.0,2.0,0.03846153846153855,0.14992592592592593,POLA_TIDAK_BIASA,-0.016431849774677598
2025-08-04,W3,Es krim cup Wall's,Frozen,2.0,2.0,5400.0,4391.0,1.5526475085202966,0.03846153846153855,0.18685185185185185,POLA_TIDAK_BIASA,-0.016407225731309594
2025-08-04,W2,Oreo 119g,Snack,8.0,8.0,8100.0,6200.0,1.4173158799885146,0.03846153846153855,0.2345679012345679,POLA_TIDAK_BIASA,-0.01632117730453564
2025-05-05,W4,Pulpen Standard AE7,ATK,1.0,1.0,2600.0,1800.0,-0.06378648833438431,0.040000000000000036,0.3076923076923077,POLA_TIDAK_BIASA,-0.016280443890603347
2025-09-09,W1,Tepung beras Rose Brand 500g,Sembako,2.0,2.0,10000.0,8926.0,1.1123011359837427,0.0,0.1074,POLA_TIDAK_BIASA,-0.016252228439684102
2025-08-14,W6,Rinso 800g,Deterjen,5.0,5.0,18500.0,15558.0,5.281498167179526,0.0,0.15902702702702703,LONJAKAN_PENJUALAN,-0.016175418200132463
2026-05-05,W4,Oatmeal Quaker 35g,Mi,7.0,7.0,3900.0,3400.0,-0.25710234770027507,0.054054054054053946,0.1282051282051282,POLA_TIDAK_BIASA,-0.016164583199230753
2025-12-08,W2,Amplop,ATK,0.0,0.0,1100.0,744.0,-0.8605187056135811,0.0,0.3236363636363636,POLA_TIDAK_BIASA,-0.01615974407095888
2026-01-08,W1,Djarum Super 16 batang,Rokok,0.0,0.0,35500.0,30050.0,-1.3758114488755873,0.0,0.15352112676056337,POLA_TIDAK_BIASA,-0.01615294011831503
2026-07-06,W4,Kopi susu Good Day sachet,Sachet,6.0,7.0,2200.0,1700.0,0.2247631061320728,0.04761904761904767,0.22727272727272727,POLA_TIDAK_BIASA,-0.016144922082132696
2026-01-11,W5,Korek gas,Rokok,1.0,1.0,2300.0,2189.0,-1.188789646872461,0.0,0.04826086956521739,POLA_TIDAK_BIASA,-0.016141499986310537
2026-06-04,W4,Pantyliner Laurier,Tisu,1.0,1.0,13500.0,10739.0,1.3830269216621036,0.03846153846153855,0.20451851851851852,POLA_TIDAK_BIASA,-0.016139455400847713
2025-11-03,W2,Permen Relaxa,Snack,7.0,7.0,7100.0,5544.0,0.5048267902790239,0.044117647058823595,0.2191549295774648,POLA_TIDAK_BIASA,-0.01609709890703126
2025-09-05,W6,Gula pasir Gulaku 1kg,Sembako,0.0,0.0,22000.0,18250.0,-1.1857534800359038,0.0,0.17045454545454544,POLA_TIDAK_BIASA,-0.01607251583260938
2026-01-09,W5,Makaroni 200g,Mi,2.0,2.0,7700.0,6518.0,1.8803495115840239,0.04054054054054057,0.1535064935064935,POLA_TIDAK_BIASA,-0.01606451070894499
2025-06-09,W4,Hanger,RumahTangga,1.0,1.0,3100.0,2290.0,2.0,0.03333333333333344,0.26129032258064516,POLA_TIDAK_BIASA,-0.016060258753092915
2026-01-13,W6,Marlboro 16 batang,Rokok,0.0,0.0,46500.0,44054.0,-0.7836277781380068,0.0,0.05260215053763441,POLA_TIDAK_BIASA,-0.016053144752276816
2026-07-12,W6,Nutrisari sachet,Sachet,11.0,11.0,2200.0,1650.0,5.281498167179534,0.0,0.25,LONJAKAN_PENJUALAN,-0.015976127420468833
2026-03-02,W3,Kopi susu Torabika sachet,Sachet,1.0,1.0,2300.0,1649.0,-0.25203912927789623,0.045454545454545414,0.28304347826086956,POLA_TIDAK_BIASA,-0.015971217309822094
2025-12-09,W3,Isolasi,RumahTangga,1.0,1.0,3300.0,2392.0,2.0,0.03125,0.27515151515151515,POLA_TIDAK_BIASA,-0.015960811842838707
2026-02-22,W3,Hanger,RumahTangga,1.0,1.0,3300.0,2392.0,2.0,0.03125,0.27515151515151515,POLA_TIDAK_BIASA,-0.015960811842838707
2025-12-06,W2,Amplop,ATK,1.0,1.0,1100.0,744.0,-0.028311967607302407,0.0,0.3236363636363636,POLA_TIDAK_BIASA,-0.015956753208602015
2025-07-10,W5,Bubur bayi Promina 120g,Bayi,1.0,1.0,12500.0,10800.0,1.7857142857142858,0.04166666666666674,0.136,POLA_TIDAK_BIASA,-0.015943119731143374
2025-08-12,W2,Korek gas,Rokok,10.0,10.0,2050.0,1950.0,3.713456228229293,0.0,0.04878048780487805,POLA_TIDAK_BIASA,-0.01581874577098552
2025-07-07,W2,Kapas Selection,Tisu,2.0,2.0,5000.0,4249.0,1.5367309785007335,0.04166666666666674,0.1502,POLA_TIDAK_BIASA,-0.015812872210675732
2026-06-03,W6,Cokelat SilverQueen,Snack,1.0,1.0,13500.0,9769.0,0.5034319012363088,0.03846153846153855,0.2763703703703704,POLA_TIDAK_BIASA,-0.015805368470494408
2026-01-07,W5,Sampoerna A 16 batang,Rokok,0.0,0.0,42000.0,37760.0,-1.1433775636089882,0.0,0.10095238095238095,POLA_TIDAK_BIASA,-0.015796954998681834
2026-01-06,W2,Gudang Garam Filter 12 batang,Rokok,1.0,1.0,26000.0,24912.0,-0.517196236415462,0.0,0.041846153846153845,POLA_TIDAK_BIASA,-0.015725404294357537
2026-06-05,W6,Diapet strip,Obat,2.0,2.0,7500.0,6287.0,1.4999999999999993,0.04166666666666674,0.16173333333333334,POLA_TIDAK_BIASA,-0.015719221283607032
2026-03-11,W1,Sikat,Deterjen,2.0,2.0,7600.0,6351.0,1.8664648843005334,0.041095890410958846,0.1643421052631579,POLA_TIDAK_BIASA,-0.01571913383814949
2025-08-16,W5,Pasta gigi Sensodyne 40g,Perawatan,3.0,3.0,21500.0,17816.0,5.571428571428571,0.0,0.17134883720930233,POLA_TIDAK_BIASA,-0.01570831369374326
2025-10-08,W1,Makaroni 200g,Mi,3.0,3.0,7300.0,6387.0,1.3198240351921797,0.04285714285714293,0.12506849315068494,POLA_TIDAK_BIASA,-0.01570118688079203
2026-04-23,W3,Buku tulis Sinar Dunia,ATK,2.0,2.0,4500.0,3100.0,3.9285714285714284,0.0,0.3111111111111111,POLA_TIDAK_BIASA,-0.01568844812428527
2025-09-08,W4,Garam Refina 500g,Sembako,3.0,3.0,4700.0,4118.0,1.3099089069617833,0.0,0.12382978723404256,POLA_TIDAK_BIASA,-0.015687202488351426
2025-12-01,W5,Isolasi,RumahTangga,1.0,1.0,3300.0,2350.0,1.8571428571428572,0.03125,0.2878787878787879,POLA_TIDAK_BIASA,-0.01567374291425716
2025-09-03,W5,Minyak goreng Bimoli 1L,Sembako,0.0,0.0,26500.0,20864.0,-0.8530066183425644,0.0,0.21267924528301888,POLA_TIDAK_BIASA,-0.015660235928424915
2026-01-15,W5,Surya 16 batang,Rokok,0.0,0.0,37500.0,33886.0,-1.7671030604558178,0.0,0.09637333333333334,POLA_TIDAK_BIASA,-0.015646806567148785
2026-01-11,W1,Sampoerna Mild 16 batang,Rokok,2.0,2.0,38500.0,36025.0,-0.2553193489040971,0.0,0.06428571428571428,POLA_TIDAK_BIASA,-0.015643415152282847
2026-03-04,W1,Bohlam LED Philips 5W,RumahTangga,1.0,1.0,16500.0,12020.0,2.0,0.03125,0.27151515151515154,POLA_TIDAK_BIASA,-0.015533538982121509
2026-05-12,W2,Teh Sariwangi 1 kantong,Sachet,11.0,11.0,600.0,450.0,0.7917176265696354,0.0,0.25,POLA_TIDAK_BIASA,-0.015529144772370107
2026-01-10,W6,LA Bold 16 batang,Rokok,2.0,2.0,33500.0,31940.0,0.5598262171054439,0.0,0.046567164179104475,POLA_TIDAK_BIASA,-0.015518884717830028
2025-11-04,W1,Rinso sachet,Deterjen,7.0,7.0,2700.0,2242.0,6.055661673257688,0.0,0.16962962962962963,LONJAKAN_PENJUALAN,-0.015512801426932676
2026-04-14,W4,Hanger,RumahTangga,1.0,1.0,3300.0,2396.0,2.0,0.03125,0.2739393939393939,POLA_TIDAK_BIASA,-0.01550060600644898
2026-05-31,W4,Kabel USB,RumahTangga,1.0,1.0,16500.0,11993.0,2.0,0.03125,0.27315151515151515,POLA_TIDAK_BIASA,-0.01550060600644898
2026-03-02,W1,Kopi susu Good Day sachet,Sachet,3.0,3.0,2200.0,1650.0,0.028819520885211967,0.04761904761904767,0.25,POLA_TIDAK_BIASA,-0.015499973926647481
2026-01-18,W3,Sampoerna A 16 batang,Rokok,2.0,2.0,42000.0,37995.0,2.0005951495444934,0.0,0.09535714285714286,POLA_TIDAK_BIASA,-0.015492819245640499
2026-01-09,W1,Sampoerna Mild 16 batang,Rokok,1.0,1.0,38500.0,36025.0,-0.7443252652587528,0.0,0.06428571428571428,POLA_TIDAK_BIASA,-0.015487142727653835
2025-07-07,W5,Kopi ABC sachet,Sachet,3.0,3.0,2100.0,1595.0,-0.6169358932925537,0.050000000000000044,0.24047619047619048,POLA_TIDAK_BIASA,-0.015464052530900996
2025-06-02,W4,Garam Refina 500g,Sembako,2.0,2.0,4200.0,3747.0,0.24277905506317138,0.050000000000000044,0.10785714285714286,POLA_TIDAK_BIASA,-0.015460997637941176
2025-09-11,W5,Teh Tong Tji sachet,Sachet,10.0,10.0,1100.0,850.0,3.2959122330530746,0.0,0.22727272727272727,POLA_TIDAK_BIASA,-0.015460881535613313
2026-02-08,W4,Beras medium SPHP 5kg,Sembako,1.0,1.0,79000.0,69823.0,1.7142857142857144,0.03947368421052633,0.11616455696202532,POLA_TIDAK_BIASA,-0.015451375374285647
2026-01-07,W6,Korek gas,Rokok,0.0,0.0,2300.0,2151.0,-1.0643315575303887,0.0,0.06478260869565218,POLA_TIDAK_BIASA,-0.01545128147513164
2025-12-01,W3,Beras medium SPHP 5kg,Sembako,3.0,3.0,81000.0,69604.0,3.070939965044508,0.031847133757961776,0.14069135802469135,POLA_TIDAK_BIASA,-0.015410270315687646
2026-02-03,W2,Gelas plastik,Plastik,1.0,1.0,8400.0,6250.0,1.3830269216621036,0.03703703703703698,0.25595238095238093,POLA_TIDAK_BIASA,-0.015347942380258162
2026-03-02,W1,Kuaci Rebo 100g,Snack,1.0,1.0,7300.0,5352.0,-0.8460302846034954,0.04285714285714293,0.26684931506849313,POLA_TIDAK_BIASA,-0.015297432400130817
2025-03-05,W3,Tusuk gigi,Plastik,2.0,2.0,3200.0,2100.0,3.7142857142857144,0.0,0.34375,POLA_TIDAK_BIASA,-0.015293150173157799
2025-09-09,W5,Telur ayam 1 butir,Sembako,6.0,6.0,2700.0,2354.0,1.7695884546891312,0.0,0.12814814814814815,POLA_TIDAK_BIASA,-0.015286205516225837
2026-02-13,W1,Tepung beras Rose Brand 500g,Sembako,6.0,6.0,10500.0,9186.0,7.719146276383768,0.0,0.12514285714285714,LONJAKAN_PENJUALAN,-0.01528194452898668
2025-09-04,W5,Telur ayam 1 butir,Sembako,0.0,0.0,2700.0,2354.0,-1.0986144193410643,0.0,0.12814814814814815,POLA_TIDAK_BIASA,-0.015270990922129357
2026-03-07,W3,Pasta gigi Close Up 65g,Perawatan,1.0,1.0,7800.0,6434.0,1.6341143382057652,0.040000000000000036,0.17512820512820512,POLA_TIDAK_BIASA,-0.015270916795081413
2025-03-12,W6,Spons cuci piring,Plastik,2.0,2.0,3000.0,2150.0,1.4888750009563956,0.034482758620689724,0.2833333333333333,POLA_TIDAK_BIASA,-0.01523900784246146
2025-09-02,W5,Gula pasir Rose Brand 1kg,Sembako,0.0,0.0,22500.0,17612.0,-1.0657975966236113,0.0,0.21724444444444443,POLA_TIDAK_BIASA,-0.015218454942727777
2025-09-07,W5,Beras medium SPHP 5kg,Sembako,1.0,1.0,78000.0,60931.0,0.9475142485638551,0.0,0.21883333333333332,POLA_TIDAK_BIASA,-0.015173920649886763
2025-09-07,W6,Garam Refina 500g,Sembako,4.0,4.0,4700.0,4269.0,0.6758453353343743,0.0,0.09170212765957447,POLA_TIDAK_BIASA,-0.015156543214053464
2026-01-06,W5,Korek kayu,Rokok,5.0,5.0,2300.0,2172.0,0.4250460799287327,0.0,0.05565217391304348,POLA_TIDAK_BIASA,-0.015150418091707252
2025-09-14,W2,Garam Dolphin 500g,Sembako,4.0,4.0,4000.0,3613.0,2.7680339346852225,0.0,0.09675,POLA_TIDAK_BIASA,-0.015140329466297953
2025-06-02,W6,Santan Kara 65ml,Sembako,4.0,4.0,4100.0,3700.0,0.05771365544796609,0.05128205128205132,0.0975609756097561,POLA_TIDAK_BIASA,-0.015114734607083347
2025-11-08,W4,Pantyliner Laurier,Tisu,1.0,1.0,13000.0,10463.0,1.190826279056167,0.040000000000000036,0.19515384615384615,POLA_TIDAK_BIASA,-0.01505399070263247
2025-05-08,W4,Map,ATK,1.0,1.0,2600.0,1800.0,-0.11588858076450682,0.040000000000000036,0.3076923076923077,POLA_TIDAK_BIASA,-0.015036650718590283
2026-01-10,W1,LA Bold 16 batang,Rokok,1.0,1.0,35000.0,32631.0,-0.396295080212055,0.0,0.06768571428571428,POLA_TIDAK_BIASA,-0.01502879602486984
2025-10-11,W5,Tisu basah Cussons,Tisu,1.0,1.0,9900.0,8035.0,1.2472827609304498,0.042105263157894646,0.18838383838383838,POLA_TIDAK_BIASA,-0.015008795401063368
2025-09-03,W1,Garam Refina 500g,Sembako,0.0,0.0,4600.0,3651.0,-1.058151100440358,0.0,0.20630434782608695,POLA_TIDAK_BIASA,-0.014980344172622062
2025-09-05,W5,Gula pasir Rose Brand 1kg,Sembako,3.0,3.0,22500.0,17612.0,1.3228756555322958,0.0,0.21724444444444443,POLA_TIDAK_BIASA,-0.014978067178737287
2026-04-26,W2,Beras premium 10kg,Sembako,0.0,0.0,190500.0,133150.0,-0.07142857142857142,0.0,0.3010498687664042,POLA_TIDAK_BIASA,-0.014958029226680103
2026-04-27,W2,Beras premium 10kg,Sembako,0.0,0.0,190500.0,133150.0,-0.07142857142857142,0.0,0.3010498687664042,POLA_TIDAK_BIASA,-0.014958029226680103
2026-01-16,W4,Sampoerna Mild 16 batang,Rokok,2.0,2.0,38500.0,35252.0,1.1426915416265186,0.0,0.08436363636363636,POLA_TIDAK_BIASA,-0.014933725571465772
2026-06-01,W2,Permen Relaxa,Snack,4.0,7.0,7400.0,5650.0,0.7106572558721999,0.04225352112676051,0.23648648648648649,POLA_TIDAK_BIASA,-0.014932616716577307
2026-01-10,W1,Sampoerna Mild 16 batang,Rokok,1.0,1.0,38500.0,36025.0,-0.7231890633212773,0.0,0.06428571428571428,POLA_TIDAK_BIASA,-0.014912323397901828
2026-01-09,W6,Esse 16 batang,Rokok,2.0,2.0,38000.0,32836.0,0.9819805060619667,0.0,0.13589473684210526,POLA_TIDAK_BIASA,-0.014882832419600978
2026-04-26,W5,Tusuk sate,Plastik,4.0,5.0,5500.0,3798.0,6.780591057890132,0.0,0.3094545454545455,LONJAKAN_PENJUALAN,-0.014863101283389635
2025-05-05,W5,Astor,Snack,1.0,1.0,2700.0,1909.0,-0.6427900702769762,0.03846153846153855,0.292962962962963,POLA_TIDAK_BIASA,-0.014828754530670119
2025-07-08,W1,Kecap manis Bango 135ml,Bumbu,2.0,2.0,7300.0,6219.0,1.38985812884817,0.04285714285714293,0.1480821917808219,POLA_TIDAK_BIASA,-0.014820505151449392
2026-01-06,W6,Gudang Garam 16 batang,Rokok,1.0,1.0,33000.0,30756.0,-0.028311967607302407,0.0,0.068,POLA_TIDAK_BIASA,-0.014805247038466751
2026-07-08,W1,Mi jumbo Indomie,Mi,3.0,3.0,5100.0,4390.0,1.5666989036012795,0.04081632653061229,0.1392156862745098,POLA_TIDAK_BIASA,-0.01476968216373098
2025-10-19,W3,Bohlam LED Philips 5W,RumahTangga,1.0,1.0,16500.0,11877.0,1.9285714285714286,0.03125,0.2801818181818182,POLA_TIDAK_BIASA,-0.014768661830780738
2025-05-05,W2,Astor,Snack,17.0,17.0,2500.0,1950.0,1.1127418502160047,0.04166666666666674,0.22,POLA_TIDAK_BIASA,-0.01474597935366384
2026-06-01,W4,Saus sambal ABC 135ml,Bumbu,2.0,2.0,8400.0,7140.0,2.118404437929015,0.03703703703703698,0.15,POLA_TIDAK_BIASA,-0.01474596441881526
2026-04-14,W1,Amplop,ATK,0.0,0.0,1100.0,750.0,-0.5527352584305666,0.0,0.3181818181818182,POLA_TIDAK_BIASA,-0.014728299405011303
2026-05-16,W6,Sedotan,Plastik,5.0,5.0,5300.0,3800.0,6.472552984241662,0.0,0.2830188679245283,LONJAKAN_PENJUALAN,-0.014681250409243063
2025-09-02,W2,Tepung terigu Segitiga Biru 1kg,Sembako,0.0,0.0,16500.0,13986.0,-1.289557984231931,0.0,0.15236363636363637,POLA_TIDAK_BIASA,-0.014677681044731994
2026-01-07,W3,Djarum Super 12 batang,Rokok,0.0,0.0,27000.0,24953.0,-0.8860079347061022,0.0,0.07581481481481482,POLA_TIDAK_BIASA,-0.014642613367747526
2026-02-09,W5,Tisu Tessa,Tisu,1.0,1.0,7400.0,5983.0,1.1449869800965815,0.04225352112676051,0.19148648648648647,POLA_TIDAK_BIASA,-0.014565801475828755
2025-11-03,W1,Surya 12 batang,Rokok,1.0,1.0,26000.0,23825.0,-1.2956799662227207,0.040000000000000036,0.08365384615384615,POLA_TIDAK_BIASA,-0.014558472631585495
2025-09-03,W1,Garam Dolphin 500g,Sembako,4.0,4.0,4100.0,3391.0,1.7660961296906539,0.0,0.17292682926829267,POLA_TIDAK_BIASA,-0.014552631407677152
2026-01-18,W6,LA Ice 16 batang,Rokok,2.0,2.0,35000.0,33579.0,1.4568956606044074,0.0,0.0406,POLA_TIDAK_BIASA,-0.014537637909916579
2026-03-03,W3,Beras medium 1kg,Sembako,0.0,0.0,19000.0,16557.0,-1.0635267994045208,0.0,0.12857894736842104,POLA_TIDAK_BIASA,-0.014525840220866892
2026-01-08,W6,Korek kayu,Rokok,0.0,0.0,2200.0,2061.0,-0.9706713322915265,0.0,0.06318181818181819,POLA_TIDAK_BIASA,-0.014503377808972484
2025-10-06,W5,Sprite 390ml,Minuman,8.0,8.0,6300.0,4969.0,2.4392651533923138,0.032786885245901676,0.21126984126984127,POLA_TIDAK_BIASA,-0.014433175562432954
2026-01-13,W2,Korek gas,Rokok,1.0,1.0,2300.0,2223.0,-0.7249966021043645,0.0,0.033478260869565214,POLA_TIDAK_BIASA,-0.014425470439136223
2025-09-05,W4,Beras medium SPHP 5kg,Sembako,1.0,1.0,76000.0,62311.0,1.7142857142857144,0.0,0.18011842105263157,POLA_TIDAK_BIASA,-0.014421192575510888
2025-06-02,W6,Nugget Fiesta 250g,Frozen,3.0,3.0,25500.0,21300.0,1.749354906129993,0.04081632653061229,0.16470588235294117,POLA_TIDAK_BIASA,-0.014405983857679328
2025-06-03,W4,Buku tulis Kiky,ATK,2.0,2.0,6200.0,4350.0,0.8818445268783227,0.03333333333333344,0.29838709677419356,POLA_TIDAK_BIASA,-0.014402018531635696
2025-10-12,W3,Amplop,ATK,0.0,0.0,1100.0,750.0,-0.2918634104827062,0.0,0.3181818181818182,POLA_TIDAK_BIASA,-0.014400363175994246
2026-01-10,W6,Korek gas,Rokok,3.0,3.0,2300.0,2151.0,0.9613444204799911,0.0,0.06478260869565218,POLA_TIDAK_BIASA,-0.014394445646803589
2026-02-07,W1,Kabel USB,RumahTangga,1.0,1.0,16000.0,11805.0,2.0,0.032258064516129004,0.2621875,POLA_TIDAK_BIASA,-0.014361435171938441
2026-03-03,W3,Snack kentang Qtela 60g,Snack,3.0,3.0,8800.0,6399.0,1.3725815755968909,0.03529411764705892,0.2728409090909091,POLA_TIDAK_BIASA,-0.014338594358871082
2025-09-05,W5,Minyakita 1L,Sembako,4.0,4.0,20500.0,16155.0,1.7820904430872875,0.0,0.21195121951219512,POLA_TIDAK_BIASA,-0.01433040407413999
2026-02-02,W1,Nutrisari sachet,Sachet,2.0,2.0,2200.0,1650.0,-0.49655000002592314,0.04761904761904767,0.25,POLA_TIDAK_BIASA,-0.014328421143290138
2025-07-18,W6,Kapas Selection,Tisu,1.0,1.0,5100.0,4257.0,1.8571428571428572,0.04081632653061229,0.1652941176470588,POLA_TIDAK_BIASA,-0.014287262679712698
2025-11-03,W3,Buavita 250ml,Minuman,5.0,5.0,7500.0,5727.0,0.7443252652587528,0.04166666666666674,0.2364,POLA_TIDAK_BIASA,-0.01427617063689024
2025-09-03,W5,Gula pasir Rose Brand 1kg,Sembako,0.0,0.0,22500.0,17612.0,-1.0657975966236113,0.0,0.21724444444444443,POLA_TIDAK_BIASA,-0.014181845345942135
2026-03-07,W1,Garam Dolphin 500g,Sembako,2.0,2.0,4600.0,3793.0,1.336306209562123,0.0,0.17543478260869566,POLA_TIDAK_BIASA,-0.014178220818097387
2025-11-04,W3,Tisu Tessa,Tisu,1.0,1.0,7500.0,5850.0,0.9654197822441803,0.04166666666666674,0.22,POLA_TIDAK_BIASA,-0.0141542480940815
2025-05-05,W6,Garam Refina 500g,Sembako,2.0,2.0,4100.0,3693.0,0.02088375045689736,0.05128205128205132,0.09926829268292683,POLA_TIDAK_BIASA,-0.014142558436158081
2026-06-07,W4,Pantyliner Laurier,Tisu,5.0,5.0,13500.0,11006.0,9.714285714285714,0.0,0.18474074074074073,LONJAKAN_PENJUALAN,-0.014141389088560885
2025-09-07,W2,Beras medium 1kg,Sembako,0.0,0.0,16000.0,13363.0,-1.7341522784986527,0.0,0.1648125,POLA_TIDAK_BIASA,-0.014137844790055865
2026-01-10,W3,Sampoerna A 16 batang,Rokok,1.0,1.0,42000.0,37995.0,0.5423917974909579,0.0,0.09535714285714286,POLA_TIDAK_BIASA,-0.014133766331062558
2026-02-05,W1,Makaroni pedas 100g,Snack,10.0,10.0,6600.0,4863.0,7.973311041798079,0.0,0.2631818181818182,LONJAKAN_PENJUALAN,-0.014095313843892288
2025-10-13,W3,Amplop,ATK,0.0,0.0,1100.0,750.0,-0.2918634104827062,0.0,0.3181818181818182,POLA_TIDAK_BIASA,-0.014083347353043285
2025-08-09,W6,Bohlam LED Hannochs 9W,RumahTangga,1.0,1.0,15000.0,11382.0,2.0,0.034482758620689724,0.2412,POLA_TIDAK_BIASA,-0.014059887810933258
2026-01-09,W1,Djarum Super 16 batang,Rokok,0.0,0.0,35500.0,30050.0,-1.362770287738494,0.0,0.15352112676056337,POLA_TIDAK_BIASA,-0.01405689469647664
2025-09-02,W2,Daia sachet,Deterjen,1.0,1.0,2000.0,1750.0,0.087289550902307,0.05263157894736836,0.125,POLA_TIDAK_BIASA,-0.014016995321709858
2025-05-14,W3,Khong Guan 200g,Snack,2.0,2.0,9600.0,7033.0,1.9322554270169032,0.032258064516129004,0.26739583333333333,POLA_TIDAK_BIASA,-0.014006483333962816
2026-07-07,W4,Spons (kebersihan),Deterjen,4.0,4.0,3400.0,2703.0,3.045832168071492,0.030303030303030276,0.205,POLA_TIDAK_BIASA,-0.013966794904026747
2026-01-12,W6,Marlboro 16 batang,Rokok,1.0,1.0,46500.0,44054.0,-0.0979534722672508,0.0,0.05260215053763441,POLA_TIDAK_BIASA,-0.01393810911396165
2025-08-08,W2,Tepung beras Rose Brand 500g,Sembako,5.0,5.0,8800.0,8234.0,4.262360762187353,0.0,0.06431818181818182,LONJAKAN_PENJUALAN,-0.01393318565086954
2025-09-01,W2,Mi goreng Sarimi,Mi,13.0,13.0,3000.0,2650.0,2.413162591065656,0.034482758620689724,0.11666666666666667,POLA_TIDAK_BIASA,-0.0138805664190913
2025-09-09,W4,Garam Refina 500g,Sembako,3.0,3.0,4700.0,4118.0,1.2467793857442864,0.0,0.12382978723404256,POLA_TIDAK_BIASA,-0.013862203021659192
2025-08-05,W3,Sunlight sachet,Deterjen,2.0,2.0,2200.0,1750.0,0.10487829526144726,0.04761904761904767,0.20454545454545456,POLA_TIDAK_BIASA,-0.013832804933961884
2026-06-01,W3,Indomilk 190ml,Minuman,6.0,6.0,5600.0,4263.0,1.4837255325534562,0.03703703703703698,0.23875,POLA_TIDAK_BIASA,-0.013795907519584705
2026-01-07,W6,Djarum Super 12 batang,Rokok,0.0,0.0,26500.0,23513.0,-0.9063269671749657,0.0,0.11271698113207547,POLA_TIDAK_BIASA,-0.013769276947388387
2026-03-08,W4,Beras medium 1kg,Sembako,1.0,1.0,19000.0,16885.0,0.7703288865196414,0.0,0.11131578947368422,POLA_TIDAK_BIASA,-0.013763288943922203
2025-09-15,W1,Keset,RumahTangga,1.0,1.0,16000.0,11490.0,1.8571428571428572,0.032258064516129004,0.281875,POLA_TIDAK_BIASA,-0.013727460147430315
2025-07-09,W6,Kopi ABC sachet,Sachet,1.0,1.0,2100.0,1600.0,-0.3453645648234212,0.050000000000000044,0.23809523809523808,POLA_TIDAK_BIASA,-0.013712094994449808
2026-01-05,W2,Beng-Beng,Snack,1.0,1.0,2600.0,2049.0,-1.378589409405964,0.040000000000000036,0.21192307692307694,POLA_TIDAK_BIASA,-0.013708504828380819
2026-07-06,W5,Baby powder My Baby 50g,Bayi,1.0,1.0,8000.0,6696.0,1.9285714285714286,0.03896103896103886,0.163,POLA_TIDAK_BIASA,-0.013706907863097917
2026-01-09,W2,Marlboro 16 batang,Rokok,2.0,2.0,45500.0,43252.0,0.09176987139073339,0.0,0.0494065934065934,POLA_TIDAK_BIASA,-0.013693531307206741
2026-01-10,W6,LA Ice 16 batang,Rokok,0.0,0.0,35000.0,33579.0,-0.7482698938894863,0.0,0.0406,POLA_TIDAK_BIASA,-0.013692647232885102
2026-03-03,W3,Kopi Good Day sachet,Sachet,2.0,2.0,2300.0,1651.0,-0.263145288736689,0.045454545454545414,0.2821739130434783,POLA_TIDAK_BIASA,-0.013626170136516791
2025-09-10,W6,Telur ayam 1kg,Sembako,0.0,0.0,36500.0,33300.0,-1.366031096143642,0.0,0.08767123287671233,POLA_TIDAK_BIASA,-0.013605407224449029
2025-09-06,W1,Garam Refina 500g,Sembako,0.0,0.0,4600.0,3651.0,-0.9499031731666063,0.0,0.20630434782608695,POLA_TIDAK_BIASA,-0.013599239522026352
2026-01-12,W6,Gudang Garam 16 batang,Rokok,0.0,0.0,33000.0,30756.0,-0.9019920259905064,0.0,0.068,POLA_TIDAK_BIASA,-0.013590797464564486
2025-09-02,W5,Astor,Snack,3.0,3.0,2800.0,2007.0,0.6552838120327166,0.03703703703703698,0.2832142857142857,POLA_TIDAK_BIASA,-0.013588029536867219
2026-04-15,W6,Kabel USB,RumahTangga,1.0,1.0,16000.0,11815.0,2.0,0.032258064516129004,0.2615625,POLA_TIDAK_BIASA,-0.013578484132956259
2025-11-03,W4,Sikat,Deterjen,3.0,3.0,7300.0,6186.0,1.295267948721026,0.04285714285714293,0.1526027397260274,POLA_TIDAK_BIASA,-0.013576033057322134
2026-03-04,W5,Attack sachet,Deterjen,2.0,2.0,2800.0,2233.0,1.932255427016902,0.03703703703703698,0.2025,POLA_TIDAK_BIASA,-0.013565339752726335
2026-06-01,W2,Teh Pucuk 350ml,Minuman,6.0,6.0,4300.0,3450.0,-0.733016666137832,0.04878048780487809,0.19767441860465115,POLA_TIDAK_BIASA,-0.013505006095835936
2025-09-05,W5,Minyak goreng Bimoli 1L,Sembako,0.0,0.0,26500.0,20864.0,-0.9457324874869204,0.0,0.21267924528301888,POLA_TIDAK_BIASA,-0.013445024915284542
2026-01-08,W4,Sampoerna Mild 16 batang,Rokok,1.0,1.0,38500.0,35252.0,0.08951790150218536,0.0,0.08436363636363636,POLA_TIDAK_BIASA,-0.013392997289924602
2026-03-07,W6,Teh Gelas 350ml,Minuman,4.0,4.0,2600.0,2150.0,1.4441181803750152,0.040000000000000036,0.17307692307692307,POLA_TIDAK_BIASA,-0.013355272819185693
2026-01-06,W1,Surya 12 batang,Rokok,4.0,4.0,28500.0,24532.0,1.3174650984805196,0.0,0.1392280701754386,POLA_TIDAK_BIASA,-0.013350184584371316
2025-12-01,W2,Frestea 350ml,Minuman,4.0,4.0,4100.0,3300.0,-0.4265450747677479,0.05128205128205132,0.1951219512195122,POLA_TIDAK_BIASA,-0.013311441926171952
2025-12-01,W1,Teh Pucuk 350ml,Minuman,4.0,4.0,4200.0,3296.0,-0.1566980317030935,0.050000000000000044,0.21523809523809523,POLA_TIDAK_BIASA,-0.013292791833845463
2025-09-03,W1,Tisu Paseo,Tisu,1.0,1.0,8300.0,6603.0,1.57485197087178,0.03750000000000009,0.2044578313253012,POLA_TIDAK_BIASA,-0.013276275124272652
2026-01-10,W5,Surya 16 batang,Rokok,8.0,8.0,37500.0,33886.0,0.7569836191489382,0.0,0.09637333333333334,POLA_TIDAK_BIASA,-0.013222637115430258
2025-05-05,W6,Cappuccino Good Day sachet,Sachet,4.0,4.0,2500.0,1958.0,1.0328740957959373,0.04166666666666674,0.2168,POLA_TIDAK_BIASA,-0.01320759561714746
2026-02-08,W4,Charger,RumahTangga,1.0,1.0,34000.0,24734.0,1.9285714285714286,0.030303030303030276,0.2725294117647059,POLA_TIDAK_BIASA,-0.01315835333934956
2025-05-05,W6,Kopi Kapal Api sachet,Sachet,2.0,2.0,2100.0,1599.0,-0.51521634912119,0.050000000000000044,0.23857142857142857,POLA_TIDAK_BIASA,-0.01313983879703462
2025-08-19,W3,Map,ATK,2.0,2.0,2700.0,1800.0,3.857142857142857,0.0,0.3333333333333333,POLA_TIDAK_BIASA,-0.013116197759508563
2026-03-02,W1,Bubur bayi Promina 120g,Bayi,1.0,1.0,13000.0,11019.0,1.7142857142857144,0.040000000000000036,0.1523846153846154,POLA_TIDAK_BIASA,-0.013102405602890554
2026-01-09,W5,Surya 16 batang,Rokok,2.0,2.0,37500.0,33886.0,-1.0104496045629123,0.0,0.09637333333333334,POLA_TIDAK_BIASA,-0.0130742541441774
2026-05-04,W3,Isolasi,RumahTangga,1.0,1.0,3400.0,2437.0,1.8571428571428572,0.030303030303030276,0.2832352941176471,POLA_TIDAK_BIASA,-0.013053498152826193
2026-07-11,W1,Merica bubuk Ladaku,Bumbu,3.0,3.0,1800.0,1500.0,4.252488623287993,0.0,0.16666666666666666,POLA_TIDAK_BIASA,-0.01303391050001379
2026-03-12,W5,Minyakita 1L,Sembako,5.0,5.0,23000.0,18589.0,2.4452858513854396,0.0,0.19178260869565217,POLA_TIDAK_BIASA,-0.01300056990801679
2025-07-09,W6,Buavita 250ml,Minuman,4.0,4.0,7200.0,5802.0,0.6373324868411547,0.04347826086956519,0.19416666666666665,POLA_TIDAK_BIASA,-0.012978467432303908
2026-02-13,W1,Amplop,ATK,0.0,0.0,1100.0,750.0,-0.4446792126578232,0.0,0.3181818181818182,POLA_TIDAK_BIASA,-0.012945132225292255
2025-04-07,W2,Beras medium SPHP 5kg,Sembako,2.0,2.0,65500.0,59647.0,1.1264088922239568,0.039682539682539764,0.0893587786259542,POLA_TIDAK_BIASA,-0.012943703366890325
2026-02-04,W6,Bubur bayi Promina 120g,Bayi,1.0,1.0,13000.0,11131.0,1.8571428571428572,0.040000000000000036,0.14376923076923076,POLA_TIDAK_BIASA,-0.012905158119009719
2025-09-02,W6,Santan Kara 65ml,Sembako,3.0,3.0,4600.0,4222.0,-0.20225995873897276,0.0,0.08217391304347826,POLA_TIDAK_BIASA,-0.01288454194430233
2026-01-07,W2,Gudang Garam 16 batang,Rokok,0.0,0.0,32500.0,28922.0,-0.9636241116594316,0.0,0.1100923076923077,POLA_TIDAK_BIASA,-0.012874326822870263
2025-10-06,W4,Susu formula SGM 200g,Bayi,1.0,1.0,26000.0,22272.0,1.7142857142857144,0.040000000000000036,0.1433846153846154,POLA_TIDAK_BIASA,-0.012865430516798448
2025-10-19,W5,Korek gas,Rokok,16.0,16.0,2100.0,1958.0,4.718380182434251,0.0,0.06761904761904762,LONJAKAN_PENJUALAN,-0.012833721176098267
2025-08-04,W2,Teh Pucuk 350ml,Minuman,4.0,4.0,4100.0,3300.0,-0.3079498027753885,0.05128205128205132,0.1951219512195122,POLA_TIDAK_BIASA,-0.012810542435299777
2026-05-05,W6,Basreng 100g,Snack,2.0,2.0,7500.0,5792.0,0.7026480525229436,0.04166666666666674,0.22773333333333334,POLA_TIDAK_BIASA,-0.012769906926109909
2025-09-05,W2,Minyak goreng Bimoli 1L,Sembako,0.0,0.0,25000.0,23200.0,-0.9899671703693828,0.0,0.072,POLA_TIDAK_BIASA,-0.012731392508228967
2026-02-02,W2,Parfum Gatsby 100ml,Perawatan,1.0,1.0,26000.0,22480.0,1.5714285714285714,0.040000000000000036,0.13538461538461538,POLA_TIDAK_BIASA,-0.012702296512048905
2026-03-04,W1,Pasta gigi Sensodyne 40g,Perawatan,1.0,1.0,21000.0,17300.0,0.178017248729078,0.050000000000000044,0.1761904761904762,POLA_TIDAK_BIASA,-0.01268537626808397
2025-10-07,W5,Tepung beras Rose Brand 500g,Sembako,1.0,1.0,10500.0,8918.0,0.22397578611606375,0.050000000000000044,0.15066666666666667,POLA_TIDAK_BIASA,-0.01267849965581902
2025-09-08,W3,Tepung terigu Segitiga Biru 1kg,Sembako,3.0,3.0,17500.0,13952.0,2.8181074009533895,0.0,0.20274285714285714,POLA_TIDAK_BIASA,-0.012676431244881492
2026-01-08,W2,Gudang Garam 16 batang,Rokok,0.0,0.0,32500.0,28922.0,-0.9449111825230682,0.0,0.1100923076923077,POLA_TIDAK_BIASA,-0.012659882783752296
2025-11-03,W2,Sampoerna A 16 batang,Rokok,1.0,1.0,36500.0,35067.0,-0.5330874715167312,0.04285714285714293,0.03926027397260274,POLA_TIDAK_BIASA,-0.012633746054801831
2026-02-05,W4,Teh Tong Tji sachet,Sachet,10.0,10.0,1100.0,850.0,1.9698253459049997,0.0,0.22727272727272727,POLA_TIDAK_BIASA,-0.012615473173792635
2025-09-05,W5,Beras premium 5kg,Sembako,0.0,0.0,90500.0,72149.0,-0.9258200997725514,0.0,0.20277348066298342,POLA_TIDAK_BIASA,-0.012565544947282903
2026-01-08,W6,Surya 12 batang,Rokok,0.0,0.0,28000.0,26613.0,-0.8027018340487517,0.0,0.04953571428571429,POLA_TIDAK_BIASA,-0.012565185364406428
2025-10-09,W2,Pantyliner Laurier,Tisu,2.0,2.0,12500.0,10405.0,1.2867535563282813,0.04166666666666674,0.1676,POLA_TIDAK_BIASA,-0.012553083495604356
2026-04-10,W5,Masker,Obat,2.0,2.0,1100.0,850.0,1.5367309785007321,0.0,0.22727272727272727,POLA_TIDAK_BIASA,-0.01250113436096123
2026-03-02,W1,Aqua 600ml,Minuman,6.0,6.0,4200.0,3301.0,-0.3895651227578686,0.050000000000000044,0.21404761904761904,POLA_TIDAK_BIASA,-0.012498609861551935
2025-06-02,W4,Cuka 100ml,Bumbu,1.0,1.0,4200.0,3542.0,0.22397578611606403,0.050000000000000044,0.15666666666666668,POLA_TIDAK_BIASA,-0.012496265995614042
2026-05-04,W3,Nutrisari sachet,Sachet,1.0,1.0,2300.0,1656.0,-0.234872490150757,0.045454545454545414,0.28,POLA_TIDAK_BIASA,-0.012494123035485138
2025-12-09,W2,Amplop,ATK,0.0,0.0,1100.0,744.0,-0.8210470606117678,0.0,0.3236363636363636,POLA_TIDAK_BIASA,-0.012477809162672382
2026-02-03,W4,Teh Tong Tji sachet,Sachet,9.0,9.0,1100.0,850.0,1.855059273129371,0.0,0.22727272727272727,POLA_TIDAK_BIASA,-0.01241746229318208
2025-11-14,W1,Merica bubuk Ladaku,Bumbu,4.0,4.0,1600.0,1307.0,4.133589450264918,0.0,0.183125,POLA_TIDAK_BIASA,-0.012409821336339832
2026-01-16,W5,Gudang Garam Filter 12 batang,Rokok,0.0,0.0,26500.0,24069.0,-1.5588457268119913,0.0,0.09173584905660377,POLA_TIDAK_BIASA,-0.012389033868923538
2025-09-12,W6,Garam Dolphin 500g,Sembako,0.0,0.0,3900.0,3504.0,-1.226678782072492,0.0,0.10153846153846154,POLA_TIDAK_BIASA,-0.012367803862401772
2025-06-07,W3,Susu formula SGM 200g,Bayi,1.0,1.0,27000.0,22250.0,1.8571428571428572,0.03846153846153855,0.17592592592592593,POLA_TIDAK_BIASA,-0.01228669718521136
2025-10-09,W4,Hanger,RumahTangga,1.0,1.0,3200.0,2308.0,1.7857142857142858,0.032258064516129004,0.27875,POLA_TIDAK_BIASA,-0.012276189772597701
2026-06-02,W1,Tisu Tessa,Tisu,1.0,1.0,7600.0,6237.0,1.3363062095621219,0.041095890410958846,0.17934210526315789,POLA_TIDAK_BIASA,-0.012260873961015162
2026-01-08,W6,Djarum Super 12 batang,Rokok,0.0,0.0,26500.0,23513.0,-0.9063269671749657,0.0,0.11271698113207547,POLA_TIDAK_BIASA,-0.012233413856732267
2026-04-06,W2,Extra Joss sachet,Sachet,5.0,5.0,2100.0,1700.0,0.028994869435913537,0.050000000000000044,0.19047619047619047,POLA_TIDAK_BIASA,-0.012224924838178386
2025-09-03,W3,Beras medium SPHP 5kg,Sembako,0.0,0.0,78500.0,61141.0,-0.8082238591204872,0.0,0.22113375796178344,POLA_TIDAK_BIASA,-0.012213081931093606
2025-09-05,W6,Minyakita 1L,Sembako,1.0,1.0,19500.0,16400.0,-1.036527046855727,0.0,0.15897435897435896,POLA_TIDAK_BIASA,-0.012209132503596676
2025-11-03,W6,Le Minerale 600ml,Minuman,1.0,1.0,4100.0,3307.0,-0.6041339050881895,0.05128205128205132,0.19341463414634147,POLA_TIDAK_BIASA,-0.012200795966206157
2026-03-04,W6,Amplop,ATK,0.0,0.0,1100.0,700.0,-0.07142857142857142,0.0,0.36363636363636365,POLA_TIDAK_BIASA,-0.012189876507336939
2026-01-06,W6,Esse 16 batang,Rokok,0.0,0.0,38000.0,32836.0,-0.9819805060619667,0.0,0.13589473684210526,POLA_TIDAK_BIASA,-0.012082230202537403
2026-04-14,W5,Kabel USB,RumahTangga,1.0,1.0,17000.0,12205.0,1.7857142857142858,0.030303030303030276,0.28205882352941175,POLA_TIDAK_BIASA,-0.012071928205675042
2026-03-03,W6,Korek kayu,Rokok,1.0,1.0,2300.0,2142.0,0.19467329510701484,0.045454545454545414,0.06869565217391305,POLA_TIDAK_BIASA,-0.01201523892415024
2026-01-06,W1,Sampoerna A 16 batang,Rokok,0.0,0.0,41500.0,35697.0,-1.0642134821409048,0.0,0.13983132530120482,POLA_TIDAK_BIASA,-0.011979816676800481
2025-05-05,W6,Molto sachet,Deterjen,1.0,1.0,2100.0,1707.0,-0.631452190888981,0.050000000000000044,0.18714285714285714,POLA_TIDAK_BIASA,-0.011926950464015706
2025-06-04,W5,Es krim cup Wall's,Frozen,2.0,2.0,5300.0,4350.0,1.4888750009563958,0.03921568627450989,0.1792452830188679,POLA_TIDAK_BIASA,-0.011917647857021985
2025-09-07,W1,Garam Refina 500g,Sembako,0.0,0.0,4600.0,3651.0,-0.8851781587176716,0.0,0.20630434782608695,POLA_TIDAK_BIASA,-0.011909020823964278
2025-10-06,W5,Korek gas,Rokok,5.0,5.0,2100.0,1908.0,-0.09509842938315989,0.050000000000000044,0.09142857142857143,POLA_TIDAK_BIASA,-0.011885249629328132
2025-04-11,W1,Bohlam LED Philips 5W,RumahTangga,1.0,1.0,15500.0,11375.0,1.7857142857142858,0.03333333333333344,0.2661290322580645,POLA_TIDAK_BIASA,-0.011856003562869533
2026-05-16,W2,Teh Sariwangi 1 kantong,Sachet,11.0,11.0,600.0,450.0,0.9255290564123901,0.0,0.25,POLA_TIDAK_BIASA,-0.011851108080162875
2025-10-07,W3,FreshCare 10ml,Obat,1.0,1.0,13000.0,9951.0,0.6501542794476928,0.040000000000000036,0.23453846153846153,POLA_TIDAK_BIASA,-0.011797626262212924
2026-02-03,W3,Soklin sachet,Deterjen,1.0,1.0,2300.0,1807.0,0.31503442230820294,0.045454545454545414,0.21434782608695652,POLA_TIDAK_BIASA,-0.011778565341012515
2025-09-02,W6,Minyak goreng Sania 1L,Sembako,4.0,4.0,23000.0,19086.0,0.9639278544917702,0.0,0.17017391304347826,POLA_TIDAK_BIASA,-0.011768572563750856
2025-11-03,W2,Balsem Geliga 20g,Obat,3.0,4.0,8100.0,6762.0,1.8885427944483761,0.03846153846153855,0.16518518518518518,POLA_TIDAK_BIASA,-0.011764904611369031
2026-01-09,W2,Gudang Garam 16 batang,Rokok,0.0,0.0,32500.0,28922.0,-0.9201575383978443,0.0,0.1100923076923077,POLA_TIDAK_BIASA,-0.011763268268328964
2025-06-04,W6,Better,Snack,6.0,6.0,2500.0,1900.0,5.137816663607879,0.0,0.24,LONJAKAN_PENJUALAN,-0.011762919344787237
2026-04-28,W2,Beras premium 10kg,Sembako,0.0,0.0,190500.0,133150.0,-0.07142857142857142,0.0,0.3010498687664042,POLA_TIDAK_BIASA,-0.011750041139477196
2025-05-05,W1,Beng-Beng,Snack,6.0,6.0,2600.0,1907.0,0.33258974421442183,0.040000000000000036,0.26653846153846156,POLA_TIDAK_BIASA,-0.011744316217327633
2026-01-14,W1,Tembakau linting,Rokok,0.0,0.0,17500.0,15786.0,-1.2266787820724925,0.0,0.09794285714285714,POLA_TIDAK_BIASA,-0.011729076484303436
2026-01-11,W3,Sampoerna A 16 batang,Rokok,1.0,1.0,42000.0,37995.0,0.4998470246254544,0.0,0.09535714285714286,POLA_TIDAK_BIASA,-0.011718205377491131
2025-11-03,W6,LA Bold 16 batang,Rokok,2.0,2.0,30500.0,29262.0,0.9310139823901821,0.03389830508474567,0.04059016393442623,POLA_TIDAK_BIASA,-0.011667902947437025
2025-10-06,W2,Gudang Garam Filter 12 batang,Rokok,1.0,1.0,23500.0,22408.0,-0.6657137755131498,0.04444444444444451,0.04646808510638298,POLA_TIDAK_BIASA,-0.011621839139961732
2025-04-16,W2,Mama Lemon 400ml,Deterjen,5.0,5.0,8100.0,6942.0,7.859453441770702,0.0,0.14296296296296296,LONJAKAN_PENJUALAN,-0.01161210425183723
2026-03-05,W3,Beras medium 1kg,Sembako,0.0,0.0,19000.0,16557.0,-1.041010039247151,0.0,0.12857894736842104,POLA_TIDAK_BIASA,-0.011610454959234406
2026-03-08,W3,Gula pasir Gulaku 1kg,Sembako,2.0,2.0,25500.0,22669.0,0.882943692491612,0.0,0.11101960784313726,POLA_TIDAK_BIASA,-0.011572516336654903
2026-01-14,W2,Gudang Garam Filter 12 batang,Rokok,3.0,3.0,26000.0,24912.0,0.8524888563633414,0.0,0.041846153846153845,POLA_TIDAK_BIASA,-0.01149102597413354
2026-03-11,W3,Telur ayam 1kg,Sembako,3.0,3.0,42500.0,36515.0,1.1343309864484286,0.0,0.1408235294117647,POLA_TIDAK_BIASA,-0.011476276051657353
2025-06-11,W1,Cuka 100ml,Bumbu,1.0,1.0,4200.0,3549.0,0.2252817784447913,0.050000000000000044,0.155,POLA_TIDAK_BIASA,-0.011446500076074395
2026-05-04,W3,Permen Relaxa,Snack,1.0,1.0,7800.0,5597.0,0.07820471242968419,0.040000000000000036,0.2824358974358974,POLA_TIDAK_BIASA,-0.01142792748631194
2025-08-27,W6,Kabel USB,RumahTangga,1.0,1.0,15500.0,11573.0,2.0,0.03333333333333344,0.2533548387096774,POLA_TIDAK_BIASA,-0.011421492174184644
2025-09-10,W6,Minyak goreng Sania 1L,Sembako,1.0,1.0,23000.0,20995.0,-0.9153467632094956,0.0,0.08717391304347825,POLA_TIDAK_BIASA,-0.011417325013899804
2025-05-05,W2,Beras premium 5kg,Sembako,1.0,1.0,75500.0,70543.0,1.5714285714285714,0.03424657534246567,0.06565562913907284,POLA_TIDAK_BIASA,-0.011379598653487366
2026-01-16,W2,Marlboro 16 batang,Rokok,3.0,3.0,45500.0,43252.0,0.9930454243853899,0.0,0.0494065934065934,POLA_TIDAK_BIASA,-0.01137449772408905
2026-01-18,W4,Gudang Garam 16 batang,Rokok,3.0,3.0,34000.0,31461.0,1.7604713676217405,0.0,0.07467647058823529,POLA_TIDAK_BIASA,-0.011369545209767296
2026-01-18,W6,Korek kayu,Rokok,3.0,3.0,2200.0,2141.0,1.976779807359763,0.0,0.026818181818181817,POLA_TIDAK_BIASA,-0.011343634703575245
2025-11-29,W4,Terasi ABC 20g,Bumbu,6.0,6.0,3400.0,2651.0,5.039359571482917,0.0,0.22029411764705883,LONJAKAN_PENJUALAN,-0.011303799628086253
2026-01-10,W1,Gudang Garam 16 batang,Rokok,1.0,1.0,33500.0,31348.0,-0.8058229640253803,0.0,0.06423880597014925,POLA_TIDAK_BIASA,-0.01128623787431271
2025-11-16,W3,Lap dapur,Plastik,2.0,2.0,7500.0,5250.0,3.7857142857142856,0.0,0.3,POLA_TIDAK_BIASA,-0.011278518340039012
2025-08-04,W2,Spons (kebersihan),Deterjen,4.0,4.0,3000.0,2500.0,2.482005065370808,0.034482758620689724,0.16666666666666666,POLA_TIDAK_BIASA,-0.0112709238051234
2025-09-01,W5,Teh Pucuk 350ml,Minuman,3.0,3.0,4300.0,3259.0,-0.15445313228715207,0.04878048780487809,0.24209302325581394,POLA_TIDAK_BIASA,-0.01126438796569662
2025-09-04,W6,Minyak goreng Sania 1L,Sembako,3.0,3.0,23000.0,20542.0,0.2886751345948132,0.0,0.1068695652173913,POLA_TIDAK_BIASA,-0.011184708605336824
2026-06-01,W3,Margarin Blue Band 200g,Sembako,2.0,2.0,11500.0,9768.0,0.6392148634430272,0.045454545454545414,0.1506086956521739,POLA_TIDAK_BIASA,-0.011159291477643052
2026-01-08,W6,Gudang Garam 16 batang,Rokok,1.0,1.0,33000.0,30756.0,-0.057367913707572056,0.0,0.068,POLA_TIDAK_BIASA,-0.01111489429494894
2025-09-01,W3,Teh Pucuk 350ml,Minuman,2.0,2.0,4300.0,3338.0,-0.0186545425438203,0.04878048780487809,0.22372093023255815,POLA_TIDAK_BIASA,-0.011042689234976644
2026-01-11,W1,LA Ice 16 batang,Rokok,0.0,0.0,35500.0,30626.0,-1.3093073414159544,0.0,0.13729577464788734,POLA_TIDAK_BIASA,-0.011038575392769534
2025-12-05,W5,Makaroni pedas 100g,Snack,2.0,2.0,6500.0,4671.0,1.7008401285415284,0.031746031746031855,0.2813846153846154,POLA_TIDAK_BIASA,-0.011034282643926585
2025-04-30,W6,Hanger,RumahTangga,1.0,1.0,3000.0,2262.0,1.9285714285714286,0.034482758620689724,0.246,POLA_TIDAK_BIASA,-0.011012994832871104
2025-06-02,W5,Gula pasir Rose Brand 1kg,Sembako,1.0,1.0,20000.0,17054.0,-0.27961639470054,0.05263157894736836,0.1473,POLA_TIDAK_BIASA,-0.011002693858411128
2026-03-02,W2,Kacang atom Garuda 100g,Snack,1.0,1.0,7400.0,5600.0,-0.9102628783578238,0.04225352112676051,0.24324324324324326,POLA_TIDAK_BIASA,-0.010982113513072433
2025-09-04,W5,Gula pasir Rose Brand 1kg,Sembako,0.0,0.0,22500.0,17612.0,-1.011210264465226,0.0,0.21724444444444443,POLA_TIDAK_BIASA,-0.01094895073359492
2025-09-02,W1,Garam Dolphin 500g,Sembako,3.0,3.0,4100.0,3391.0,1.1908262790561674,0.0,0.17292682926829267,POLA_TIDAK_BIASA,-0.010943218758190043
2026-01-05,W4,Rautan Joyko,ATK,1.0,1.0,3200.0,2205.0,0.5729463126713069,0.032258064516129004,0.3109375,POLA_TIDAK_BIASA,-0.010911296321983843
2026-03-04,W6,Garam Refina 500g,Sembako,0.0,0.0,5200.0,4663.0,-1.0271469120957377,0.0,0.10326923076923077,POLA_TIDAK_BIASA,-0.010908601490162484
2025-09-06,W1,Gula pasir curah 1kg,Sembako,0.0,0.0,21500.0,17100.0,-0.823754471047914,0.0,0.20465116279069767,POLA_TIDAK_BIASA,-0.010882654936996472
2025-07-09,W4,Kukubima sachet,Minuman,1.0,1.0,2600.0,2044.0,-1.1896294646875905,0.040000000000000036,0.21384615384615385,POLA_TIDAK_BIASA,-0.010866765277798729
2025-09-03,W3,Margarin Blue Band 500g,Sembako,0.0,0.0,22000.0,16862.0,-0.8446655849827024,0.0,0.23354545454545456,POLA_TIDAK_BIASA,-0.010808336929345463
2025-09-05,W5,Telur ayam 1 butir,Sembako,4.0,4.0,2700.0,2354.0,0.8588787283704317,0.0,0.12814814814814815,POLA_TIDAK_BIASA,-0.010775813114945465
2026-04-14,W5,Tusuk sate,Plastik,2.0,2.0,5500.0,3798.0,3.7142857142857144,0.0,0.3094545454545455,POLA_TIDAK_BIASA,-0.010749050632842372
2025-11-26,W4,Kecap manis ABC 135ml,Bumbu,3.0,3.0,6800.0,5775.0,3.7056601054818565,0.0,0.15073529411764705,POLA_TIDAK_BIASA,-0.0107311184658202
2025-09-03,W6,Garam Dolphin 500g,Sembako,2.0,2.0,3900.0,3504.0,-0.23785453779789933,0.0,0.10153846153846154,POLA_TIDAK_BIASA,-0.010715947291829564
2025-11-03,W1,Cokelat SilverQueen,Snack,2.0,5.0,13000.0,9445.0,0.27992919980417014,0.040000000000000036,0.2734615384615385,POLA_TIDAK_BIASA,-0.010707513202698027
2025-09-04,W3,Telur ayam 1kg,Sembako,0.0,0.0,38000.0,29704.0,-1.0522085616183026,0.0,0.2183157894736842,POLA_TIDAK_BIASA,-0.010703604993118954
2026-03-03,W5,Buavita 250ml,Minuman,5.0,5.0,7400.0,5789.0,0.5094714470057958,0.04225352112676051,0.2177027027027027,POLA_TIDAK_BIASA,-0.010697669784081265
2025-12-02,W6,Indomie Cup,Mi,2.0,2.0,6800.0,5918.0,2.7435160585374385,0.030303030303030276,0.12970588235294117,POLA_TIDAK_BIASA,-0.010645108144943127
2026-01-08,W3,Surya 16 batang,Rokok,0.0,0.0,36500.0,30154.0,-1.3228756555322951,0.0,0.17386301369863014,POLA_TIDAK_BIASA,-0.010633841676668698
2026-01-08,W1,Gudang Garam 16 batang,Rokok,4.0,4.0,33500.0,28835.0,0.9510542017316802,0.0,0.1392537313432836,POLA_TIDAK_BIASA,-0.010631767065390041
2026-05-04,W4,Kerupuk 100g,Snack,3.0,10.0,5400.0,4050.0,0.6123623127497629,0.03846153846153855,0.25,POLA_TIDAK_BIASA,-0.010621139030065452
2025-09-07,W3,Minyakita 1L,Sembako,0.0,0.0,20500.0,17882.0,-1.3765480708609994,0.0,0.12770731707317073,POLA_TIDAK_BIASA,-0.010563008887927383
2026-02-15,W4,Merica bubuk Ladaku,Bumbu,4.0,4.0,1800.0,1498.0,7.642857142857143,0.0,0.16777777777777778,POLA_TIDAK_BIASA,-0.010551375392675366
2026-06-16,W3,Snack jagung Chiki,Snack,4.0,4.0,3400.0,2439.0,6.488390119991734,0.0,0.2826470588235294,POLA_TIDAK_BIASA,-0.010541361947580374
2026-03-07,W2,Garam Dolphin 500g,Sembako,1.0,1.0,4400.0,4093.0,0.5539862149839573,0.0,0.06977272727272728,POLA_TIDAK_BIASA,-0.010527611805108528
2026-01-06,W6,Korek gas,Rokok,2.0,2.0,2300.0,2151.0,0.3326495719295578,0.0,0.06478260869565218,POLA_TIDAK_BIASA,-0.010513656206537214
2025-09-01,W4,Balsem Geliga 20g,Obat,3.0,3.0,8300.0,6750.0,1.7445193818070797,0.03750000000000009,0.18674698795180722,POLA_TIDAK_BIASA,-0.01042668497569399
2025-09-06,W2,Minyak goreng Bimoli 1L,Sembako,2.0,2.0,25000.0,23200.0,0.526396804757697,0.0,0.072,POLA_TIDAK_BIASA,-0.010416204503558957
2026-01-06,W1,Tembakau linting,Rokok,4.0,4.0,17500.0,14911.0,0.725543947664377,0.0,0.14794285714285715,POLA_TIDAK_BIASA,-0.01041606907780146
2026-01-07,W4,Sampoerna Mild 16 batang,Rokok,0.0,0.0,38500.0,35252.0,-0.7459825125182118,0.0,0.08436363636363636,POLA_TIDAK_BIASA,-0.010380706767899595
2026-02-17,W1,Amplop,ATK,1.0,1.0,1100.0,750.0,0.8818445268783223,0.0,0.3181818181818182,POLA_TIDAK_BIASA,-0.010377024355295084
2026-03-07,W6,Mi jumbo Indomie,Mi,1.0,1.0,4800.0,4285.0,0.7231890633212761,0.04347826086956519,0.10729166666666666,POLA_TIDAK_BIASA,-0.010370239403398651
2025-09-02,W2,Minyak goreng Bimoli 1L,Sembako,1.0,1.0,25000.0,23200.0,-0.3447684301049024,0.0,0.072,POLA_TIDAK_BIASA,-0.01036858024828069
2025-06-03,W1,Balsem Geliga 20g,Obat,2.0,2.0,8300.0,6746.0,1.5046511739534532,0.03750000000000009,0.1872289156626506,POLA_TIDAK_BIASA,-0.010336388309951317
2025-09-05,W6,Garam Dolphin 500g,Sembako,3.0,3.0,3900.0,3504.0,0.23445557402870676,0.0,0.10153846153846154,POLA_TIDAK_BIASA,-0.010322818326298222
2025-09-04,W5,Garam Dolphin 500g,Sembako,0.0,0.0,4200.0,3312.0,-0.9819805060619661,0.0,0.21142857142857144,POLA_TIDAK_BIASA,-0.010308973326898507
2025-09-10,W6,Garam Dolphin 500g,Sembako,4.0,4.0,3900.0,3504.0,0.7755230075238401,0.0,0.10153846153846154,POLA_TIDAK_BIASA,-0.010303518172217419
2026-01-07,W5,Djarum Super 16 batang,Rokok,0.0,0.0,36500.0,33360.0,-1.1099390360287265,0.0,0.08602739726027397,POLA_TIDAK_BIASA,-0.010300693760817659
2026-01-14,W6,Gudang Garam 16 batang,Rokok,2.0,2.0,33000.0,30756.0,0.745782878198437,0.0,0.068,POLA_TIDAK_BIASA,-0.010286758398644125
2026-02-09,W5,Beras medium SPHP 5kg,Sembako,1.0,1.0,81000.0,69499.0,1.6428571428571428,0.03846153846153855,0.14198765432098764,POLA_TIDAK_BIASA,-0.0102678765730434
2026-06-08,W4,Isolasi,RumahTangga,1.0,1.0,3200.0,2343.0,1.8571428571428572,0.032258064516129004,0.2678125,POLA_TIDAK_BIASA,-0.010254704491759581
2025-12-02,W1,Beras premium 5kg,Sembako,2.0,2.0,90500.0,78408.0,2.564112970341854,0.03428571428571425,0.1336132596685083,POLA_TIDAK_BIASA,-0.010254370635245591
2025-05-10,W6,FreshCare 10ml,Obat,1.0,1.0,12500.0,9911.0,0.9475142485638552,0.04166666666666674,0.20712,POLA_TIDAK_BIASA,-0.010231111183578667
2026-05-06,W2,Teh Sariwangi 1 kantong,Sachet,10.0,10.0,600.0,450.0,0.34801140629087,0.0,0.25,POLA_TIDAK_BIASA,-0.01019164183162613
2026-01-12,W6,LA Ice 16 batang,Rokok,1.0,1.0,35000.0,33579.0,0.1946732951070149,0.0,0.0406,POLA_TIDAK_BIASA,-0.010187370590141187
2026-03-02,W5,Extra Joss sachet,Sachet,4.0,4.0,2200.0,1658.0,-0.2218645694585831,0.04761904761904767,0.24636363636363637,POLA_TIDAK_BIASA,-0.010147695904722975
2026-01-12,W1,Sampoerna Mild 16 batang,Rokok,1.0,1.0,38500.0,36025.0,-0.6408452356784654,0.0,0.06428571428571428,POLA_TIDAK_BIASA,-0.010137464613588665
2025-10-06,W3,Sabun batang Lux,Perawatan,1.0,1.0,4800.0,3900.0,0.6392148634430278,0.04347826086956519,0.1875,POLA_TIDAK_BIASA,-0.010124399908881587
2025-12-03,W6,Downy sachet,Deterjen,1.0,1.0,2200.0,1846.0,0.35724788371685,0.04761904761904767,0.16090909090909092,POLA_TIDAK_BIASA,-0.010105062873860593
2026-06-01,W3,Pocari Sweat 350ml,Minuman,3.0,3.0,7500.0,5728.0,0.48906528596371324,0.04166666666666674,0.23626666666666668,POLA_TIDAK_BIASA,-0.010057081764436093
2026-01-19,W2,Korek gas,Rokok,0.0,0.0,2300.0,2223.0,-1.3387102576291463,0.0,0.033478260869565214,POLA_TIDAK_BIASA,-0.010053979787545964
2025-09-05,W2,Garam Dolphin 500g,Sembako,3.0,3.0,4000.0,3303.0,1.246120741103546,0.0,0.17425,POLA_TIDAK_BIASA,-0.010043409657281677
2025-09-02,W2,Margarin Blue Band 200g,Sembako,0.0,0.0,9100.0,7500.0,-1.069146069184652,0.0,0.17582417582417584,POLA_TIDAK_BIASA,-0.010030491010562304
2026-03-08,W5,Beras premium 5kg,Sembako,1.0,1.0,101500.0,81950.0,1.0133433417120579,0.0,0.19261083743842364,POLA_TIDAK_BIASA,-0.010006791270892101
2025-09-07,W6,Telur ayam 1kg,Sembako,3.0,5.0,36500.0,29728.0,1.8408386591887054,0.0,0.18553424657534245,POLA_TIDAK_BIASA,-0.009970607924175034
2026-01-05,W4,Basreng 100g,Snack,2.0,2.0,7600.0,5794.0,-1.1053742112241796,0.041095890410958846,0.23763157894736842,POLA_TIDAK_BIASA,-0.009954223704177756
2026-01-05,W6,Aqua 600ml,Minuman,2.0,2.0,4100.0,3391.0,-0.5724690480713946,0.05128205128205132,0.17292682926829267,POLA_TIDAK_BIASA,-0.009924527946752582
2025-05-05,W4,Kuaci Rebo 100g,Snack,8.0,8.0,7300.0,5350.0,0.025184507226983358,0.04285714285714293,0.2671232876712329,POLA_TIDAK_BIASA,-0.009906094614017369
2025-09-03,W2,Minyak goreng Fortune 1L,Sembako,2.0,2.0,22500.0,20652.0,0.6426836087352451,0.0,0.08213333333333334,POLA_TIDAK_BIASA,-0.00989865538958834
2025-10-06,W4,Korek gas,Rokok,1.0,1.0,2100.0,1909.0,-0.31758599704465257,0.050000000000000044,0.09095238095238095,POLA_TIDAK_BIASA,-0.009893870468512755
2026-01-10,W6,Korek kayu,Rokok,0.0,0.0,2200.0,2061.0,-1.0413224371010195,0.0,0.06318181818181819,POLA_TIDAK_BIASA,-0.009893659283811473
2026-03-04,W2,Minyak goreng Fortune 1L,Sembako,0.0,0.0,25500.0,21581.0,-0.9339074747464144,0.0,0.15368627450980393,POLA_TIDAK_BIASA,-0.009888572487705805
2025-08-07,W3,Bihun Rose Brand 320g,Mi,3.0,3.0,8500.0,7288.0,2.0654492920090974,0.03658536585365857,0.14258823529411765,POLA_TIDAK_BIASA,-0.009836542932772585
2025-09-06,W3,Minyakita 1L,Sembako,4.0,4.0,20500.0,17882.0,1.193008328079533,0.0,0.12770731707317073,POLA_TIDAK_BIASA,-0.00981952451019108
2025-11-10,W1,Bohlam LED Hannochs 9W,RumahTangga,1.0,1.0,16000.0,11824.0,1.9285714285714286,0.032258064516129004,0.261,POLA_TIDAK_BIASA,-0.009814282113610018
2026-03-05,W3,Sabun batang Lux,Perawatan,1.0,1.0,5000.0,4001.0,0.9387672267220716,0.04166666666666674,0.1998,POLA_TIDAK_BIASA,-0.00981383402743452
2026-07-13,W5,Beras premium 5kg,Sembako,1.0,1.0,106000.0,90799.0,0.8234379467437986,0.044334975369458185,0.1434056603773585,POLA_TIDAK_BIASA,-0.009763178283175744
2025-09-16,W6,Garam Dolphin 500g,Sembako,6.0,6.0,3900.0,3650.0,1.7261893667062518,0.0,0.0641025641025641,POLA_TIDAK_BIASA,-0.009754330459206706
2025-09-05,W3,Tepung beras Rose Brand 500g,Sembako,3.0,3.0,10500.0,8060.0,1.0112102644652263,0.0,0.23238095238095238,POLA_TIDAK_BIASA,-0.009750382730057128
2025-09-08,W6,Santan Kara 65ml,Sembako,5.0,5.0,4600.0,4222.0,0.635944279634854,0.0,0.08217391304347826,POLA_TIDAK_BIASA,-0.009741144754216169
2025-12-05,W6,Cotton bud Selection,Tisu,1.0,1.0,5300.0,4345.0,1.3425716882204477,0.03921568627450989,0.180188679245283,POLA_TIDAK_BIASA,-0.009703946074827163
2025-09-01,W3,Tisu Paseo,Tisu,1.0,1.0,8500.0,6626.0,1.7857142857142858,0.03658536585365857,0.2204705882352941,POLA_TIDAK_BIASA,-0.009669399796108147
2025-09-02,W3,Margarin Blue Band 200g,Sembako,0.0,0.0,9700.0,7693.0,-1.0375027518676225,0.0,0.20690721649484536,POLA_TIDAK_BIASA,-0.009641829540298241
2025-09-04,W3,Gula pasir Gulaku 1kg,Sembako,0.0,0.0,23000.0,17987.0,-0.9258200997725514,0.0,0.21795652173913044,POLA_TIDAK_BIASA,-0.009636468966084055
2026-01-17,W6,Surya 12 batang,Rokok,3.0,3.0,28000.0,26613.0,1.7048994186314244,0.0,0.04953571428571429,POLA_TIDAK_BIASA,-0.00962384600811661
2026-03-05,W5,Minyakita 1L,Sembako,0.0,0.0,23000.0,18589.0,-0.9291178078058633,0.0,0.19178260869565217,POLA_TIDAK_BIASA,-0.009598769245595662
2026-03-10,W3,Beras medium 1kg,Sembako,6.0,6.0,19000.0,16557.0,1.6619683051151746,0.0,0.12857894736842104,POLA_TIDAK_BIASA,-0.00959757713346121
2025-09-08,W6,Telur ayam 1kg,Sembako,0.0,0.0,36500.0,29728.0,-1.31746509848052,0.0,0.18553424657534245,POLA_TIDAK_BIASA,-0.009563335932258
2026-03-11,W5,Beras premium 5kg,Sembako,1.0,1.0,101500.0,87756.0,0.9475142485638545,0.0,0.1354088669950739,POLA_TIDAK_BIASA,-0.009528781788832652
2026-01-10,W4,Sampoerna Mild 16 batang,Rokok,0.0,0.0,38500.0,35252.0,-0.7841935786099972,0.0,0.08436363636363636,POLA_TIDAK_BIASA,-0.00951258294236701
2025-12-05,W5,Nugget Fiesta 250g,Frozen,1.0,1.0,27500.0,23050.0,1.7142857142857144,0.037735849056603765,0.1618181818181818,POLA_TIDAK_BIASA,-0.009512452987109676
2026-01-08,W6,LA Bold 16 batang,Rokok,0.0,0.0,33500.0,31940.0,-0.7231890633212772,0.0,0.046567164179104475,POLA_TIDAK_BIASA,-0.009471714324358005
2025-10-13,W3,Tusuk gigi,Plastik,1.0,1.0,3300.0,2250.0,0.5669467095138409,0.03125,0.3181818181818182,POLA_TIDAK_BIASA,-0.009469570846412645
2026-06-24,W6,Pensil Faber-Castell,ATK,3.0,3.0,3200.0,2320.0,5.928571428571429,0.0,0.275,POLA_TIDAK_BIASA,-0.009455950504171251
2026-01-12,W5,Korek gas,Rokok,1.0,1.0,2300.0,2189.0,-1.1078565272080447,0.0,0.04826086956521739,POLA_TIDAK_BIASA,-0.009446636956780052
2025-09-07,W1,Gula pasir curah 1kg,Sembako,1.0,1.0,21500.0,19322.0,0.39019948628585394,0.0,0.10130232558139535,POLA_TIDAK_BIASA,-0.00943340238277024
2025-09-03,W5,Santan Kara 65ml,Sembako,0.0,0.0,4800.0,4062.0,-1.0772772696894122,0.0,0.15375,POLA_TIDAK_BIASA,-0.009411414279911656
2025-10-14,W3,Amplop,ATK,0.0,0.0,1100.0,750.0,-0.2918634104827062,0.0,0.3181818181818182,POLA_TIDAK_BIASA,-0.009391406541441993
2026-06-01,W5,Kecap manis ABC 135ml,Bumbu,1.0,1.0,7200.0,6030.0,0.8234379467437981,0.04347826086956519,0.1625,POLA_TIDAK_BIASA,-0.00937297245770563
2025-09-07,W5,Minyakita 1L,Sembako,4.0,4.0,20500.0,16155.0,1.7600173829735752,0.0,0.21195121951219512,POLA_TIDAK_BIASA,-0.00936565641969156
2026-01-08,W5,Gudang Garam Filter 12 batang,Rokok,4.0,4.0,26500.0,24163.0,0.1571761254521413,0.0,0.08818867924528302,POLA_TIDAK_BIASA,-0.009348531219127376
2025-09-06,W5,Beras premium 5kg,Sembako,0.0,0.0,90500.0,72149.0,-0.9258200997725514,0.0,0.20277348066298342,POLA_TIDAK_BIASA,-0.009325771516413006
2025-06-13,W1,Rautan Joyko,ATK,1.0,1.0,3100.0,2150.0,0.6210590034081185,0.03333333333333344,0.3064516129032258,POLA_TIDAK_BIASA,-0.009287188746232578
2026-03-03,W1,Telur ayam 1 butir,Sembako,0.0,0.0,3100.0,2750.0,-0.9739203382329695,0.0,0.11290322580645161,POLA_TIDAK_BIASA,-0.009282491370538715
2025-08-04,W6,Pasta gigi Pepsodent 75g,Perawatan,2.0,2.0,7200.0,6206.0,0.8483775358627236,0.04347826086956519,0.13805555555555554,POLA_TIDAK_BIASA,-0.009275120552836968
2025-09-08,W3,Gula pasir Gulaku 1kg,Sembako,2.0,2.0,23000.0,19907.0,1.4090046549415864,0.0,0.1344782608695652,POLA_TIDAK_BIASA,-0.0092076601260902
2026-03-07,W6,Minyak goreng Fortune 1L,Sembako,3.0,3.0,25500.0,21770.0,0.9819805060619661,0.0,0.14627450980392157,POLA_TIDAK_BIASA,-0.009195466864636459
2026-01-09,W6,LA Bold 16 batang,Rokok,0.0,0.0,33500.0,31940.0,-0.7231890633212772,0.0,0.046567164179104475,POLA_TIDAK_BIASA,-0.009156921104351734
2026-01-14,W1,Gudang Garam 16 batang,Rokok,0.0,0.0,33500.0,31348.0,-1.161618789665083,0.0,0.06423880597014925,POLA_TIDAK_BIASA,-0.00914836172994371
2026-03-14,W1,Sikat,Deterjen,6.0,6.0,7600.0,6351.0,5.640167327446109,0.0,0.1643421052631579,LONJAKAN_PENJUALAN,-0.009148001456907084
2025-09-08,W1,Gula pasir curah 1kg,Sembako,0.0,0.0,21500.0,19322.0,-0.8451542547285166,0.0,0.10130232558139535,POLA_TIDAK_BIASA,-0.009134810969964047
2026-06-02,W6,Minyak goreng Bimoli 1L,Sembako,2.0,2.0,29500.0,27121.0,1.5197796003847979,0.03508771929824572,0.08064406779661017,POLA_TIDAK_BIASA,-0.00912330701198072
2025-08-07,W1,Tisu Tessa,Tisu,1.0,1.0,7300.0,5905.0,0.6837634587578278,0.04285714285714293,0.1910958904109589,POLA_TIDAK_BIASA,-0.009109018564790183
2026-01-11,W2,Marlboro 16 batang,Rokok,1.0,1.0,45500.0,43252.0,-0.5242965552319173,0.0,0.0494065934065934,POLA_TIDAK_BIASA,-0.009096793734750364
2026-03-10,W4,Tepung terigu Kompas 1kg,Sembako,3.0,3.0,16500.0,13559.0,3.5359394183704356,0.0,0.17824242424242423,POLA_TIDAK_BIASA,-0.009091693291051972
2026-02-02,W1,Le Minerale 1.5L,Minuman,5.0,5.0,6400.0,5056.0,2.3407355332559177,0.032258064516129004,0.21,POLA_TIDAK_BIASA,-0.009086395580392148
2025-06-07,W4,Isolasi,RumahTangga,1.0,1.0,3100.0,2300.0,1.9285714285714286,0.03333333333333344,0.25806451612903225,POLA_TIDAK_BIASA,-0.009060455986353522
2026-01-09,W3,Surya 16 batang,Rokok,0.0,0.0,36500.0,30154.0,-1.3228756555322951,0.0,0.17386301369863014,POLA_TIDAK_BIASA,-0.009058676536713328
2026-05-06,W5,Cuka 100ml,Bumbu,1.0,1.0,4800.0,3857.0,0.4876157095857697,0.04347826086956519,0.19645833333333335,POLA_TIDAK_BIASA,-0.009040724772998221
2025-12-24,W4,Selang gas,LPG,1.0,1.0,31000.0,28322.0,2.0,0.03333333333333344,0.08638709677419355,POLA_TIDAK_BIASA,-0.009035985995944129
2026-02-04,W6,Molto sachet,Deterjen,1.0,1.0,2200.0,1849.0,0.31859654643215457,0.04761904761904767,0.15954545454545455,POLA_TIDAK_BIASA,-0.00903190063139836
2025-09-07,W6,Minyakita 1L,Sembako,3.0,3.0,19500.0,17990.0,0.018113529109767084,0.0,0.07743589743589743,POLA_TIDAK_BIASA,-0.009013613396355091
2026-03-04,W1,Telur ayam 1 butir,Sembako,0.0,0.0,3100.0,2750.0,-0.9115520016278457,0.0,0.11290322580645161,POLA_TIDAK_BIASA,-0.008995893074683736
2025-06-07,W1,Sabun batang Lux,Perawatan,1.0,1.0,4700.0,3900.0,0.5695806224595924,0.04444444444444451,0.1702127659574468,POLA_TIDAK_BIASA,-0.008989695227503702
2025-09-04,W2,Minyak goreng Bimoli 1L,Sembako,1.0,1.0,25000.0,23200.0,-0.2666693004505417,0.0,0.072,POLA_TIDAK_BIASA,-0.008977806816444556
2026-03-09,W1,Garam Dolphin 500g,Sembako,2.0,2.0,4600.0,3793.0,1.2383503714791229,0.0,0.17543478260869566,POLA_TIDAK_BIASA,-0.008920654109742743
2026-01-11,W1,Djarum Super 16 batang,Rokok,0.0,0.0,35500.0,30050.0,-1.336306209562122,0.0,0.15352112676056337,POLA_TIDAK_BIASA,-0.008919690588614748
2025-09-13,W2,Shampoo H&S sachet,Perawatan,6.0,6.0,2000.0,1750.0,6.176465654753088,0.0,0.125,LONJAKAN_PENJUALAN,-0.008858193453039842
2026-04-14,W6,Hanger,RumahTangga,1.0,1.0,3200.0,2387.0,2.0,0.032258064516129004,0.2540625,POLA_TIDAK_BIASA,-0.008854988203842229
2026-01-09,W6,Djarum Super 12 batang,Rokok,0.0,0.0,26500.0,23513.0,-0.8566373172244222,0.0,0.11271698113207547,POLA_TIDAK_BIASA,-0.008829448836330966
2025-04-08,W2,Body lotion Citra 100ml,Perawatan,4.0,4.0,10000.0,8615.0,2.890218217460027,0.030927835051546282,0.1385,POLA_TIDAK_BIASA,-0.00881410122777071
2025-11-02,W5,Downy sachet,Deterjen,3.0,3.0,2100.0,1745.0,5.148930491939508,0.0,0.16904761904761906,POLA_TIDAK_BIASA,-0.008809676151350532
2025-06-10,W6,Saus sambal sachet ABC,Bumbu,12.0,12.0,1600.0,1341.0,4.228242390879415,0.0,0.161875,LONJAKAN_PENJUALAN,-0.008793957718097656
2025-09-13,W5,Teh Tong Tji sachet,Sachet,12.0,12.0,1100.0,850.0,3.6727209045442475,0.0,0.22727272727272727,POLA_TIDAK_BIASA,-0.008782307065716921
2026-01-06,W1,Cornetto,Frozen,2.0,2.0,13000.0,10750.0,1.1683860879093724,0.040000000000000036,0.17307692307692307,POLA_TIDAK_BIASA,-0.008740814522903317
2025-12-07,W5,Nugget Fiesta 250g,Frozen,3.0,3.0,27500.0,23050.0,5.642857142857143,0.0,0.1618181818181818,POLA_TIDAK_BIASA,-0.008731841311265254
2025-09-10,W6,Minyakita 1L,Sembako,4.0,4.0,19500.0,17990.0,0.3747097897153332,0.0,0.07743589743589743,POLA_TIDAK_BIASA,-0.008725560735658888
2025-08-09,W1,Promag strip,Obat,1.0,1.0,8300.0,6700.0,1.4504813352456851,0.03750000000000009,0.1927710843373494,POLA_TIDAK_BIASA,-0.008684190915301482
2025-09-11,W6,Telur ayam 1kg,Sembako,0.0,0.0,36500.0,33300.0,-1.3136431858737359,0.0,0.08767123287671233,POLA_TIDAK_BIASA,-0.008629019055669485
2025-09-04,W1,Gula pasir curah 1kg,Sembako,1.0,1.0,21500.0,17100.0,0.39019948628585394,0.0,0.20465116279069767,POLA_TIDAK_BIASA,-0.008612370983878237
2026-04-09,W6,Kacang kulit Garuda 100g,Snack,1.0,1.0,7500.0,5556.0,0.18376278301782709,0.04166666666666674,0.2592,POLA_TIDAK_BIASA,-0.008602488063968128
2025-08-05,W2,Pasta gigi Pepsodent 75g,Perawatan,2.0,2.0,7100.0,6140.0,0.785304322457338,0.044117647058823595,0.1352112676056338,POLA_TIDAK_BIASA,-0.008594275849618693
2025-08-05,W3,Pasta gigi Pepsodent 75g,Perawatan,1.0,1.0,7500.0,6095.0,0.8286144215971519,0.04166666666666674,0.18733333333333332,POLA_TIDAK_BIASA,-0.008582438860618491
2025-09-06,W6,Garam Dolphin 500g,Sembako,1.0,1.0,3900.0,3504.0,-0.6265289696129313,0.0,0.10153846153846154,POLA_TIDAK_BIASA,-0.008577157159887494
2026-03-05,W5,Gula pasir Rose Brand 1kg,Sembako,0.0,0.0,25000.0,20021.0,-0.900763571074843,0.0,0.19916,POLA_TIDAK_BIASA,-0.008572150610986706
2026-03-06,W5,Gula pasir Rose Brand 1kg,Sembako,0.0,0.0,25000.0,20021.0,-0.900763571074843,0.0,0.19916,POLA_TIDAK_BIASA,-0.008572150610986706
2026-07-07,W6,Frestea 350ml,Minuman,1.0,1.0,4300.0,3457.0,-0.03959727580113406,0.04878048780487809,0.19604651162790698,POLA_TIDAK_BIASA,-0.00857173236124198
2025-08-07,W4,Es krim cup Wall's,Frozen,2.0,2.0,5200.0,4450.0,1.401222726438512,0.040000000000000036,0.14423076923076922,POLA_TIDAK_BIASA,-0.008557498654000018
2026-04-06,W4,Pengharum mobil,LPG,1.0,1.0,15500.0,14375.0,1.6428571428571428,0.03333333333333344,0.07258064516129033,POLA_TIDAK_BIASA,-0.00854900785415813
2025-09-02,W3,Kecap manis Bango 135ml,Bumbu,3.0,3.0,7500.0,6118.0,1.0416949878497201,0.04166666666666674,0.18426666666666666,POLA_TIDAK_BIASA,-0.008548957762265497
2025-09-15,W6,Santan Kara 65ml,Sembako,9.0,10.0,4600.0,4283.0,2.405613968910013,0.0,0.06891304347826087,POLA_TIDAK_BIASA,-0.008523488829644044
2026-03-04,W4,Cuka 100ml,Bumbu,1.0,1.0,4800.0,3948.0,0.938767226722074,0.04347826086956519,0.1775,POLA_TIDAK_BIASA,-0.008512465408657466
2025-09-13,W6,Santan Kara 65ml,Sembako,7.0,7.0,4600.0,4283.0,1.3043785628698463,0.0,0.06891304347826087,POLA_TIDAK_BIASA,-0.008499844787646538
2025-12-01,W2,Paracetamol Sanmol strip,Obat,1.0,1.0,4100.0,3350.0,-0.15610327045559116,0.05128205128205132,0.18292682926829268,POLA_TIDAK_BIASA,-0.008495030039799345
2026-03-16,W1,Oli motor 0.8L,LPG,1.0,1.0,46500.0,43122.0,1.7142857142857144,0.03333333333333344,0.07264516129032259,POLA_TIDAK_BIASA,-0.008493079785299784
2026-07-06,W1,Cornetto,Frozen,2.0,2.0,13500.0,11214.0,1.39846855013414,0.03846153846153855,0.16933333333333334,POLA_TIDAK_BIASA,-0.008449961284282104
2025-09-11,W2,Minyak goreng Bimoli 1L,Sembako,4.0,4.0,25000.0,23200.0,1.3387102576291436,0.0,0.072,POLA_TIDAK_BIASA,-0.008445029078774868
2025-09-02,W4,Gula pasir curah 1kg,Sembako,0.0,0.0,21000.0,16799.0,-0.943756386879238,0.0,0.20004761904761906,POLA_TIDAK_BIASA,-0.008419775728455092
2025-08-04,W4,Tepung terigu Kompas 1kg,Sembako,2.0,2.0,13500.0,11949.0,1.3698990388431467,0.03846153846153855,0.11488888888888889,POLA_TIDAK_BIASA,-0.008397101278883712
2026-01-09,W3,Djarum Super 12 batang,Rokok,0.0,0.0,27000.0,24953.0,-0.8622909085775462,0.0,0.07581481481481482,POLA_TIDAK_BIASA,-0.008378840363210571
2025-09-07,W5,Beras premium 5kg,Sembako,0.0,0.0,90500.0,72149.0,-0.9063269671749657,0.0,0.20277348066298342,POLA_TIDAK_BIASA,-0.00837717865859755
2025-12-01,W1,Beng-Beng,Snack,6.0,6.0,2700.0,2048.0,0.547985653777246,0.03846153846153855,0.2414814814814815,POLA_TIDAK_BIASA,-0.008365852350614378
2026-03-07,W5,Minyakita 1L,Sembako,0.0,0.0,23000.0,18589.0,-0.9291178078058633,0.0,0.19178260869565217,POLA_TIDAK_BIASA,-0.00834021882691438
2026-03-06,W5,Minyakita 1L,Sembako,0.0,0.0,23000.0,18589.0,-0.9291178078058633,0.0,0.19178260869565217,POLA_TIDAK_BIASA,-0.00834021882691438
2025-09-04,W2,Tepung terigu Segitiga Biru 1kg,Sembako,0.0,0.0,16500.0,13986.0,-1.2321735695627334,0.0,0.15236363636363637,POLA_TIDAK_BIASA,-0.008332001018439561
2026-07-06,W1,Korek kayu,Rokok,1.0,1.0,2400.0,2248.0,-0.7335071085513953,0.04347826086956519,0.06333333333333334,POLA_TIDAK_BIASA,-0.00832540171742302
2025-06-02,W1,Extra Joss,Minuman,9.0,9.0,2600.0,2000.0,0.5083042452524144,0.040000000000000036,0.23076923076923078,POLA_TIDAK_BIASA,-0.008263591842540552
2026-01-07,W3,Sampoerna A 16 batang,Rokok,0.0,0.0,42000.0,37995.0,-0.7231890633212771,0.0,0.09535714285714286,POLA_TIDAK_BIASA,-0.008262069886225465
2026-01-11,W4,Sampoerna Mild 16 batang,Rokok,0.0,0.0,38500.0,35252.0,-0.7841935786099972,0.0,0.08436363636363636,POLA_TIDAK_BIASA,-0.008254187883420139
2026-03-04,W6,Cappuccino Good Day sachet,Sachet,2.0,2.0,2600.0,2050.0,0.5849494838167751,0.040000000000000036,0.21153846153846154,POLA_TIDAK_BIASA,-0.008206815555623526
2025-09-09,W1,Gula pasir curah 1kg,Sembako,0.0,0.0,21500.0,19322.0,-0.8451542547285166,0.0,0.10130232558139535,POLA_TIDAK_BIASA,-0.008191312699533437
2026-01-14,W5,Gudang Garam Filter 12 batang,Rokok,1.0,1.0,26500.0,24163.0,-1.1795246745507446,0.0,0.08818867924528302,POLA_TIDAK_BIASA,-0.008183971291455983
2026-02-02,W4,Minyakita 1L,Sembako,1.0,1.0,21500.0,18960.0,0.29277002188455936,0.04878048780487809,0.11813953488372093,POLA_TIDAK_BIASA,-0.008175392188627839
2025-07-07,W2,Sikat,Deterjen,2.0,2.0,7100.0,6092.0,0.6700279294254483,0.044117647058823595,0.14197183098591548,POLA_TIDAK_BIASA,-0.008164141972153649
2025-08-04,W1,Mi jumbo Indomie,Mi,2.0,2.0,4700.0,4037.0,0.9499031731666074,0.04444444444444451,0.14106382978723403,POLA_TIDAK_BIASA,-0.008147284031246538
2025-09-03,W6,Tepung beras Rose Brand 500g,Sembako,0.0,0.0,9700.0,8200.0,-0.8657133225477166,0.0,0.15463917525773196,POLA_TIDAK_BIASA,-0.008126888189532222
2025-11-12,W2,Popok Merries isi 10,Bayi,1.0,1.0,28000.0,24939.0,1.7142857142857144,0.03703703703703698,0.10932142857142857,POLA_TIDAK_BIASA,-0.008126458408374337
2025-05-12,W3,Pulpen Standard AE7,ATK,4.0,4.0,2600.0,1750.0,7.928571428571429,-0.03703703703703709,0.3269230769230769,POLA_TIDAK_BIASA,-0.008108381849000534
2026-01-10,W4,LA Bold 16 batang,Rokok,0.0,0.0,34500.0,29418.0,-1.0063614986882965,0.0,0.14730434782608695,POLA_TIDAK_BIASA,-0.008088689435029939
2025-11-18,W2,Buku tulis Kiky,ATK,1.0,1.0,6000.0,4240.0,0.7863253373498379,0.034482758620689724,0.29333333333333333,POLA_TIDAK_BIASA,-0.00804887892016759
2025-09-14,W6,Telur ayam 1kg,Sembako,6.0,6.0,36500.0,33300.0,2.3533936216582085,0.0,0.08767123287671233,POLA_TIDAK_BIASA,-0.008025270452862832
2025-08-05,W6,Beras medium SPHP 5kg,Sembako,3.0,3.0,67500.0,62022.0,2.149623018317193,0.03053435114503822,0.08115555555555555,POLA_TIDAK_BIASA,-0.008022608507308071
2025-09-04,W2,Minyak goreng Fortune 1L,Sembako,2.0,2.0,22500.0,20652.0,0.5925842297632986,0.0,0.08213333333333334,POLA_TIDAK_BIASA,-0.00799250701200449
2026-04-15,W1,Amplop,ATK,0.0,0.0,1100.0,750.0,-0.5527352584305666,0.0,0.3181818181818182,POLA_TIDAK_BIASA,-0.007949110989220354
2025-09-05,W5,Garam Dolphin 500g,Sembako,0.0,0.0,4200.0,3312.0,-0.9819805060619661,0.0,0.21142857142857144,POLA_TIDAK_BIASA,-0.007948653935445416
2026-01-09,W1,Korek kayu,Rokok,0.0,0.0,2300.0,1950.0,-1.2806791418912644,0.0,0.15217391304347827,POLA_TIDAK_BIASA,-0.00793066746660942
2025-09-07,W6,Minyak goreng Sania 1L,Sembako,2.0,2.0,23000.0,20542.0,-0.3952166664313757,0.0,0.1068695652173913,POLA_TIDAK_BIASA,-0.0078929457155833
2025-11-25,W4,Cuka 100ml,Bumbu,2.0,2.0,4600.0,3690.0,1.5971022963297496,0.0,0.19782608695652174,POLA_TIDAK_BIASA,-0.00785593164531162
2025-09-11,W5,Beras premium 5kg,Sembako,2.0,2.0,90500.0,72149.0,1.5212776585113297,0.0,0.20277348066298342,POLA_TIDAK_BIASA,-0.007853454318435205
2026-03-06,W2,Minyak goreng Fortune 1L,Sembako,0.0,0.0,25500.0,21581.0,-0.9636241116594316,0.0,0.15368627450980393,POLA_TIDAK_BIASA,-0.007834457601329503
2026-01-13,W6,Gudang Garam 16 batang,Rokok,0.0,0.0,33000.0,30756.0,-0.9019920259905064,0.0,0.068,POLA_TIDAK_BIASA,-0.00783377113629391
2026-07-06,W2,Minyak goreng Fortune 1L,Sembako,3.0,3.0,26500.0,24112.0,1.109243562092297,0.03921568627450989,0.09011320754716981,POLA_TIDAK_BIASA,-0.007825468490756493
2025-06-04,W5,Karbol 500ml,Deterjen,6.0,6.0,7400.0,6016.0,4.7911781771601,0.0,0.18702702702702703,LONJAKAN_PENJUALAN,-0.007785459658338878
2025-08-04,W2,Minyak goreng Fortune 1L,Sembako,1.0,1.0,20500.0,18324.0,-0.362510498784273,0.05128205128205132,0.10614634146341463,POLA_TIDAK_BIASA,-0.007782629061054758
2026-01-11,W1,Gudang Garam 16 batang,Rokok,1.0,1.0,33500.0,31348.0,-0.7585405112463601,0.0,0.06423880597014925,POLA_TIDAK_BIASA,-0.00778087864597532
2026-01-12,W1,LA Bold 16 batang,Rokok,1.0,1.0,35000.0,32631.0,-0.31499064885391603,0.0,0.06768571428571428,POLA_TIDAK_BIASA,-0.007763130299990095
2025-11-08,W5,Es krim cup Wall's,Frozen,2.0,2.0,5500.0,4550.0,1.465255119035584,0.037735849056603765,0.17272727272727273,POLA_TIDAK_BIASA,-0.0077570595332013825
2025-09-03,W6,Minyak telon My Baby 60ml,Bayi,2.0,2.0,10500.0,9359.0,2.062834140555709,0.0,0.10866666666666666,POLA_TIDAK_BIASA,-0.0077139320782054766
2025-05-08,W6,Isolasi,RumahTangga,1.0,1.0,3000.0,2288.0,1.9285714285714286,0.034482758620689724,0.23733333333333334,POLA_TIDAK_BIASA,-0.007705330654577791
2025-08-04,W4,Tisu basah Mitu,Tisu,1.0,1.0,8300.0,6800.0,1.5714285714285714,0.03750000000000009,0.18072289156626506,POLA_TIDAK_BIASA,-0.007700194574613128
2026-03-10,W3,Tepung terigu Segitiga Biru 1kg,Sembako,2.0,2.0,19500.0,17000.0,0.9437563868792376,0.0,0.1282051282051282,POLA_TIDAK_BIASA,-0.007678343995208725
2025-09-05,W1,Telur ayam 1 butir,Sembako,0.0,0.0,2700.0,2194.0,-1.06939656935881,0.0,0.1874074074074074,POLA_TIDAK_BIASA,-0.007663619989992099
2025-09-04,W6,Garam Refina 500g,Sembako,2.0,2.0,4700.0,4269.0,-0.038310708317909864,0.0,0.09170212765957447,POLA_TIDAK_BIASA,-0.007629666080202879
2025-09-04,W3,Minyak goreng Fortune 1L,Sembako,0.0,0.0,24000.0,19363.0,-1.0,0.0,0.19320833333333334,POLA_TIDAK_BIASA,-0.0075875788537008715
2025-04-12,W3,Pantyliner Laurier,Tisu,1.0,1.0,13000.0,10050.0,0.5034319012363082,0.040000000000000036,0.22692307692307692,POLA_TIDAK_BIASA,-0.007528839623243022
2025-09-07,W1,Beras premium 5kg,Sembako,1.0,1.0,87500.0,71084.0,0.8860079347061018,0.0,0.18761142857142857,POLA_TIDAK_BIASA,-0.007502354695555602
2025-08-05,W4,Nugget Fiesta 250g,Frozen,2.0,2.0,26000.0,21951.0,1.1551262151300772,0.040000000000000036,0.15573076923076923,POLA_TIDAK_BIASA,-0.007497051281538991
2025-09-11,W1,Beras medium 1kg,Sembako,5.0,5.0,16500.0,14651.0,2.5416906647369166,0.0,0.11206060606060606,POLA_TIDAK_BIASA,-0.007481522248069528
2026-06-03,W2,Pasta gigi Pepsodent 75g,Perawatan,6.0,6.0,7400.0,6507.0,4.557441771339349,0.0,0.12067567567567568,LONJAKAN_PENJUALAN,-0.007465890117760776
2026-01-15,W1,Djarum Super 16 batang,Rokok,3.0,3.0,35500.0,33202.0,1.0844160586017302,0.0,0.06473239436619718,POLA_TIDAK_BIASA,-0.00745610973033739
2025-09-04,W6,Santan Kara 65ml,Sembako,2.0,2.0,4600.0,4222.0,-0.48398559616564635,0.0,0.08217391304347826,POLA_TIDAK_BIASA,-0.007455131210053256
2026-01-13,W6,LA Ice 16 batang,Rokok,0.0,0.0,35000.0,33579.0,-0.7532703211359622,0.0,0.0406,POLA_TIDAK_BIASA,-0.0074416147746269035
2026-01-13,W2,Esse 16 batang,Rokok,0.0,0.0,38000.0,33678.0,-1.1338934190276806,0.0,0.11373684210526316,POLA_TIDAK_BIASA,-0.007395241395839802
2026-02-02,W5,Aqua 330ml,Minuman,7.0,7.0,3300.0,2500.0,2.072418089986193,0.03125,0.24242424242424243,POLA_TIDAK_BIASA,-0.007362622301828159
2026-01-14,W2,Marlboro 16 batang,Rokok,2.0,2.0,45500.0,43252.0,0.3503245248726859,0.0,0.0494065934065934,POLA_TIDAK_BIASA,-0.0073228545481143215
2026-01-11,W6,Esse 16 batang,Rokok,0.0,0.0,38000.0,32836.0,-0.9863741767990438,0.0,0.13589473684210526,POLA_TIDAK_BIASA,-0.007275266094162514
2025-12-02,W6,Snack jagung Chiki,Snack,2.0,2.0,3100.0,2398.0,2.06283414055571,0.03333333333333344,0.2264516129032258,POLA_TIDAK_BIASA,-0.007190696686116271
2026-03-02,W6,Astor,Snack,1.0,1.0,2600.0,2046.0,0.4466625002869188,0.040000000000000036,0.21307692307692308,POLA_TIDAK_BIASA,-0.00718053077935954
2026-01-12,W3,Sampoerna A 16 batang,Rokok,0.0,0.0,42000.0,37995.0,-0.8017837257372732,0.0,0.09535714285714286,POLA_TIDAK_BIASA,-0.007170452981770881
2025-09-01,W5,Basreng 100g,Snack,1.0,1.0,7400.0,5402.0,-0.24704400703212434,0.04225352112676051,0.27,POLA_TIDAK_BIASA,-0.007157762365661902
2026-01-09,W3,Sampoerna A 16 batang,Rokok,0.0,0.0,42000.0,37995.0,-0.7231890633212771,0.0,0.09535714285714286,POLA_TIDAK_BIASA,-0.00700592900652619
2026-01-07,W3,Korek gas,Rokok,0.0,0.0,2400.0,1950.0,-1.226678782072493,0.0,0.1875,POLA_TIDAK_BIASA,-0.006988208047806421
2025-09-03,W4,Tepung terigu Kompas 1kg,Sembako,0.0,0.0,15000.0,12032.0,-0.8727016157883858,0.0,0.19786666666666666,POLA_TIDAK_BIASA,-0.0069784273255421025
2026-01-11,W6,Korek gas,Rokok,0.0,0.0,2300.0,2151.0,-1.1933883794372329,0.0,0.06478260869565218,POLA_TIDAK_BIASA,-0.006959828381230437
2026-03-04,W3,Beras medium SPHP 5kg,Sembako,1.0,1.0,89500.0,72443.0,1.0757057484009542,0.0,0.1905810055865922,POLA_TIDAK_BIASA,-0.006950969392449102
2025-12-02,W4,Buku tulis Kiky,ATK,2.0,2.0,6400.0,4450.0,0.6708203932499369,0.032258064516129004,0.3046875,POLA_TIDAK_BIASA,-0.006936593688349424
2026-01-13,W1,Sampoerna Mild 16 batang,Rokok,1.0,1.0,38500.0,36025.0,-0.5898628182297109,0.0,0.06428571428571428,POLA_TIDAK_BIASA,-0.006920378610992706
2026-04-29,W2,Beras premium 10kg,Sembako,0.0,0.0,190500.0,133150.0,-0.07142857142857142,0.0,0.3010498687664042,POLA_TIDAK_BIASA,-0.006902324531462112
2025-09-26,W5,Beras premium 10kg,Sembako,0.0,0.0,179000.0,132100.0,-0.07142857142857142,0.0,0.2620111731843575,POLA_TIDAK_BIASA,-0.006895852386827661
2025-09-27,W5,Beras premium 10kg,Sembako,0.0,0.0,179000.0,132100.0,-0.07142857142857142,0.0,0.2620111731843575,POLA_TIDAK_BIASA,-0.006895852386827661
2025-07-10,W3,Kapas Selection,Tisu,1.0,1.0,5400.0,4200.0,0.6937651912834526,0.03846153846153855,0.2222222222222222,POLA_TIDAK_BIASA,-0.006890566701787004
2026-03-04,W5,Nugget So Good 250g,Frozen,1.0,1.0,25500.0,20481.0,0.9654197822441777,0.04081632653061229,0.1968235294117647,POLA_TIDAK_BIASA,-0.006872403116411019
2025-09-04,W5,Beras medium SPHP 5kg,Sembako,0.0,0.0,78000.0,60931.0,-0.5732992518686545,0.0,0.21883333333333332,POLA_TIDAK_BIASA,-0.006853534129574235
2025-11-22,W1,Kecap manis Bango 135ml,Bumbu,2.0,2.0,8000.0,6351.0,1.5228184685934807,0.0,0.206125,POLA_TIDAK_BIASA,-0.006852834217572656
2025-04-13,W2,Bohlam LED Philips 5W,RumahTangga,1.0,1.0,15000.0,11470.0,1.9285714285714286,0.034482758620689724,0.23533333333333334,POLA_TIDAK_BIASA,-0.006846474009731263
2026-01-07,W5,Korek gas,Rokok,3.0,3.0,2300.0,2147.0,-0.3872983346207421,0.0,0.06652173913043478,POLA_TIDAK_BIASA,-0.006845145489306592
2026-05-04,W6,Santan Kara 65ml,Sembako,4.0,4.0,5400.0,5000.0,0.5245018992138595,0.03846153846153855,0.07407407407407407,POLA_TIDAK_BIASA,-0.006805189953031809
2025-04-13,W2,Plastic wrap,Plastik,4.0,4.0,12000.0,8900.0,5.638963504728994,0.0,0.25833333333333336,POLA_TIDAK_BIASA,-0.006803925782790987
2025-09-08,W5,Telur ayam 1 butir,Sembako,0.0,0.0,2700.0,2354.0,-1.1194578299027278,0.0,0.12814814814814815,POLA_TIDAK_BIASA,-0.006803473440447294
2025-09-07,W6,Tepung terigu Segitiga Biru 1kg,Sembako,0.0,0.0,16500.0,15326.0,-1.164964745021435,0.0,0.07115151515151515,POLA_TIDAK_BIASA,-0.0067902766418938
2026-01-07,W5,Surya 16 batang,Rokok,6.0,6.0,37500.0,33886.0,0.17898520041899454,0.0,0.09637333333333334,POLA_TIDAK_BIASA,-0.006768869086062113
2025-09-08,W5,Beras premium 5kg,Sembako,0.0,0.0,90500.0,72149.0,-0.8864052604279183,0.0,0.20277348066298342,POLA_TIDAK_BIASA,-0.006755812164642716
2026-07-07,W5,Kecap asin ABC 135ml,Bumbu,3.0,3.0,7300.0,5964.0,0.9297308990661911,0.04285714285714293,0.18301369863013697,POLA_TIDAK_BIASA,-0.006740470691013023
2025-11-19,W6,Kecap manis ABC 135ml,Bumbu,5.0,5.0,6800.0,5473.0,2.507531022181321,0.0,0.19514705882352942,POLA_TIDAK_BIASA,-0.006730792176464773
2026-01-15,W1,LA Bold 16 batang,Rokok,0.0,0.0,35000.0,32631.0,-0.8970394656622775,0.0,0.06768571428571428,POLA_TIDAK_BIASA,-0.0067303746428777345
2026-04-07,W2,Margarin Blue Band 200g,Sembako,1.0,1.0,10500.0,9396.0,-0.09039863291515961,0.050000000000000044,0.10514285714285715,POLA_TIDAK_BIASA,-0.006715647596726382
2026-06-18,W6,Promag strip,Obat,1.0,1.0,8400.0,7072.0,1.9285714285714286,0.03703703703703698,0.1580952380952381,POLA_TIDAK_BIASA,-0.006707477958039276
2025-12-01,W1,Astor,Snack,4.0,4.0,2700.0,2048.0,0.4083791518610965,0.03846153846153855,0.2414814814814815,POLA_TIDAK_BIASA,-0.006689525806759078
2025-06-02,W1,Charger,RumahTangga,1.0,1.0,31000.0,22972.0,1.5714285714285714,0.03333333333333344,0.2589677419354839,POLA_TIDAK_BIASA,-0.006686659298394071
2026-02-08,W6,Beras premium 5kg,Sembako,1.0,1.0,87500.0,79080.0,1.5714285714285714,0.035502958579881616,0.09622857142857143,POLA_TIDAK_BIASA,-0.006678073882277258
2025-09-09,W3,Beras medium SPHP 5kg,Sembako,2.0,2.0,78500.0,67358.0,1.1716898663286044,0.0,0.14193630573248409,POLA_TIDAK_BIASA,-0.006672069826914262
2026-01-13,W1,LA Bold 16 batang,Rokok,1.0,1.0,35000.0,32631.0,-0.31499064885391603,0.0,0.06768571428571428,POLA_TIDAK_BIASA,-0.006664670171447118
2025-09-11,W4,Garam Refina 500g,Sembako,0.0,0.0,4700.0,4118.0,-1.2535663410560174,0.0,0.12382978723404256,POLA_TIDAK_BIASA,-0.006644436927691122
2025-09-08,W3,Tepung beras Rose Brand 500g,Sembako,4.0,4.0,10500.0,8754.0,1.7917830008649065,0.0,0.1662857142857143,POLA_TIDAK_BIASA,-0.00663312364096269
2025-07-11,W3,Hansaplast 10 pcs,Obat,1.0,1.0,8500.0,6648.0,1.57485197087178,0.03658536585365857,0.21788235294117647,POLA_TIDAK_BIASA,-0.006627985260325375
2026-01-08,W3,Surya 12 batang,Rokok,0.0,0.0,30000.0,26024.0,-0.9201575383978459,0.0,0.13253333333333334,POLA_TIDAK_BIASA,-0.006623211235404325
2026-01-18,W5,Gudang Garam Filter 12 batang,Rokok,7.0,7.0,26500.0,24069.0,2.0276028664932864,0.0,0.09173584905660377,POLA_TIDAK_BIASA,-0.006605606862060021
2025-09-04,W3,Beras medium SPHP 5kg,Sembako,0.0,0.0,78500.0,61141.0,-0.7621646860133657,0.0,0.22113375796178344,POLA_TIDAK_BIASA,-0.006605440507441496
2025-09-06,W6,Minyak goreng Fortune 1L,Sembako,4.0,4.0,23000.0,20575.0,0.5345224838248486,0.0,0.10543478260869565,POLA_TIDAK_BIASA,-0.006603480548388441
2025-09-07,W3,Telur ayam 1 butir,Sembako,9.0,9.0,2800.0,2393.0,3.1486750630522007,0.0,0.14535714285714285,POLA_TIDAK_BIASA,-0.006591699946714269
2026-01-14,W5,Esse 16 batang,Rokok,5.0,5.0,39000.0,32523.0,1.472970759092948,0.0,0.16607692307692307,POLA_TIDAK_BIASA,-0.006574038512209723
2025-04-08,W1,Tempura 250g,Frozen,3.0,3.0,15500.0,12793.0,2.2203784548804704,0.03333333333333344,0.1746451612903226,POLA_TIDAK_BIASA,-0.006570384708315169
2025-09-06,W3,Gula pasir Gulaku 1kg,Sembako,0.0,0.0,23000.0,17987.0,-0.8864052604279183,0.0,0.21795652173913044,POLA_TIDAK_BIASA,-0.006562165327581693
2025-09-04,W3,Margarin Blue Band 500g,Sembako,2.0,2.0,22000.0,16862.0,0.6334991887370268,0.0,0.23354545454545456,POLA_TIDAK_BIASA,-0.006547611993986124
2025-09-07,W6,Garam Dolphin 500g,Sembako,1.0,1.0,3900.0,3504.0,-0.6535482603902111,0.0,0.10153846153846154,POLA_TIDAK_BIASA,-0.006536155898359097
2025-08-04,W6,Kentang frozen 500g,Frozen,1.0,1.0,20500.0,17450.0,-0.025499536762623252,0.05128205128205132,0.14878048780487804,POLA_TIDAK_BIASA,-0.0065354037709587365
2026-02-24,W3,Balsem Geliga 20g,Obat,1.0,1.0,8800.0,7050.0,2.0,0.03529411764705892,0.19886363636363635,POLA_TIDAK_BIASA,-0.00652806169727449
2025-09-06,W6,Gula pasir Gulaku 1kg,Sembako,3.0,3.0,22000.0,18250.0,0.9613444204799911,0.0,0.17045454545454544,POLA_TIDAK_BIASA,-0.006524299020373325
2025-09-05,W6,Beras medium SPHP 5kg,Sembako,0.0,0.0,75000.0,62580.0,-1.0690449676496974,0.0,0.1656,POLA_TIDAK_BIASA,-0.0065185981135782445
2026-01-11,W6,Korek kayu,Rokok,0.0,0.0,2200.0,2061.0,-1.0413224371010195,0.0,0.06318181818181819,POLA_TIDAK_BIASA,-0.006504693352424318
2025-09-08,W6,Garam Refina 500g,Sembako,1.0,1.0,4700.0,4253.0,-0.6697051466046114,0.0,0.09510638297872341,POLA_TIDAK_BIASA,-0.00648423329341119
2026-01-12,W6,Surya 12 batang,Rokok,0.0,0.0,28000.0,26613.0,-0.8241313891509356,0.0,0.04953571428571429,POLA_TIDAK_BIASA,-0.0064350019000389835
2025-09-14,W6,Minyak goreng Sania 1L,Sembako,5.0,5.0,23000.0,20995.0,1.1495542216373775,0.0,0.08717391304347825,POLA_TIDAK_BIASA,-0.006434854369831933
2025-12-01,W1,Telur ayam 1 butir,Sembako,3.0,3.0,2800.0,2450.0,1.6945927607695874,0.03703703703703698,0.125,POLA_TIDAK_BIASA,-0.00641273161319067
2026-03-04,W6,Gula pasir Gulaku 1kg,Sembako,3.0,3.0,25000.0,21039.0,2.076085954474305,0.0,0.15844,POLA_TIDAK_BIASA,-0.006411155103952515
2026-01-14,W4,LA Bold 16 batang,Rokok,2.0,2.0,34500.0,29418.0,1.1137924235793308,0.0,0.14730434782608695,POLA_TIDAK_BIASA,-0.006404692903025588
2026-01-11,W4,LA Bold 16 batang,Rokok,0.0,0.0,34500.0,29418.0,-0.9819805060619657,0.0,0.14730434782608695,POLA_TIDAK_BIASA,-0.0063868419090531425
2026-03-13,W6,Kuaci Rebo 100g,Snack,1.0,1.0,7500.0,5660.0,0.34664579521678063,0.04166666666666674,0.24533333333333332,POLA_TIDAK_BIASA,-0.006376185779229826
2026-05-07,W2,Teh Sariwangi 1 kantong,Sachet,9.0,9.0,600.0,450.0,0.0,0.0,0.25,POLA_TIDAK_BIASA,-0.006373826792698267
2026-03-07,W6,Minyak goreng Bimoli 1L,Sembako,3.0,3.0,28500.0,24140.0,2.1788191176076857,0.0,0.1529824561403509,POLA_TIDAK_BIASA,-0.006373537704913446
2026-02-03,W5,Hanger,RumahTangga,1.0,1.0,3300.0,2357.0,1.3363062095621216,0.03125,0.28575757575757577,POLA_TIDAK_BIASA,-0.006359474116382047
2026-03-05,W6,Minyak goreng Fortune 1L,Sembako,0.0,0.0,25500.0,21770.0,-0.9819805060619661,0.0,0.14627450980392157,POLA_TIDAK_BIASA,-0.006347952215669972
2025-12-01,W3,Es krim cup Wall's,Frozen,1.0,1.0,5600.0,4442.0,1.3363062095621197,0.03703703703703698,0.2067857142857143,POLA_TIDAK_BIASA,-0.006347396238998604
2025-09-01,W1,Kacang kulit Garuda 100g,Snack,2.0,2.0,7300.0,5306.0,-0.228747855498907,0.04285714285714293,0.27315068493150685,POLA_TIDAK_BIASA,-0.0063262790569028615
2025-08-05,W5,Sedotan,Plastik,3.0,4.0,5300.0,3750.0,7.857142857142857,0.0,0.29245283018867924,POLA_TIDAK_BIASA,-0.006323674347948671
2025-06-05,W5,Ultra Milk 250ml,Minuman,12.0,12.0,5800.0,4449.0,6.425396041156864,0.0,0.23293103448275862,LONJAKAN_PENJUALAN,-0.006315967690979307
2026-07-07,W5,Daia sachet,Deterjen,1.0,1.0,2300.0,1906.0,0.35977696483731464,0.045454545454545414,0.17130434782608694,POLA_TIDAK_BIASA,-0.006301655277033302
2025-09-12,W4,Beras premium 5kg,Sembako,1.0,1.0,88000.0,70579.0,1.7142857142857144,0.0,0.19796590909090908,POLA_TIDAK_BIASA,-0.006273099091676837
2025-06-02,W4,Saus tomat ABC 135ml,Bumbu,2.0,2.0,7300.0,6046.0,0.788463170415147,0.04285714285714293,0.17178082191780822,POLA_TIDAK_BIASA,-0.0062500188314214
2026-01-07,W6,Korek kayu,Rokok,1.0,1.0,2200.0,2061.0,-0.08951790150218548,0.0,0.06318181818181819,POLA_TIDAK_BIASA,-0.006245452764814363
2025-09-06,W6,Minyak goreng Sania 1L,Sembako,2.0,2.0,23000.0,20542.0,-0.3728485192496228,0.0,0.1068695652173913,POLA_TIDAK_BIASA,-0.0062190992579181925
2026-03-07,W5,Gula pasir Rose Brand 1kg,Sembako,0.0,0.0,25000.0,20021.0,-0.900763571074843,0.0,0.19916,POLA_TIDAK_BIASA,-0.006217696844841747
2025-06-08,W2,Pulpen Standard AE7,ATK,5.0,5.0,2500.0,1800.0,4.580729495044094,0.0,0.28,LONJAKAN_PENJUALAN,-0.006203764235847453
2026-02-13,W3,Khong Guan 200g,Snack,2.0,2.0,10500.0,7371.0,3.2071349029490928,0.0,0.298,POLA_TIDAK_BIASA,-0.006196685181151906
2026-03-08,W5,Minyak goreng Bimoli 1L,Sembako,2.0,2.0,30500.0,24259.0,0.9019920259905059,0.0,0.20462295081967213,POLA_TIDAK_BIASA,-0.006189011368101904
2025-09-06,W5,Garam Dolphin 500g,Sembako,0.0,0.0,4200.0,3312.0,-0.9141741003300666,0.0,0.21142857142857144,POLA_TIDAK_BIASA,-0.006185502132826981
2025-06-09,W6,Popok Merries isi 10,Bayi,1.0,1.0,28500.0,25444.0,1.6428571428571428,0.036363636363636376,0.1072280701754386,POLA_TIDAK_BIASA,-0.006165754740941054
2025-09-05,W1,Gula pasir curah 1kg,Sembako,1.0,1.0,21500.0,17100.0,0.3380617018914066,0.0,0.20465116279069767,POLA_TIDAK_BIASA,-0.00612844132848156
2025-09-03,W4,Gula pasir curah 1kg,Sembako,0.0,0.0,21000.0,16799.0,-0.943756386879238,0.0,0.20004761904761906,POLA_TIDAK_BIASA,-0.0060658365651875545
2025-09-03,W6,Minyak goreng Bimoli 1L,Sembako,0.0,0.0,25000.0,20368.0,-0.997693191852647,0.0,0.18528,POLA_TIDAK_BIASA,-0.006065220491659251
2025-08-18,W6,Pasta gigi Close Up 65g,Perawatan,2.0,6.0,7200.0,6150.0,8.017837257372735,0.0,0.14583333333333334,LONJAKAN_PENJUALAN,-0.006057744064284498
2025-06-05,W3,Kecap manis ABC 135ml,Bumbu,4.0,4.0,6400.0,5291.0,2.482005065370812,0.032258064516129004,0.17328125,POLA_TIDAK_BIASA,-0.006042050083760131
2026-01-12,W4,Sampoerna Mild 16 batang,Rokok,0.0,0.0,38500.0,35252.0,-0.7280034992186446,0.0,0.08436363636363636,POLA_TIDAK_BIASA,-0.006040066547875145
2026-01-15,W6,Marlboro 16 batang,Rokok,1.0,1.0,46500.0,44054.0,-0.1478525665390013,0.0,0.05260215053763441,POLA_TIDAK_BIASA,-0.006039744781531908
2026-02-25,W6,Beras premium 10kg,Sembako,1.0,1.0,177500.0,157583.0,2.0,0.03498542274052485,0.11220845070422535,POLA_TIDAK_BIASA,-0.006029447204241034
2026-01-12,W5,Korek kayu,Rokok,1.0,1.0,2300.0,2172.0,-1.1908262790561683,0.0,0.05565217391304348,POLA_TIDAK_BIASA,-0.006026369619002159
2026-01-06,W6,Santan Kara 65ml,Sembako,3.0,3.0,4800.0,4367.0,0.3511555120493976,0.04347826086956519,0.09020833333333333,POLA_TIDAK_BIASA,-0.006023776859991892
2025-06-03,W2,Pomade Gatsby 80g,Perawatan,1.0,1.0,20500.0,17544.0,0.0,0.05128205128205132,0.1441951219512195,POLA_TIDAK_BIASA,-0.006009759929286429
2025-10-06,W1,Tisu basah Mitu,Tisu,2.0,2.0,8600.0,6934.0,1.8803495115840265,0.03614457831325302,0.19372093023255815,POLA_TIDAK_BIASA,-0.005986567651457331
2026-01-06,W4,Djarum Super 12 batang,Rokok,1.0,1.0,27000.0,22943.0,0.4723291043819099,0.0,0.15025925925925926,POLA_TIDAK_BIASA,-0.005981609363184592
2025-07-10,W5,Bakso 250g,Frozen,3.0,3.0,16500.0,13132.0,2.2260953218519135,0.03125,0.20412121212121212,POLA_TIDAK_BIASA,-0.005972069269443492
2026-04-12,W2,Popok Merries isi 10,Bayi,1.0,1.0,29000.0,25350.0,2.0,0.03571428571428581,0.12586206896551724,POLA_TIDAK_BIASA,-0.005963905052238427
2026-01-06,W3,Sampoerna Mild 16 batang,Rokok,0.0,0.0,39000.0,32519.0,-0.9840157010038859,0.0,0.1661794871794872,POLA_TIDAK_BIASA,-0.005920650832117902
2026-03-09,W4,Beras medium 1kg,Sembako,1.0,1.0,19000.0,16885.0,0.7195933048450129,0.0,0.11131578947368422,POLA_TIDAK_BIASA,-0.005917755963531834
2026-01-12,W4,LA Bold 16 batang,Rokok,0.0,0.0,34500.0,29418.0,-0.9488704704500958,0.0,0.14730434782608695,POLA_TIDAK_BIASA,-0.00589355699187577
2026-03-22,W1,Keset,RumahTangga,1.0,1.0,16500.0,12211.0,1.9285714285714286,0.03125,0.2599393939393939,POLA_TIDAK_BIASA,-0.0058876279586992375
2025-09-04,W6,Tepung beras Rose Brand 500g,Sembako,0.0,0.0,9700.0,8200.0,-0.8356290217967337,0.0,0.15463917525773196,POLA_TIDAK_BIASA,-0.005884152613669147
2025-06-05,W3,Chocolatos sachet,Sachet,7.0,7.0,2200.0,1551.0,3.3916605585668234,0.0,0.295,POLA_TIDAK_BIASA,-0.005883368854638471
2026-01-06,W1,Kukubima sachet,Minuman,3.0,3.0,2700.0,2105.0,0.460344595463597,0.03846153846153855,0.22037037037037038,POLA_TIDAK_BIASA,-0.005859506119150204
2026-05-15,W1,Cutter Joyko,ATK,2.0,2.0,5200.0,3520.0,3.7857142857142856,0.0,0.3230769230769231,POLA_TIDAK_BIASA,-0.00581631278643624
2026-01-14,W2,Sampoerna A 16 batang,Rokok,0.0,0.0,40000.0,38791.0,-0.9769108774291085,0.0,0.030225,POLA_TIDAK_BIASA,-0.005800527927705135
2025-09-28,W5,Beras premium 10kg,Sembako,0.0,0.0,179000.0,132100.0,-0.07142857142857142,0.0,0.2620111731843575,POLA_TIDAK_BIASA,-0.005798760350952947
2026-01-06,W1,Gudang Garam 16 batang,Rokok,1.0,1.0,33500.0,28835.0,-0.8832306087235634,0.0,0.1392537313432836,POLA_TIDAK_BIASA,-0.005793211192637537
2026-01-10,W3,Djarum Super 12 batang,Rokok,0.0,0.0,27000.0,24953.0,-0.8047698952009501,0.0,0.07581481481481482,POLA_TIDAK_BIASA,-0.0057898750541725
2026-03-06,W4,Beras medium 1kg,Sembako,0.0,0.0,19000.0,16885.0,-0.6758453353343731,0.0,0.11131578947368422,POLA_TIDAK_BIASA,-0.005775030204228315
2026-06-01,W1,Kacang atom Garuda 100g,Snack,1.0,1.0,7600.0,5654.0,-0.7484805112938302,0.041095890410958846,0.25605263157894737,POLA_TIDAK_BIASA,-0.005772696029275881
2026-01-10,W6,Gudang Garam 16 batang,Rokok,1.0,1.0,33000.0,30756.0,-0.08728955090230713,0.0,0.068,POLA_TIDAK_BIASA,-0.005772669083116466
2025-06-08,W5,Plastik kresek kecil,Plastik,3.0,3.0,5300.0,3743.0,4.422184334207959,0.0,0.29377358490566036,POLA_TIDAK_BIASA,-0.0057714892684250785
2026-01-10,W1,Tembakau linting,Rokok,2.0,2.0,17500.0,15786.0,-0.27008948196380633,0.0,0.09794285714285714,POLA_TIDAK_BIASA,-0.005765211680552884
2025-05-05,W5,Keripik kentang Chitato 68g,Snack,2.0,2.0,12500.0,9051.0,-0.19097307497741156,0.04166666666666674,0.27592,POLA_TIDAK_BIASA,-0.00576454817046701
2025-09-08,W3,Minyakita 1L,Sembako,5.0,5.0,20500.0,17882.0,1.835397427814666,0.0,0.12770731707317073,POLA_TIDAK_BIASA,-0.005760036137603675
2026-01-08,W3,Sampoerna Mild 16 batang,Rokok,0.0,0.0,39000.0,32519.0,-0.912245460839306,0.0,0.1661794871794872,POLA_TIDAK_BIASA,-0.00573598952677612
2026-01-07,W4,Gudang Garam 16 batang,Rokok,2.0,2.0,34000.0,28797.0,0.6455915539350248,0.0,0.15302941176470589,POLA_TIDAK_BIASA,-0.005708066254186295
2026-01-06,W5,Surya 16 batang,Rokok,4.0,4.0,37500.0,33886.0,-0.3690444383595561,0.0,0.09637333333333334,POLA_TIDAK_BIASA,-0.005684923772313111
2026-03-07,W3,Susu formula SGM 200g,Bayi,1.0,1.0,28000.0,23497.0,1.8571428571428572,0.03703703703703698,0.16082142857142856,POLA_TIDAK_BIASA,-0.005678209539765611
2026-05-07,W3,Kacang kulit Garuda 100g,Snack,3.0,3.0,7800.0,5590.0,4.12078102268657,0.0,0.2833333333333333,POLA_TIDAK_BIASA,-0.005665608068908368
2026-03-03,W6,Garam Refina 500g,Sembako,1.0,1.0,5200.0,4663.0,-0.3871921236398279,0.0,0.10326923076923077,POLA_TIDAK_BIASA,-0.005660588035249381
2025-09-06,W5,Beras medium SPHP 5kg,Sembako,0.0,0.0,78000.0,60931.0,-0.5263968047576973,0.0,0.21883333333333332,POLA_TIDAK_BIASA,-0.0056504921790522245
2025-09-05,W5,Beras medium SPHP 5kg,Sembako,0.0,0.0,78000.0,60931.0,-0.5263968047576973,0.0,0.21883333333333332,POLA_TIDAK_BIASA,-0.0056504921790522245
2026-01-08,W5,Surya 16 batang,Rokok,4.0,4.0,37500.0,33886.0,-0.43286609186536873,0.0,0.09637333333333334,POLA_TIDAK_BIASA,-0.005552132495844075
2025-12-17,W5,Pensil Faber-Castell,ATK,2.0,2.0,3300.0,2239.0,3.857142857142857,0.0,0.32151515151515153,POLA_TIDAK_BIASA,-0.005550830203739254
2026-03-05,W4,Beras medium 1kg,Sembako,0.0,0.0,19000.0,16885.0,-0.7299631613174954,0.0,0.11131578947368422,POLA_TIDAK_BIASA,-0.005544761220900751
2025-09-06,W3,Margarin Blue Band 200g,Sembako,4.0,4.0,9700.0,7693.0,1.4789543599112995,0.0,0.20690721649484536,POLA_TIDAK_BIASA,-0.005535516001481389
2025-09-13,W6,Gula pasir Rose Brand 1kg,Sembako,6.0,6.0,21000.0,19322.0,1.660799304997709,0.0,0.07990476190476191,POLA_TIDAK_BIASA,-0.00551131290633089
2025-09-01,W6,Saus sambal ABC 135ml,Bumbu,2.0,2.0,7200.0,6080.0,0.5062895554167104,0.04347826086956519,0.15555555555555556,POLA_TIDAK_BIASA,-0.0055110160531318675
2026-01-14,W1,Sampoerna Mild 16 batang,Rokok,1.0,1.0,38500.0,36025.0,-0.5695806224595926,0.0,0.06428571428571428,POLA_TIDAK_BIASA,-0.0055100999632935466
2025-11-29,W1,Saus sambal ABC 135ml,Bumbu,2.0,2.0,8000.0,6215.0,1.5877467654375865,0.0,0.223125,POLA_TIDAK_BIASA,-0.005501386371487449
2025-12-01,W5,Kerupuk 100g,Snack,1.0,1.0,5500.0,3941.0,0.05878963512522149,0.037735849056603765,0.28345454545454546,POLA_TIDAK_BIASA,-0.00546965604985028
2026-01-17,W4,Sampoerna Mild 16 batang,Rokok,2.0,2.0,38500.0,35252.0,1.0642134821409046,0.0,0.08436363636363636,POLA_TIDAK_BIASA,-0.005453061373242196
2026-01-12,W5,Esse 16 batang,Rokok,0.0,0.0,39000.0,32523.0,-1.0269225591111015,0.0,0.16607692307692307,POLA_TIDAK_BIASA,-0.005452622278712904
2025-09-10,W1,Garam Refina 500g,Sembako,0.0,0.0,4600.0,4015.0,-0.9019920259905061,0.0,0.12717391304347825,POLA_TIDAK_BIASA,-0.005440230193408002
2026-03-05,W6,Minyak goreng Bimoli 1L,Sembako,2.0,2.0,28500.0,24140.0,1.3226042964206117,0.0,0.1529824561403509,POLA_TIDAK_BIASA,-0.005431633137196634
2025-09-07,W6,Gula pasir Gulaku 1kg,Sembako,3.0,3.0,22000.0,18250.0,0.9613444204799911,0.0,0.17045454545454544,POLA_TIDAK_BIASA,-0.0054277930935516805
2025-09-03,W5,Beras premium 5kg,Sembako,1.0,1.0,90500.0,72149.0,0.11338934190276811,0.0,0.20277348066298342,POLA_TIDAK_BIASA,-0.005426853536323328
2025-09-03,W6,Beras premium 10kg,Sembako,0.0,0.0,171500.0,135450.0,-0.07142857142857142,0.0,0.21020408163265306,POLA_TIDAK_BIASA,-0.005401153807632064
2025-09-02,W6,Beras premium 10kg,Sembako,0.0,0.0,171500.0,135450.0,-0.07142857142857142,0.0,0.21020408163265306,POLA_TIDAK_BIASA,-0.005401153807632064
2025-09-16,W4,Garam Refina 500g,Sembako,5.0,5.0,4700.0,4118.0,2.6763218066403023,0.0,0.12382978723404256,POLA_TIDAK_BIASA,-0.005372478364679911
2026-05-05,W2,Garam Dolphin 500g,Sembako,2.0,2.0,4600.0,4155.0,0.21805642673609263,0.045454545454545414,0.0967391304347826,POLA_TIDAK_BIASA,-0.0053581573265235605
2026-01-07,W2,Hanger,RumahTangga,1.0,1.0,3100.0,2300.0,1.5714285714285714,0.03333333333333344,0.25806451612903225,POLA_TIDAK_BIASA,-0.005349540406914932
2025-09-08,W3,Minyak goreng Fortune 1L,Sembako,3.0,3.0,24000.0,19363.0,1.5814829265386072,0.0,0.19320833333333334,POLA_TIDAK_BIASA,-0.00532249826239628
2025-09-08,W6,Garam Dolphin 500g,Sembako,2.0,2.0,3900.0,3504.0,-0.17198638431321348,0.0,0.10153846153846154,POLA_TIDAK_BIASA,-0.005321889086372655
2026-01-07,W6,LA Bold 16 batang,Rokok,1.0,1.0,33500.0,31940.0,-0.06717914605265332,0.0,0.046567164179104475,POLA_TIDAK_BIASA,-0.005306862897697884
2026-07-06,W6,Kopi Kapal Api sachet,Sachet,1.0,1.0,2300.0,1750.0,-0.6574693984150264,0.045454545454545414,0.2391304347826087,POLA_TIDAK_BIASA,-0.005297819873384846
2026-03-07,W6,Isolasi,RumahTangga,1.0,1.0,3200.0,2432.0,2.0,0.032258064516129004,0.24,POLA_TIDAK_BIASA,-0.005292297350352859
2025-07-14,W6,Baby powder My Baby 50g,Bayi,2.0,2.0,7200.0,6400.0,3.857142857142857,0.0,0.1111111111111111,POLA_TIDAK_BIASA,-0.005244285427613571
2026-01-07,W1,Surya 12 batang,Rokok,0.0,0.0,28500.0,24532.0,-1.1505867541974506,0.0,0.1392280701754386,POLA_TIDAK_BIASA,-0.005243420673270216
2025-09-05,W3,Minyak goreng Fortune 1L,Sembako,0.0,0.0,24000.0,19363.0,-1.0,0.0,0.19320833333333334,POLA_TIDAK_BIASA,-0.005236450198958464
2025-09-12,W6,Minyakita 1L,Sembako,4.0,4.0,19500.0,17990.0,0.37159272008424876,0.0,0.07743589743589743,POLA_TIDAK_BIASA,-0.0052279678855760014
2025-09-12,W6,Minyak goreng Fortune 1L,Sembako,0.0,0.0,23000.0,21241.0,-1.2858954615463287,0.0,0.07647826086956522,POLA_TIDAK_BIASA,-0.005223572033833501
2025-06-02,W6,Roma Kelapa 300g,Snack,2.0,2.0,9100.0,6890.0,1.807972658303197,0.03409090909090917,0.24285714285714285,POLA_TIDAK_BIASA,-0.005202705169003341
2025-11-22,W4,Saus sambal ABC 135ml,Bumbu,3.0,3.0,8100.0,6479.0,2.6395007644845028,0.0,0.20012345679012344,POLA_TIDAK_BIASA,-0.005179286923454818
2026-01-03,W4,Beras premium 10kg,Sembako,0.0,0.0,170500.0,135250.0,-0.07142857142857142,0.0,0.20674486803519063,POLA_TIDAK_BIASA,-0.00515536070742173
2026-01-02,W4,Beras premium 10kg,Sembako,0.0,0.0,170500.0,135250.0,-0.07142857142857142,0.0,0.20674486803519063,POLA_TIDAK_BIASA,-0.00515536070742173
2026-01-04,W4,Beras premium 10kg,Sembako,0.0,0.0,170500.0,135250.0,-0.07142857142857142,0.0,0.20674486803519063,POLA_TIDAK_BIASA,-0.00515536070742173
2025-09-06,W1,Tepung beras Rose Brand 500g,Sembako,0.0,0.0,10000.0,8926.0,-0.6043672230190353,0.0,0.1074,POLA_TIDAK_BIASA,-0.00514017943297751
2026-01-09,W5,Gudang Garam Filter 12 batang,Rokok,2.0,2.0,26500.0,24163.0,-0.7298004491997621,0.0,0.08818867924528302,POLA_TIDAK_BIASA,-0.005122636906567335
2026-01-07,W3,Sampoerna Mild 16 batang,Rokok,0.0,0.0,39000.0,32519.0,-0.9472669572677472,0.0,0.1661794871794872,POLA_TIDAK_BIASA,-0.005114727266053887
2026-01-07,W1,Sampoerna A 16 batang,Rokok,0.0,0.0,41500.0,35697.0,-1.0140681495410195,0.0,0.13983132530120482,POLA_TIDAK_BIASA,-0.005107992765165603
2025-09-08,W6,Tepung beras Rose Brand 500g,Sembako,3.0,3.0,9700.0,8200.0,0.9292148668039916,0.0,0.15463917525773196,POLA_TIDAK_BIASA,-0.0051046190547139325
2026-03-03,W3,Margarin Blue Band 200g,Sembako,0.0,0.0,11000.0,8743.0,-0.9221112647070895,0.0,0.2051818181818182,POLA_TIDAK_BIASA,-0.005097954847696484
2026-02-21,W4,Aluminium foil,Plastik,2.0,3.0,11000.0,7559.0,5.642857142857143,0.0,0.31281818181818183,POLA_TIDAK_BIASA,-0.005089384979460654
2025-07-07,W5,Santan Kara 65ml,Sembako,1.0,1.0,4300.0,3743.0,-0.721605353163546,0.04878048780487809,0.12953488372093022,POLA_TIDAK_BIASA,-0.005083598712334436
2026-03-07,W5,Rinso sachet,Deterjen,3.0,3.0,2800.0,2249.0,1.3915964688067008,0.03703703703703698,0.19678571428571429,POLA_TIDAK_BIASA,-0.005059098691122199
2026-03-15,W6,Tepung beras Rose Brand 500g,Sembako,3.0,3.0,11000.0,9857.0,2.2752486055592427,0.0,0.10390909090909091,POLA_TIDAK_BIASA,-0.005040549982384901
2025-09-14,W1,Shampoo Sunsilk sachet,Perawatan,3.0,3.0,1600.0,1350.0,3.8953363552069544,0.0,0.15625,POLA_TIDAK_BIASA,-0.005034574926031543
2025-09-09,W1,Beras premium 5kg,Sembako,1.0,1.0,87500.0,71084.0,0.8280786712108245,0.0,0.18761142857142857,POLA_TIDAK_BIASA,-0.005020276867028217
2026-01-18,W2,Plastic wrap,Plastik,3.0,3.0,12500.0,9064.0,5.857142857142857,0.0,0.27488,POLA_TIDAK_BIASA,-0.005010751503603084
2026-01-08,W3,Esse 16 batang,Rokok,0.0,0.0,39000.0,32822.0,-0.970671332291526,0.0,0.1584102564102564,POLA_TIDAK_BIASA,-0.004973028443268301
2026-01-07,W3,Esse 16 batang,Rokok,0.0,0.0,39000.0,32822.0,-0.970671332291526,0.0,0.1584102564102564,POLA_TIDAK_BIASA,-0.004973028443268301
2025-09-03,W3,Minyak goreng Bimoli 1L,Sembako,0.0,0.0,26000.0,21060.0,-1.008106417516113,0.0,0.19,POLA_TIDAK_BIASA,-0.004963951451439574
2026-05-06,W2,Pomade Gatsby 80g,Perawatan,1.0,1.0,21500.0,18646.0,0.13377934734721392,0.04878048780487809,0.13274418604651161,POLA_TIDAK_BIASA,-0.004959103884728977
2025-09-04,W1,Gula pasir Gulaku 1kg,Sembako,2.0,2.0,22500.0,18350.0,0.9655674197014679,0.0,0.18444444444444444,POLA_TIDAK_BIASA,-0.004949452973880497
2025-06-02,W6,Sunlight sachet,Deterjen,1.0,1.0,2100.0,1750.0,-0.22705917702815184,0.050000000000000044,0.16666666666666666,POLA_TIDAK_BIASA,-0.004949264812911691
2026-06-01,W3,Popok MamyPoko isi 10,Bayi,1.0,1.0,28000.0,23081.0,1.7142857142857144,0.03703703703703698,0.17567857142857143,POLA_TIDAK_BIASA,-0.0048949823607021825
2025-09-09,W6,Garam Dolphin 500g,Sembako,1.0,1.0,3900.0,3504.0,-0.7050209159307635,0.0,0.10153846153846154,POLA_TIDAK_BIASA,-0.0048508890649343606
2026-03-05,W1,Beras medium 1kg,Sembako,0.0,0.0,19000.0,16862.0,-0.6708203932499361,0.0,0.11252631578947368,POLA_TIDAK_BIASA,-0.004835930119131859
2026-03-12,W3,Garam Refina 500g,Sembako,3.0,3.0,5500.0,4406.0,2.3607909659172863,0.0,0.1989090909090909,POLA_TIDAK_BIASA,-0.004801956818761055
2025-04-13,W6,Kacang sukro Garuda 80g,Snack,2.0,2.0,6100.0,4553.0,1.802523254189146,0.03389830508474567,0.2536065573770492,POLA_TIDAK_BIASA,-0.004797429340759329
2025-09-02,W5,Telur ayam 1 butir,Sembako,2.0,2.0,2700.0,2354.0,-0.12316062408839389,0.0,0.12814814814814815,POLA_TIDAK_BIASA,-0.004740245423820677
2025-09-18,W1,Garam Refina 500g,Sembako,5.0,5.0,4600.0,4015.0,3.218430507386415,0.0,0.12717391304347825,POLA_TIDAK_BIASA,-0.0047388667334314905
2025-09-02,W1,Sikat,Deterjen,1.0,1.0,7300.0,6183.0,0.8234379467437988,0.04285714285714293,0.15301369863013697,POLA_TIDAK_BIASA,-0.0047095838533302015
2025-05-06,W2,Hanger,RumahTangga,1.0,1.0,3000.0,2250.0,1.5,0.034482758620689724,0.25,POLA_TIDAK_BIASA,-0.004704666349398479
2025-09-04,W6,Minyak goreng Fortune 1L,Sembako,2.0,2.0,23000.0,20575.0,-0.2717029366465074,0.0,0.10543478260869565,POLA_TIDAK_BIASA,-0.00468176436075185
2026-07-09,W1,Kabel USB,RumahTangga,1.0,1.0,16500.0,12124.0,1.7857142857142858,0.03125,0.26521212121212123,POLA_TIDAK_BIASA,-0.0046269541934962355
2026-03-08,W2,Minyak goreng Fortune 1L,Sembako,0.0,0.0,25500.0,21581.0,-0.9310139823901814,0.0,0.15368627450980393,POLA_TIDAK_BIASA,-0.004625776348772703
2026-03-07,W4,Beras medium 1kg,Sembako,0.0,0.0,19000.0,16885.0,-0.6301260378126031,0.0,0.11131578947368422,POLA_TIDAK_BIASA,-0.004625107439376164
2026-01-06,W3,Snack jagung Cheetos,Snack,2.0,2.0,3400.0,2402.0,0.9671684881739481,0.030303030303030276,0.29352941176470587,POLA_TIDAK_BIASA,-0.00462012039763382
2026-01-09,W1,Es krim cup Wall's,Frozen,1.0,1.0,5600.0,4724.0,1.5714285714285714,0.03703703703703698,0.15642857142857142,POLA_TIDAK_BIASA,-0.004608624464782052
2026-02-14,W1,Amplop,ATK,0.0,0.0,1100.0,750.0,-0.40089186286863604,0.0,0.3181818181818182,POLA_TIDAK_BIASA,-0.0046025927278030565
2026-01-12,W6,Esse 16 batang,Rokok,0.0,0.0,38000.0,32836.0,-0.9185586535436925,0.0,0.13589473684210526,POLA_TIDAK_BIASA,-0.004589258082982606
2026-07-09,W3,LPG 5.5kg,LPG,1.0,1.0,111500.0,100090.0,2.0,0.03240740740740744,0.10233183856502243,POLA_TIDAK_BIASA,-0.004542624250649552
2026-04-30,W2,Beras premium 10kg,Sembako,0.0,0.0,190500.0,133150.0,-0.07142857142857142,0.0,0.3010498687664042,POLA_TIDAK_BIASA,-0.004529448339808506
2025-07-18,W3,Deodoran Rexona sachet,Perawatan,4.0,6.0,4300.0,3500.0,4.525139860413437,0.0,0.18604651162790697,LONJAKAN_PENJUALAN,-0.004526910927029282
2026-01-10,W1,LA Ice 16 batang,Rokok,3.0,3.0,35500.0,30626.0,1.0199380158769469,0.0,0.13729577464788734,POLA_TIDAK_BIASA,-0.004506314681457568
2025-09-11,W2,Beras premium 5kg,Sembako,1.0,1.0,85000.0,70118.0,1.5714285714285714,0.0,0.17508235294117647,POLA_TIDAK_BIASA,-0.004499127003201098
2025-09-15,W5,Tepung beras Rose Brand 500g,Sembako,2.0,2.0,10000.0,9002.0,1.5602293691363707,0.0,0.0998,POLA_TIDAK_BIASA,-0.004495109813952736
2025-10-17,W6,Isolasi,RumahTangga,1.0,1.0,3100.0,2309.0,1.8571428571428572,0.03333333333333344,0.25516129032258067,POLA_TIDAK_BIASA,-0.004484744016827857
2025-09-04,W4,Tepung terigu Kompas 1kg,Sembako,0.0,0.0,15000.0,12032.0,-0.8727016157883858,0.0,0.19786666666666666,POLA_TIDAK_BIASA,-0.0044730335163029045
2026-01-14,W6,LA Ice 16 batang,Rokok,0.0,0.0,35000.0,33579.0,-0.6971370023173358,0.0,0.0406,POLA_TIDAK_BIASA,-0.004459360711339677
2026-01-12,W1,Gudang Garam 16 batang,Rokok,2.0,2.0,33500.0,31348.0,-0.1406937148831626,0.0,0.06423880597014925,POLA_TIDAK_BIASA,-0.004456252544812855
2026-03-05,W6,Garam Refina 500g,Sembako,0.0,0.0,5200.0,4663.0,-0.9663587063900579,0.0,0.10326923076923077,POLA_TIDAK_BIASA,-0.004454434931257079
2025-09-07,W4,Garam Refina 500g,Sembako,2.0,2.0,4700.0,3751.0,0.525354138868871,0.0,0.20191489361702128,POLA_TIDAK_BIASA,-0.004442186748170762
2025-09-02,W3,Gula pasir Gulaku 1kg,Sembako,1.0,1.0,23000.0,17987.0,0.1970276015597752,0.0,0.21795652173913044,POLA_TIDAK_BIASA,-0.004438228960880086
2025-09-09,W2,Tepung beras Rose Brand 500g,Sembako,1.0,1.0,9700.0,8900.0,0.27795199661185604,0.0,0.08247422680412371,POLA_TIDAK_BIASA,-0.004423222889571088
2026-05-14,W1,Tisu basah Mitu,Tisu,1.0,1.0,8900.0,7083.0,1.9285714285714286,0.03488372093023262,0.20415730337078652,POLA_TIDAK_BIASA,-0.004396668711287743
2025-09-03,W2,Garam Dolphin 500g,Sembako,0.0,0.0,4000.0,3303.0,-0.8900862436453899,0.0,0.17425,POLA_TIDAK_BIASA,-0.004391621324313921
2025-09-29,W5,Beras premium 10kg,Sembako,0.0,0.0,179000.0,132100.0,-0.07142857142857142,0.0,0.2620111731843575,POLA_TIDAK_BIASA,-0.004390756009022945
2025-09-06,W3,Beras medium 1kg,Sembako,1.0,1.0,17000.0,13376.0,-1.400468550142865,0.0,0.2131764705882353,POLA_TIDAK_BIASA,-0.004380448525939662
2026-02-02,W3,Oreo 119g,Snack,2.0,2.0,8800.0,6455.0,0.9225604092400509,0.03529411764705892,0.26647727272727273,POLA_TIDAK_BIASA,-0.004369319878748779
2025-09-07,W1,Tepung beras Rose Brand 500g,Sembako,0.0,0.0,10000.0,8926.0,-0.6043672230190353,0.0,0.1074,POLA_TIDAK_BIASA,-0.004358344209707599
2025-10-27,W3,Beras premium 10kg,Sembako,0.0,0.0,176500.0,132750.0,-0.07142857142857142,0.0,0.24787535410764872,POLA_TIDAK_BIASA,-0.004355410396651771
2026-01-13,W3,Sampoerna A 16 batang,Rokok,0.0,0.0,42000.0,37995.0,-0.8017837257372732,0.0,0.09535714285714286,POLA_TIDAK_BIASA,-0.004351742185324747
2026-01-07,W1,Bohlam LED Hannochs 9W,RumahTangga,1.0,1.0,16000.0,11846.0,1.7142857142857144,0.032258064516129004,0.259625,POLA_TIDAK_BIASA,-0.00434569449847666
2026-01-12,W6,Djarum Super 12 batang,Rokok,0.0,0.0,26500.0,23513.0,-0.8454027929649517,0.0,0.11271698113207547,POLA_TIDAK_BIASA,-0.004334104782030002
2026-03-02,W5,Bohlam LED Hannochs 9W,RumahTangga,1.0,1.0,16500.0,11846.0,1.3425716882204488,0.03125,0.28206060606060607,POLA_TIDAK_BIASA,-0.0043340041383571615
2026-01-07,W6,Gelas plastik,Plastik,1.0,1.0,8400.0,6240.0,0.4271210980886247,0.03703703703703698,0.2571428571428571,POLA_TIDAK_BIASA,-0.0043296463939247465
2025-09-05,W6,Beras premium 10kg,Sembako,0.0,0.0,171500.0,135450.0,-0.07142857142857142,0.0,0.21020408163265306,POLA_TIDAK_BIASA,-0.004306419592862154
2025-09-04,W6,Beras premium 10kg,Sembako,0.0,0.0,171500.0,135450.0,-0.07142857142857142,0.0,0.21020408163265306,POLA_TIDAK_BIASA,-0.004306419592862154
2025-10-19,W1,LPG 5.5kg,LPG,1.0,1.0,108500.0,99361.0,1.8571428571428572,0.03333333333333344,0.08423041474654377,POLA_TIDAK_BIASA,-0.004291662031858934
2025-10-06,W2,Pasta gigi Sensodyne 40g,Perawatan,1.0,1.0,20500.0,17700.0,-0.06622183701095377,0.05128205128205132,0.13658536585365855,POLA_TIDAK_BIASA,-0.004276289905475905
2026-01-09,W2,Esse 16 batang,Rokok,1.0,1.0,38000.0,33678.0,-0.576877565695386,0.0,0.11373684210526316,POLA_TIDAK_BIASA,-0.004266448551140223
2025-12-10,W2,Amplop,ATK,0.0,0.0,1100.0,744.0,-0.7642652566278801,0.0,0.3236363636363636,POLA_TIDAK_BIASA,-0.004258474021157865
2025-05-10,W3,Cornetto,Frozen,1.0,1.0,13000.0,10376.0,0.4645930865234777,0.040000000000000036,0.20184615384615384,POLA_TIDAK_BIASA,-0.004240620205945733
2026-03-03,W6,Beras medium SPHP 5kg,Sembako,0.0,0.0,85500.0,71117.0,-0.8864052604279183,0.0,0.16822222222222222,POLA_TIDAK_BIASA,-0.004239488426986959
2025-04-17,W1,Keset,RumahTangga,1.0,1.0,15500.0,11581.0,1.7857142857142858,0.03333333333333344,0.25283870967741934,POLA_TIDAK_BIASA,-0.004236970178363109
2026-01-07,W4,Djarum Super 12 batang,Rokok,1.0,1.0,27000.0,22943.0,0.4322928132781763,0.0,0.15025925925925926,POLA_TIDAK_BIASA,-0.0042282443145885695
2026-01-10,W5,Korek kayu,Rokok,2.0,2.0,2300.0,2172.0,-0.8497338066859549,0.0,0.05565217391304348,POLA_TIDAK_BIASA,-0.004223642849364384
2026-05-01,W2,Beras premium 10kg,Sembako,0.0,0.0,190500.0,133150.0,-0.07142857142857142,0.0,0.3010498687664042,POLA_TIDAK_BIASA,-0.004216883863472298
2025-09-04,W1,Beras medium 1kg,Sembako,4.0,4.0,16500.0,13523.0,1.4879399876307229,0.0,0.18042424242424243,POLA_TIDAK_BIASA,-0.004208504513869005
2025-09-04,W1,Garam Refina 500g,Sembako,1.0,1.0,4600.0,3651.0,-0.1745025152241332,0.0,0.20630434782608695,POLA_TIDAK_BIASA,-0.004183936556394707
2025-09-06,W3,Minyak goreng Bimoli 1L,Sembako,3.0,3.0,26000.0,21060.0,1.3174650984805214,0.0,0.19,POLA_TIDAK_BIASA,-0.004175076559195134
2025-12-08,W2,Bohlam LED Hannochs 9W,RumahTangga,1.0,1.0,15500.0,11629.0,1.7857142857142858,0.03333333333333344,0.24974193548387097,POLA_TIDAK_BIASA,-0.0041461390111852126
2025-05-10,W2,Lem Fox 10g,ATK,2.0,2.0,3000.0,2143.0,0.9512111765733564,0.034482758620689724,0.2856666666666667,POLA_TIDAK_BIASA,-0.004143149921198908
2026-01-12,W4,Gudang Garam 16 batang,Rokok,1.0,1.0,34000.0,31461.0,0.0,0.0,0.07467647058823529,POLA_TIDAK_BIASA,-0.0040778037027884295
2025-09-01,W2,Spaghetti La Fonte 225g,Mi,3.0,3.0,10500.0,9353.0,-0.44612439880905325,0.050000000000000044,0.10923809523809523,POLA_TIDAK_BIASA,-0.004064092255890217
2026-01-06,W4,Beras premium 10kg,Sembako,0.0,0.0,170500.0,135250.0,-0.07142857142857142,0.0,0.20674486803519063,POLA_TIDAK_BIASA,-0.004061014220429926
2026-01-05,W4,Beras premium 10kg,Sembako,0.0,0.0,170500.0,135250.0,-0.07142857142857142,0.0,0.20674486803519063,POLA_TIDAK_BIASA,-0.004061014220429926
2025-11-18,W1,Cuka 100ml,Bumbu,2.0,2.0,4600.0,3849.0,1.0548162696116137,0.0,0.1632608695652174,POLA_TIDAK_BIASA,-0.004048818682807487
2025-09-04,W3,Garam Refina 500g,Sembako,2.0,2.0,4800.0,3707.0,0.39780972704411816,0.0,0.22770833333333335,POLA_TIDAK_BIASA,-0.004043976222211421
2025-09-07,W3,Minyak goreng Bimoli 1L,Sembako,3.0,3.0,26000.0,22670.0,1.3174650984805214,0.0,0.1280769230769231,POLA_TIDAK_BIASA,-0.004036925197115182
2026-03-10,W3,Telur ayam 1kg,Sembako,2.0,2.0,42500.0,33618.0,0.598101792854626,0.0,0.20898823529411764,POLA_TIDAK_BIASA,-0.004007091430465404
2026-04-09,W5,Sabun batang Lifebuoy,Perawatan,1.0,1.0,4500.0,3650.0,0.11264088922239587,0.04651162790697683,0.18888888888888888,POLA_TIDAK_BIASA,-0.003995829080671087
2026-01-08,W3,Djarum Super 12 batang,Rokok,1.0,1.0,27000.0,24953.0,-0.15635434141872387,0.0,0.07581481481481482,POLA_TIDAK_BIASA,-0.0039865177335836055
2026-02-02,W3,Margarin Blue Band 500g,Sembako,1.0,1.0,23000.0,20042.0,0.39185288134546686,0.045454545454545414,0.12860869565217392,POLA_TIDAK_BIASA,-0.003981817078410721
2025-12-02,W5,Kecap manis Sedap 135ml,Bumbu,4.0,4.0,6400.0,5213.0,3.8338275555688117,0.0,0.18546875,POLA_TIDAK_BIASA,-0.003964630747776643
2025-09-05,W4,Beras premium 5kg,Sembako,0.0,0.0,88000.0,70579.0,-0.35714285714285715,0.0,0.19796590909090908,POLA_TIDAK_BIASA,-0.003958620311689698
2025-09-04,W4,Beras premium 5kg,Sembako,0.0,0.0,88000.0,70579.0,-0.35714285714285715,0.0,0.19796590909090908,POLA_TIDAK_BIASA,-0.003958620311689698
2025-12-29,W2,Aluminium foil,Plastik,3.0,3.0,10500.0,7630.0,5.928571428571429,0.0,0.2733333333333333,POLA_TIDAK_BIASA,-0.003949024277744573
2026-04-06,W1,Teh Gelas 350ml,Minuman,10.0,10.0,2700.0,2144.0,0.5721234275458492,0.03846153846153855,0.20592592592592593,POLA_TIDAK_BIASA,-0.003947677032803409
2025-06-09,W6,LA Ice 16 batang,Rokok,5.0,5.0,31500.0,29512.0,4.268947942163892,0.0,0.06311111111111112,LONJAKAN_PENJUALAN,-0.003936428301691497
2025-06-02,W3,Karbol 500ml,Deterjen,2.0,2.0,7500.0,6192.0,0.860518705613581,0.04166666666666674,0.1744,POLA_TIDAK_BIASA,-0.003934031570983598
2026-03-08,W3,Telur ayam 1kg,Sembako,0.0,0.0,42500.0,33618.0,-0.6079600959097109,0.0,0.20898823529411764,POLA_TIDAK_BIASA,-0.003920105274307639
2026-01-08,W3,Marlboro 16 batang,Rokok,1.0,1.0,49500.0,40655.0,1.196887497862553,0.0,0.1786868686868687,POLA_TIDAK_BIASA,-0.0039046283140259375
2025-09-05,W2,Minyak goreng Fortune 1L,Sembako,0.0,0.0,22500.0,20652.0,-1.0581511004403579,0.0,0.08213333333333334,POLA_TIDAK_BIASA,-0.003893438223287915
2025-09-05,W1,Garam Refina 500g,Sembako,1.0,1.0,4600.0,3651.0,-0.1465153047027804,0.0,0.20630434782608695,POLA_TIDAK_BIASA,-0.003893024929195077
2026-07-13,W6,Balsem Geliga 20g,Obat,1.0,1.0,8400.0,7005.0,1.8571428571428572,0.03703703703703698,0.16607142857142856,POLA_TIDAK_BIASA,-0.0038926176408000668
2025-09-03,W2,Tepung terigu Segitiga Biru 1kg,Sembako,3.0,3.0,16500.0,13986.0,0.9700089802940667,0.0,0.15236363636363637,POLA_TIDAK_BIASA,-0.003880972046978126
2025-10-27,W1,Beras premium 10kg,Sembako,0.0,0.0,172500.0,135700.0,-0.07142857142857142,0.0,0.21333333333333335,POLA_TIDAK_BIASA,-0.003878063645557317
2025-09-06,W6,Beras premium 10kg,Sembako,0.0,0.0,171500.0,135450.0,-0.07142857142857142,0.0,0.21020408163265306,POLA_TIDAK_BIASA,-0.0038377765867830815
2026-01-06,W1,Djarum Super 16 batang,Rokok,3.0,3.0,35500.0,30050.0,0.8047199040593059,0.0,0.15352112676056337,POLA_TIDAK_BIASA,-0.0038352076764684995
2026-03-05,W3,Minyak goreng Fortune 1L,Sembako,0.0,0.0,27500.0,23483.0,-1.0063614986882954,0.0,0.14607272727272727,POLA_TIDAK_BIASA,-0.003820585751607264
2025-09-10,W3,Minyak goreng Fortune 1L,Sembako,3.0,3.0,24000.0,21221.0,1.5055486138981087,0.0,0.11579166666666667,POLA_TIDAK_BIASA,-0.0037914724284439094
2026-01-14,W5,Djarum Super 12 batang,Rokok,7.0,7.0,28000.0,25671.0,1.8610648529753346,0.0,0.08317857142857144,POLA_TIDAK_BIASA,-0.0037801640759209665
2025-08-04,W2,Cuka 100ml,Bumbu,1.0,1.0,4100.0,3550.0,-0.18145751367274018,0.05128205128205132,0.13414634146341464,POLA_TIDAK_BIASA,-0.0037615268860422546
2026-03-05,W3,Gula pasir Gulaku 1kg,Sembako,0.0,0.0,25500.0,22669.0,-0.6467181814331597,0.0,0.11101960784313726,POLA_TIDAK_BIASA,-0.003733510495823711
2026-01-06,W3,Minyak goreng Fortune 1L,Sembako,2.0,2.0,25000.0,21929.0,1.0742535254293308,0.04166666666666674,0.12284,POLA_TIDAK_BIASA,-0.0037295057100938944
2025-09-02,W1,Garam Refina 500g,Sembako,1.0,1.0,4600.0,3651.0,-0.22454435656953603,0.0,0.20630434782608695,POLA_TIDAK_BIASA,-0.0037153763926338623
2025-06-02,W5,Nugget Fiesta 250g,Frozen,1.0,1.0,26500.0,21650.0,1.1090809598342826,0.03921568627450989,0.1830188679245283,POLA_TIDAK_BIASA,-0.0037094384631862765
2026-01-16,W1,Sampoerna Mild 16 batang,Rokok,0.0,0.0,38500.0,36025.0,-0.9885337636477023,0.0,0.06428571428571428,POLA_TIDAK_BIASA,-0.0037008320827942587
2025-09-06,W5,Gula pasir Rose Brand 1kg,Sembako,2.0,2.0,22500.0,19256.0,0.5669467095138411,0.0,0.14417777777777777,POLA_TIDAK_BIASA,-0.0036818470352489863
2026-01-09,W6,Surya 12 batang,Rokok,1.0,1.0,28000.0,26613.0,0.02972969755736116,0.0,0.04953571428571429,POLA_TIDAK_BIASA,-0.0036748275181167633
2025-11-30,W1,Saus sambal ABC 135ml,Bumbu,2.0,2.0,8000.0,6215.0,1.788118682037808,0.0,0.223125,POLA_TIDAK_BIASA,-0.0036274016401414144
2026-01-13,W4,Sampoerna Mild 16 batang,Rokok,0.0,0.0,38500.0,35252.0,-0.6737968710653652,0.0,0.08436363636363636,POLA_TIDAK_BIASA,-0.0036107157799725176
2026-01-07,W4,Beras premium 10kg,Sembako,0.0,0.0,170500.0,135250.0,-0.07142857142857142,0.0,0.20674486803519063,POLA_TIDAK_BIASA,-0.0035925371961107455
2025-09-02,W6,Sprite 390ml,Minuman,12.0,12.0,6100.0,4823.0,5.909259875022924,0.0,0.20934426229508196,LONJAKAN_PENJUALAN,-0.0035882672594129694
2026-01-15,W2,Korek gas,Rokok,2.0,2.0,2300.0,2223.0,-0.20549682161712846,0.0,0.033478260869565214,POLA_TIDAK_BIASA,-0.0035433945831433444
2025-05-27,W4,Popok Merries isi 10,Bayi,1.0,1.0,29000.0,25100.0,2.0,0.03571428571428581,0.13448275862068965,POLA_TIDAK_BIASA,-0.0035408452516098032
2025-08-25,W1,LA Ice 16 batang,Rokok,2.0,11.0,32000.0,29944.0,6.483800944026114,0.0,0.06425,LONJAKAN_PENJUALAN,-0.0035321981792829638
2025-09-05,W2,Margarin Blue Band 200g,Sembako,1.0,1.0,9100.0,8162.0,-0.4909902530309828,0.0,0.10307692307692308,POLA_TIDAK_BIASA,-0.0035231738955400216
2026-03-09,W3,Garam Refina 500g,Sembako,2.0,2.0,5500.0,4406.0,1.343834857522148,0.0,0.1989090909090909,POLA_TIDAK_BIASA,-0.00350860117604912
2026-01-14,W2,Esse 16 batang,Rokok,0.0,0.0,38000.0,33678.0,-1.1338934190276806,0.0,0.11373684210526316,POLA_TIDAK_BIASA,-0.003482187945066606
2026-01-19,W6,LA Ice 16 batang,Rokok,2.0,2.0,35000.0,33579.0,1.3438348575221515,0.0,0.0406,POLA_TIDAK_BIASA,-0.003474735217624314
2026-02-01,W3,Selang gas,LPG,1.0,1.0,32000.0,28653.0,2.0,0.032258064516129004,0.10459375,POLA_TIDAK_BIASA,-0.003439650156691676
2026-03-05,W6,Amplop,ATK,0.0,0.0,1100.0,700.0,-0.07142857142857142,0.0,0.36363636363636365,POLA_TIDAK_BIASA,-0.003428104783059549
2025-10-28,W1,Beras premium 10kg,Sembako,0.0,0.0,172500.0,135700.0,-0.07142857142857142,0.0,0.21333333333333335,POLA_TIDAK_BIASA,-0.0034097103612283908
2025-09-17,W1,Beras premium 5kg,Sembako,2.0,2.0,87500.0,71084.0,2.216246228099558,0.0,0.18761142857142857,POLA_TIDAK_BIASA,-0.0033882614419786794
2026-02-14,W6,Tisu basah Mitu,Tisu,1.0,1.0,8400.0,7015.0,1.7142857142857144,0.03703703703703698,0.16488095238095238,POLA_TIDAK_BIASA,-0.003385063843254432
2025-12-01,W1,Beras premium 10kg,Sembako,1.0,1.0,178000.0,135700.0,2.0,0.03188405797101446,0.23764044943820226,POLA_TIDAK_BIASA,-0.0033790388309224983
2025-09-02,W3,Margarin Blue Band 500g,Sembako,1.0,1.0,22000.0,16862.0,-0.07820471242968428,0.0,0.23354545454545456,POLA_TIDAK_BIASA,-0.0033667117018675308
2026-01-11,W2,Sampoerna Mild 16 batang,Rokok,0.0,0.0,36000.0,34392.0,-1.0299098434883929,0.0,0.04466666666666667,POLA_TIDAK_BIASA,-0.0033472680072872407
2026-03-07,W4,Garam Refina 500g,Sembako,3.0,3.0,5300.0,4702.0,1.7777255136430095,0.0,0.11283018867924528,POLA_TIDAK_BIASA,-0.0033265078326026876
2026-01-07,W2,Sampoerna A 16 batang,Rokok,0.0,0.0,40000.0,35007.0,-0.9297308990661913,0.0,0.124825,POLA_TIDAK_BIASA,-0.0033133670983129804
2026-07-06,W3,Saus tiram Saori 133ml,Bumbu,6.0,6.0,9900.0,8230.0,2.266273638100692,0.03125,0.1686868686868687,POLA_TIDAK_BIASA,-0.003305190712227235
2026-06-01,W1,Astor,Snack,5.0,5.0,2800.0,2100.0,0.5314575862729026,0.03703703703703698,0.25,POLA_TIDAK_BIASA,-0.003269676922728948
2025-09-17,W5,Telur ayam 1 butir,Sembako,9.0,9.0,2700.0,2434.0,3.1575127235474163,0.0,0.09851851851851852,POLA_TIDAK_BIASA,-0.003268020599215604
2026-01-08,W6,Korek gas,Rokok,1.0,1.0,2300.0,2151.0,-0.38702965728377764,0.0,0.06478260869565218,POLA_TIDAK_BIASA,-0.003256452476378069
2025-09-08,W5,Beras medium SPHP 5kg,Sembako,0.0,0.0,78000.0,60931.0,-0.5732992518686545,0.0,0.21883333333333332,POLA_TIDAK_BIASA,-0.0032555163382839147
2026-03-08,W6,Minyak goreng Fortune 1L,Sembako,0.0,0.0,25500.0,21770.0,-1.054816269611615,0.0,0.14627450980392157,POLA_TIDAK_BIASA,-0.0032135072123140596
2025-07-22,W5,Kerupuk 100g,Snack,4.0,4.0,5300.0,3819.0,5.7357292945095235,0.0,0.27943396226415096,POLA_TIDAK_BIASA,-0.003183122920899728
2025-09-05,W3,Beras medium 1kg,Sembako,7.0,7.0,17000.0,13376.0,1.559400278849029,0.0,0.2131764705882353,POLA_TIDAK_BIASA,-0.0031807164333095272
2026-01-14,W1,Es krim cup Wall's,Frozen,3.0,3.0,5600.0,4724.0,5.785714285714286,0.0,0.15642857142857142,POLA_TIDAK_BIASA,-0.0031704104960699198
2026-01-25,W2,Beras premium 10kg,Sembako,1.0,1.0,171500.0,133150.0,2.0,0.033132530120481896,0.22361516034985424,POLA_TIDAK_BIASA,-0.00316904149345687
2026-01-07,W5,Korek kayu,Rokok,4.0,4.0,2300.0,2172.0,-0.06378648833438458,0.0,0.05565217391304348,POLA_TIDAK_BIASA,-0.0031686712998711952
2025-08-26,W3,Map,ATK,2.0,2.0,2700.0,1800.0,3.7142857142857144,0.0,0.3333333333333333,POLA_TIDAK_BIASA,-0.0031556064223521307
2026-03-07,W3,Telur ayam 1kg,Sembako,1.0,1.0,42500.0,33618.0,-0.04053067306064737,0.0,0.20898823529411764,POLA_TIDAK_BIASA,-0.0031541861687298667
2026-04-07,W5,Khong Guan 200g,Snack,4.0,4.0,9800.0,7198.0,1.4945513804689003,0.03157894736842115,0.2655102040816327,POLA_TIDAK_BIASA,-0.0031493695417540435
2025-09-04,W3,Tepung terigu Segitiga Biru 1kg,Sembako,2.0,2.0,17500.0,13952.0,1.347039765200813,0.0,0.20274285714285714,POLA_TIDAK_BIASA,-0.003142359629042857
2026-03-09,W3,Telur ayam 1kg,Sembako,0.0,0.0,42500.0,33618.0,-0.6079600959097109,0.0,0.20898823529411764,POLA_TIDAK_BIASA,-0.0031396450847496205
2025-12-02,W5,Wipol 450ml,Deterjen,4.0,4.0,9800.0,8019.0,2.5066914242350924,0.03157894736842115,0.181734693877551,POLA_TIDAK_BIASA,-0.0031361174532296143
2025-09-15,W4,Minyakita 1L,Sembako,3.0,3.0,20500.0,18073.0,1.538026011117122,0.0,0.11839024390243902,POLA_TIDAK_BIASA,-0.0031145593260286653
2026-03-10,W4,Beras medium 1kg,Sembako,1.0,1.0,19000.0,16885.0,0.6708203932499354,0.0,0.11131578947368422,POLA_TIDAK_BIASA,-0.0031029712570487256
2026-06-06,W2,Terasi ABC 20g,Bumbu,7.0,7.0,3400.0,2958.0,6.68335942719544,0.0,0.13,LONJAKAN_PENJUALAN,-0.003102575123239193
2025-09-11,W5,Tepung beras Rose Brand 500g,Sembako,3.0,3.0,10000.0,8228.0,1.8589140953681949,0.0,0.1772,POLA_TIDAK_BIASA,-0.0030544655283072375
2025-05-05,W1,Tepung beras Rose Brand 500g,Sembako,2.0,2.0,8800.0,7953.0,1.4568956606044052,0.03529411764705892,0.09625,POLA_TIDAK_BIASA,-0.0030520124663424575
2026-01-10,W6,Surya 12 batang,Rokok,1.0,1.0,28000.0,26613.0,0.0,0.0,0.04953571428571429,POLA_TIDAK_BIASA,-0.0030506101369091043
2026-01-05,W4,Gula pasir Gulaku 1kg,Sembako,1.0,1.0,23000.0,20611.0,0.2820083663723054,0.045454545454545414,0.10386956521739131,POLA_TIDAK_BIASA,-0.0030453568428231437
2025-06-02,W1,Keripik kentang Chitato 68g,Snack,3.0,3.0,12500.0,9150.0,-0.09192611353225222,0.04166666666666674,0.268,POLA_TIDAK_BIASA,-0.0030016590285347755
2025-09-05,W4,Gula pasir Gulaku 1kg,Sembako,3.0,3.0,22000.0,17764.0,1.4411533842457842,0.0,0.19254545454545455,POLA_TIDAK_BIASA,-0.0029965544055237103
2025-09-01,W2,Kratingdaeng 150ml,Minuman,16.0,16.0,8100.0,6650.0,1.1436821849676286,0.03846153846153855,0.17901234567901234,POLA_TIDAK_BIASA,-0.002963011436942775
2025-10-29,W1,Beras premium 10kg,Sembako,0.0,0.0,172500.0,135700.0,-0.07142857142857142,0.0,0.21333333333333335,POLA_TIDAK_BIASA,-0.0029416738511475193
2025-09-07,W3,Margarin Blue Band 500g,Sembako,2.0,2.0,22000.0,16862.0,0.709299365615191,0.0,0.23354545454545456,POLA_TIDAK_BIASA,-0.0028827991186670676
2025-09-04,W4,Garam Refina 500g,Sembako,1.0,1.0,4700.0,3751.0,-0.19446111706564925,0.0,0.20191489361702128,POLA_TIDAK_BIASA,-0.0028657490326000623
2025-11-28,W3,Merica bubuk Ladaku,Bumbu,4.0,5.0,1700.0,1350.0,4.572988116080192,0.0,0.20588235294117646,LONJAKAN_PENJUALAN,-0.0028150779757566413
2026-03-06,W3,Gula pasir Gulaku 1kg,Sembako,0.0,0.0,25500.0,22669.0,-0.615384997797184,0.0,0.11101960784313726,POLA_TIDAK_BIASA,-0.0027973161744954123
2026-07-06,W6,Good Day 250ml,Minuman,2.0,2.0,5300.0,4240.0,0.537315826763303,0.03921568627450989,0.2,POLA_TIDAK_BIASA,-0.0027707637126442863
2025-09-05,W6,Spons cuci piring,Plastik,4.0,5.0,3100.0,2250.0,4.8189625696914975,0.0,0.27419354838709675,LONJAKAN_PENJUALAN,-0.002770228183936463
2026-06-02,W1,Gula pasir curah 1kg,Sembako,1.0,1.0,25500.0,23055.0,0.6301260378126043,0.04081632653061229,0.09588235294117647,POLA_TIDAK_BIASA,-0.0027615339894947466
2025-11-13,W1,Stabilo,ATK,3.0,5.0,8300.0,5832.0,3.9126679005082683,0.0,0.29734939759036144,POLA_TIDAK_BIASA,-0.002751510777776356
2025-09-02,W2,Minyak goreng Fortune 1L,Sembako,1.0,1.0,22500.0,20652.0,-0.16651445963339445,0.0,0.08213333333333334,POLA_TIDAK_BIASA,-0.002750658283252494
2026-02-08,W6,Makaroni pedas 100g,Snack,3.0,3.0,6300.0,4707.0,5.857142857142857,0.0,0.25285714285714284,POLA_TIDAK_BIASA,-0.002696449492841757
2025-09-02,W3,Tepung beras Rose Brand 500g,Sembako,2.0,2.0,10500.0,8060.0,0.1323140310062408,0.0,0.23238095238095238,POLA_TIDAK_BIASA,-0.0026855918503869702
2026-05-04,W6,Baby powder My Baby 50g,Bayi,1.0,1.0,7800.0,6900.0,0.8241313891509355,0.040000000000000036,0.11538461538461539,POLA_TIDAK_BIASA,-0.0026707322849541804
2026-03-09,W5,Minyakita 1L,Sembako,0.0,0.0,23000.0,18589.0,-0.8925154625728776,0.0,0.19178260869565217,POLA_TIDAK_BIASA,-0.002667628036710279
2025-12-27,W2,Beras premium 10kg,Sembako,0.0,0.0,166000.0,133150.0,-0.07142857142857142,0.0,0.19789156626506024,POLA_TIDAK_BIASA,-0.0026277947042949723
2025-12-26,W2,Beras premium 10kg,Sembako,0.0,0.0,166000.0,133150.0,-0.07142857142857142,0.0,0.19789156626506024,POLA_TIDAK_BIASA,-0.0026277947042949723
2025-12-28,W2,Beras premium 10kg,Sembako,0.0,0.0,166000.0,133150.0,-0.07142857142857142,0.0,0.19789156626506024,POLA_TIDAK_BIASA,-0.0026277947042949723
2025-08-05,W6,Pasta gigi Close Up 65g,Perawatan,1.0,1.0,7200.0,6150.0,0.536068945988628,0.04347826086956519,0.14583333333333334,POLA_TIDAK_BIASA,-0.002620277479980948
2025-06-02,W6,Minyak goreng Bimoli 1L,Sembako,1.0,1.0,22500.0,20637.0,-0.30656966974248295,0.04651162790697683,0.0828,POLA_TIDAK_BIASA,-0.0026198588004957557
2026-01-17,W5,Korek gas,Rokok,8.0,8.0,2300.0,2189.0,1.7511804628962404,0.0,0.04826086956521739,POLA_TIDAK_BIASA,-0.0025966755800762575
2026-04-06,W6,Kecap manis Sedap 135ml,Bumbu,6.0,6.0,6400.0,5491.0,2.2040216404015376,0.032258064516129004,0.14203125,POLA_TIDAK_BIASA,-0.0025674353139877315
2025-09-03,W5,Tepung terigu Segitiga Biru 1kg,Sembako,0.0,0.0,17500.0,13623.0,-0.9297926036026991,0.0,0.22154285714285715,POLA_TIDAK_BIASA,-0.0025616789677551655
2026-04-23,W2,Cuka 100ml,Bumbu,4.0,6.0,4600.0,4031.0,7.1341802605633085,0.0,0.12369565217391304,LONJAKAN_PENJUALAN,-0.00255907792078236
2025-06-03,W5,Mayones Maestro 100g,Bumbu,2.0,2.0,7400.0,6177.0,0.7660509461021023,0.04225352112676051,0.16527027027027028,POLA_TIDAK_BIASA,-0.002558416506533101
2025-09-12,W1,Tepung beras Rose Brand 500g,Sembako,2.0,2.0,10000.0,8926.0,1.1123011359837427,0.0,0.1074,POLA_TIDAK_BIASA,-0.002535406141421448
2026-07-07,W6,Djarum Super 12 batang,Rokok,1.0,1.0,27500.0,25804.0,0.1970276015597752,0.037735849056603765,0.061672727272727275,POLA_TIDAK_BIASA,-0.0025223836786066878
2025-12-01,W6,Popok Merries isi 10,Bayi,1.0,1.0,29500.0,26184.0,1.9285714285714286,0.03508771929824572,0.11240677966101695,POLA_TIDAK_BIASA,-0.0025099361894475036
2025-09-09,W5,Beras premium 5kg,Sembako,0.0,0.0,90500.0,72149.0,-0.8864052604279183,0.0,0.20277348066298342,POLA_TIDAK_BIASA,-0.002502223347721766
2025-08-12,W6,Minyak rem 100ml,LPG,2.0,2.0,15000.0,14177.0,3.7142857142857144,0.0,0.05486666666666667,POLA_TIDAK_BIASA,-0.0024882700619099918
2025-09-05,W5,Teh Tong Tji sachet,Sachet,5.0,6.0,1100.0,850.0,1.3718964348240568,0.0,0.22727272727272727,POLA_TIDAK_BIASA,-0.0024835252225752225
2025-11-23,W1,Kecap manis Bango 135ml,Bumbu,2.0,2.0,8000.0,6351.0,1.4012227264385129,0.0,0.206125,POLA_TIDAK_BIASA,-0.002482472147111947
2025-09-08,W1,Minyak goreng Sania 1L,Sembako,2.0,2.0,24500.0,19875.0,0.7779952848477368,0.0,0.18877551020408162,POLA_TIDAK_BIASA,-0.002475762593847519
2025-09-10,W1,Gula pasir curah 1kg,Sembako,0.0,0.0,21500.0,19322.0,-0.823754471047914,0.0,0.10130232558139535,POLA_TIDAK_BIASA,-0.002453736902849224
2025-10-18,W3,Kacang atom Garuda 100g,Snack,4.0,4.0,7500.0,5300.0,4.814555540747769,0.0,0.29333333333333333,POLA_TIDAK_BIASA,-0.002444641637079803
2026-03-05,W4,Minyak goreng Fortune 1L,Sembako,0.0,0.0,27000.0,23722.0,-0.840851213641496,0.0,0.12140740740740741,POLA_TIDAK_BIASA,-0.0024332483934458304
2025-09-06,W4,Beras premium 5kg,Sembako,0.0,0.0,88000.0,70579.0,-0.2857142857142857,0.0,0.19796590909090908,POLA_TIDAK_BIASA,-0.0024134133164981364
2025-09-14,W6,Garam Dolphin 500g,Sembako,5.0,5.0,3900.0,3504.0,1.23299240479018,0.0,0.10153846153846154,POLA_TIDAK_BIASA,-0.0023936402697640746
2025-08-23,W3,Shampoo Sunsilk sachet,Perawatan,3.0,3.0,1600.0,1350.0,5.642857142857143,0.0,0.15625,POLA_TIDAK_BIASA,-0.0023907952187547377
2025-09-09,W3,Oatmeal Quaker 35g,Mi,6.0,6.0,3800.0,3253.0,4.24622787045391,0.0,0.14394736842105263,LONJAKAN_PENJUALAN,-0.0023676890794424033
2026-01-10,W6,Better,Snack,1.0,1.0,2600.0,2040.0,0.3466457952167804,0.040000000000000036,0.2153846153846154,POLA_TIDAK_BIASA,-0.0023648710981235554
2025-11-04,W2,Teh Tong Tji sachet,Sachet,3.0,3.0,1100.0,850.0,-0.858968687264227,0.0,0.22727272727272727,POLA_TIDAK_BIASA,-0.002364045198826492
2025-09-30,W5,Beras premium 10kg,Sembako,0.0,0.0,179000.0,132100.0,-0.07142857142857142,0.0,0.2620111731843575,POLA_TIDAK_BIASA,-0.002362010772975598
2026-06-11,W5,Makaroni pedas 100g,Snack,8.0,8.0,6700.0,4892.0,5.711989278874996,0.0,0.26985074626865674,LONJAKAN_PENJUALAN,-0.0023565321314279464
2025-10-15,W3,Amplop,ATK,0.0,0.0,1100.0,750.0,-0.2918634104827062,0.0,0.3181818181818182,POLA_TIDAK_BIASA,-0.002355899969120556
2025-11-03,W2,LA Bold 16 batang,Rokok,3.0,3.0,30000.0,28477.0,0.7385295395379926,0.034482758620689724,0.05076666666666667,POLA_TIDAK_BIASA,-0.002308194943738906
2026-01-08,W2,Sampoerna Mild 16 batang,Rokok,2.0,2.0,36000.0,34392.0,0.16423467043540774,0.0,0.04466666666666667,POLA_TIDAK_BIASA,-0.0022685025706228323
2026-05-23,W2,Teh Sariwangi 1 kantong,Sachet,17.0,17.0,600.0,450.0,2.894733534398051,0.0,0.25,POLA_TIDAK_BIASA,-0.002262541396611195
2026-02-02,W6,Cornetto,Frozen,1.0,1.0,13000.0,10808.0,0.8280786712108235,0.040000000000000036,0.1686153846153846,POLA_TIDAK_BIASA,-0.0022597478517636382
2026-01-12,W5,Gudang Garam Filter 12 batang,Rokok,3.0,3.0,26500.0,24163.0,-0.22699497253739334,0.0,0.08818867924528302,POLA_TIDAK_BIASA,-0.002253503446740579
2025-11-10,W3,Tisu Tessa,Tisu,3.0,3.0,7500.0,5850.0,5.5,0.0,0.22,POLA_TIDAK_BIASA,-0.0022532244934956314
2025-08-04,W1,Coca-Cola 390ml,Minuman,7.0,7.0,6200.0,4849.0,2.013543730220652,0.03333333333333344,0.2179032258064516,POLA_TIDAK_BIASA,-0.002241863856921822
2026-01-11,W3,Surya 16 batang,Rokok,0.0,0.0,36500.0,30154.0,-1.336306209562122,0.0,0.17386301369863014,POLA_TIDAK_BIASA,-0.0022383833430906774
2026-02-02,W2,Snack kentang Qtela 60g,Snack,4.0,4.0,8500.0,6412.0,0.8818445268783307,0.03658536585365857,0.2456470588235294,POLA_TIDAK_BIASA,-0.002228188640507889
2026-06-07,W4,Klem selang,LPG,3.0,3.0,5200.0,4756.0,5.857142857142857,0.0,0.08538461538461538,POLA_TIDAK_BIASA,-0.002221811883712288
2026-01-31,W6,Hanger,RumahTangga,1.0,1.0,3100.0,2387.0,2.0,0.03333333333333344,0.23,POLA_TIDAK_BIASA,-0.002218874278487326
2026-01-07,W6,Djarum Super 16 batang,Rokok,0.0,0.0,35500.0,30341.0,-0.7018667099716462,0.0,0.14532394366197182,POLA_TIDAK_BIASA,-0.0022086462320524136
2026-03-04,W3,Margarin Blue Band 200g,Sembako,0.0,0.0,11000.0,8743.0,-0.8605187056135791,0.0,0.2051818181818182,POLA_TIDAK_BIASA,-0.002199584056088333
2026-03-07,W3,Minyakita 1L,Sembako,3.0,3.0,23500.0,18879.0,1.4696938456699093,0.0,0.1966382978723404,POLA_TIDAK_BIASA,-0.0021927922173222703
2026-01-09,W3,Esse 16 batang,Rokok,0.0,0.0,39000.0,32822.0,-0.9250183155225824,0.0,0.1584102564102564,POLA_TIDAK_BIASA,-0.0021724188754372875
2026-01-11,W5,Gudang Garam Filter 12 batang,Rokok,2.0,2.0,26500.0,24163.0,-0.6549351164844666,0.0,0.08818867924528302,POLA_TIDAK_BIASA,-0.0021213216599444973
2026-01-13,W1,Korek kayu,Rokok,0.0,0.0,2300.0,2155.0,-1.1616187896650816,0.0,0.06304347826086956,POLA_TIDAK_BIASA,-0.0021074783610143255
2026-03-19,W6,Tepung beras Rose Brand 500g,Sembako,4.0,4.0,11000.0,9857.0,3.231428693010838,0.0,0.10390909090909091,POLA_TIDAK_BIASA,-0.002090995266636808
2025-11-18,W6,Cuka 100ml,Bumbu,4.0,4.0,4500.0,3650.0,1.08904025489859,0.0,0.18888888888888888,POLA_TIDAK_BIASA,-0.0020788414804130406
2026-03-06,W3,Minyak goreng Fortune 1L,Sembako,0.0,0.0,27500.0,23483.0,-1.0063614986882954,0.0,0.14607272727272727,POLA_TIDAK_BIASA,-0.0020726759861923183
2025-09-10,W2,Tepung terigu Segitiga Biru 1kg,Sembako,4.0,4.0,16500.0,15026.0,1.584715760574068,0.0,0.08933333333333333,POLA_TIDAK_BIASA,-0.0020175406666576023
2025-09-09,W5,Beras medium SPHP 5kg,Sembako,0.0,0.0,78000.0,60931.0,-0.5732992518686545,0.0,0.21883333333333332,POLA_TIDAK_BIASA,-0.0020084002896767483
2026-01-09,W5,Djarum Super 16 batang,Rokok,0.0,0.0,36500.0,33360.0,-1.076547129639017,0.0,0.08602739726027397,POLA_TIDAK_BIASA,-0.0019895823113899036
2026-04-06,W4,Makaroni pedas 100g,Snack,10.0,11.0,6400.0,4800.0,1.5853123400225986,0.032258064516129004,0.25,POLA_TIDAK_BIASA,-0.001967539288360798
2026-01-14,W4,Gudang Garam 16 batang,Rokok,0.0,0.0,34000.0,31461.0,-0.7018667099716466,0.0,0.07467647058823529,POLA_TIDAK_BIASA,-0.001959976121924112
2026-01-12,W2,Sampoerna Mild 16 batang,Rokok,0.0,0.0,36000.0,34392.0,-1.0299098434883929,0.0,0.04466666666666667,POLA_TIDAK_BIASA,-0.0019442345573081887
2025-09-12,W1,Beras premium 5kg,Sembako,1.0,1.0,87500.0,71084.0,0.8280786712108245,0.0,0.18761142857142857,POLA_TIDAK_BIASA,-0.0018987584233046695
2026-01-16,W6,Marlboro 16 batang,Rokok,1.0,1.0,46500.0,44054.0,-0.17476551841063886,0.0,0.05260215053763441,POLA_TIDAK_BIASA,-0.0018973511058839598
2026-03-03,W4,Sabun batang Lux,Perawatan,2.0,2.0,4900.0,4100.0,0.5955883383370915,0.042553191489361764,0.16326530612244897,POLA_TIDAK_BIASA,-0.0018569516267294972
2026-03-08,W1,Beras premium 5kg,Sembako,0.0,0.0,101000.0,80287.0,-0.5345224838248481,0.0,0.20507920792079207,POLA_TIDAK_BIASA,-0.0018421492248195115
2025-09-04,W1,Tepung beras Rose Brand 500g,Sembako,0.0,0.0,10000.0,8055.0,-0.621059003408119,0.0,0.1945,POLA_TIDAK_BIASA,-0.0018314762468700785
2025-10-06,W4,Ultra Milk 250ml,Minuman,20.0,20.0,5700.0,4600.0,1.4635920030804217,0.036363636363636376,0.19298245614035087,POLA_TIDAK_BIASA,-0.0018292161170534449
2025-09-09,W6,Santan Kara 65ml,Sembako,3.0,3.0,4600.0,4283.0,-0.16204602760868972,0.0,0.06891304347826087,POLA_TIDAK_BIASA,-0.0018291986547593897
2025-09-06,W2,Margarin Blue Band 200g,Sembako,1.0,1.0,9100.0,8162.0,-0.5155606475377139,0.0,0.10307692307692308,POLA_TIDAK_BIASA,-0.0018209099226751402
2026-04-06,W5,Keripik kentang Chitato 68g,Snack,1.0,1.0,13000.0,9418.0,-0.15053057970751135,0.040000000000000036,0.27553846153846157,POLA_TIDAK_BIASA,-0.00181769507666929
2026-07-07,W1,Beng-Beng,Snack,1.0,1.0,2800.0,2063.0,-0.8057667791907004,0.03703703703703698,0.26321428571428573,POLA_TIDAK_BIASA,-0.0018145808799282515
2026-01-07,W2,Esse 16 batang,Rokok,2.0,2.0,38000.0,33678.0,0.045735391780953344,0.0,0.11373684210526316,POLA_TIDAK_BIASA,-0.001768163316961946
2026-01-15,W1,Gudang Garam 16 batang,Rokok,0.0,0.0,33500.0,31348.0,-1.0821281435367247,0.0,0.06423880597014925,POLA_TIDAK_BIASA,-0.001750055978709475
2026-01-13,W6,Esse 16 batang,Rokok,0.0,0.0,38000.0,32836.0,-0.9185586535436925,0.0,0.13589473684210526,POLA_TIDAK_BIASA,-0.0017487147093249167
2026-02-03,W1,Minyak goreng Sania 1L,Sembako,1.0,1.0,25500.0,22955.0,0.5808829629649704,0.04081632653061229,0.09980392156862745,POLA_TIDAK_BIASA,-0.001742232053866699
2026-03-31,W2,Tepung beras Rose Brand 500g,Sembako,5.0,5.0,11000.0,10284.0,4.79315104736745,0.0,0.06509090909090909,LONJAKAN_PENJUALAN,-0.0017289312114571187
2025-09-02,W1,Tepung beras Rose Brand 500g,Sembako,0.0,0.0,10000.0,8055.0,-0.5695806224595925,0.0,0.1945,POLA_TIDAK_BIASA,-0.001698878477692456
2026-03-07,W6,Tepung beras Rose Brand 500g,Sembako,2.0,2.0,11000.0,9215.0,0.9512111765733557,0.0,0.16227272727272726,POLA_TIDAK_BIASA,-0.001690531138057505
2025-10-06,W4,Keripik kentang Chitato 68g,Snack,8.0,8.0,13000.0,9700.0,-0.6182335748379374,0.040000000000000036,0.25384615384615383,POLA_TIDAK_BIASA,-0.0016841559884291923
2025-12-01,W5,Minyak goreng Sania 1L,Sembako,1.0,1.0,25000.0,21784.0,0.7724908562393382,0.04166666666666674,0.12864,POLA_TIDAK_BIASA,-0.0016424682160499637
2025-10-06,W3,Khong Guan 200g,Snack,1.0,1.0,9900.0,7039.0,0.938767226722073,0.03125,0.28898989898989896,POLA_TIDAK_BIASA,-0.0016423925847079968
2025-09-07,W3,Telur ayam 1kg,Sembako,2.0,2.0,38000.0,29704.0,0.947514248563855,0.0,0.2183157894736842,POLA_TIDAK_BIASA,-0.0016338522311830639
2026-01-08,W5,Korek gas,Rokok,4.0,4.0,2300.0,2147.0,0.0,0.0,0.06652173913043478,POLA_TIDAK_BIASA,-0.001627215854256514
2025-10-01,W5,Beras premium 10kg,Sembako,0.0,0.0,179000.0,132100.0,-0.07142857142857142,0.0,0.2620111731843575,POLA_TIDAK_BIASA,-0.0015833065688637404
2025-11-20,W5,Saus tiram Saori 133ml,Bumbu,3.0,3.0,9300.0,7139.0,1.7222351850283755,0.0,0.23236559139784946,POLA_TIDAK_BIASA,-0.0015800763550852803
2026-03-04,W1,FreshCare 10ml,Obat,1.0,1.0,13000.0,10400.0,0.39521666643137565,0.040000000000000036,0.2,POLA_TIDAK_BIASA,-0.0015712219044391462
2025-08-04,W2,Le Minerale 1.5L,Minuman,13.0,13.0,6000.0,4945.0,2.0762500019970123,0.034482758620689724,0.17583333333333334,POLA_TIDAK_BIASA,-0.001563100668706796
2025-09-02,W6,Gula pasir Gulaku 1kg,Sembako,1.0,1.0,22000.0,18250.0,-0.6210590034081186,0.0,0.17045454545454544,POLA_TIDAK_BIASA,-0.0015531175973509947
2025-12-29,W2,Beras premium 10kg,Sembako,0.0,0.0,166000.0,133150.0,-0.07142857142857142,0.0,0.19789156626506024,POLA_TIDAK_BIASA,-0.0015374353412284103
2025-12-30,W2,Beras premium 10kg,Sembako,0.0,0.0,166000.0,133150.0,-0.07142857142857142,0.0,0.19789156626506024,POLA_TIDAK_BIASA,-0.0015374353412284103
2025-12-16,W6,Tolak Angin sachet,Obat,2.0,2.0,4100.0,3357.0,3.857142857142857,0.0,0.18121951219512195,POLA_TIDAK_BIASA,-0.0015211626742367423
2025-11-04,W5,Nugget So Good 250g,Frozen,1.0,1.0,24500.0,20300.0,0.4828448802857376,0.042553191489361764,0.17142857142857143,POLA_TIDAK_BIASA,-0.0014947227703496768
2026-07-12,W6,Tolak Angin sachet,Obat,4.0,4.0,4300.0,3548.0,4.336839958415714,0.0,0.17488372093023255,POLA_TIDAK_BIASA,-0.0014733309863227406
2025-09-04,W3,Margarin Blue Band 200g,Sembako,0.0,0.0,9700.0,7693.0,-1.0375027518676225,0.0,0.20690721649484536,POLA_TIDAK_BIASA,-0.001471119109585528
2026-01-10,W2,Gudang Garam 16 batang,Rokok,1.0,1.0,32500.0,28922.0,0.23362835924302383,0.0,0.1100923076923077,POLA_TIDAK_BIASA,-0.0014693892666808317
2026-03-04,W3,Aluminium foil,Plastik,3.0,3.0,11500.0,7607.0,5.077963596336061,0.0,0.33852173913043476,POLA_TIDAK_BIASA,-0.001464530493912819
2026-01-08,W1,Surya 12 batang,Rokok,0.0,0.0,28500.0,24532.0,-1.0827764927242833,0.0,0.1392280701754386,POLA_TIDAK_BIASA,-0.0014519765648340899
2025-06-02,W1,Pengharum mobil,LPG,2.0,2.0,15500.0,14185.0,1.5046511739534532,0.03333333333333344,0.08483870967741935,POLA_TIDAK_BIASA,-0.0014398583939843057
2026-01-12,W2,Gudang Garam 16 batang,Rokok,0.0,0.0,32500.0,28922.0,-0.8693182879212211,0.0,0.1100923076923077,POLA_TIDAK_BIASA,-0.0014361757989748147
2026-03-11,W4,Beras premium 5kg,Sembako,0.0,0.0,101500.0,81170.0,-0.21428571428571427,0.0,0.20029556650246305,POLA_TIDAK_BIASA,-0.0014345094166501315
2025-10-12,W1,Bohlam LED Philips 5W,RumahTangga,1.0,1.0,16000.0,11913.0,1.8571428571428572,0.032258064516129004,0.2554375,POLA_TIDAK_BIASA,-0.0014118030948211402
2025-11-18,W3,Saus tiram Saori 133ml,Bumbu,0.0,0.0,9300.0,7341.0,-0.878780686983012,0.0,0.21064516129032257,POLA_TIDAK_BIASA,-0.0013964149668709291
2025-10-28,W3,Beras premium 10kg,Sembako,0.0,0.0,176500.0,132750.0,-0.07142857142857142,0.0,0.24787535410764872,POLA_TIDAK_BIASA,-0.0013924765936290662
2025-09-10,W5,Beras medium SPHP 5kg,Sembako,0.0,0.0,78000.0,60931.0,-0.5732992518686545,0.0,0.21883333333333332,POLA_TIDAK_BIASA,-0.0013856855397378354
2025-09-03,W3,Minyakita 1L,Sembako,3.0,3.0,20500.0,16412.0,0.5787092328912512,0.0,0.19941463414634147,POLA_TIDAK_BIASA,-0.0013712469031152974
2025-11-15,W1,Merica bubuk Ladaku,Bumbu,4.0,4.0,1600.0,1440.0,3.145372081529607,0.0,0.1,POLA_TIDAK_BIASA,-0.0013658841679107248
2025-04-09,W4,Rautan Joyko,ATK,1.0,1.0,3100.0,2100.0,-0.1271267599232647,0.03333333333333344,0.3225806451612903,POLA_TIDAK_BIASA,-0.001363274251931279
2026-01-15,W2,Gudang Garam Filter 12 batang,Rokok,0.0,0.0,26000.0,24912.0,-1.0668520525863576,0.0,0.041846153846153845,POLA_TIDAK_BIASA,-0.00132780950057243
2025-09-04,W2,Margarin Blue Band 200g,Sembako,2.0,2.0,9100.0,8162.0,-0.017460363081549073,0.0,0.10307692307692308,POLA_TIDAK_BIASA,-0.0012912405344409628
2026-02-09,W2,Basreng 100g,Snack,18.0,18.0,7400.0,5774.0,5.751095976222009,0.0,0.21972972972972973,LONJAKAN_PENJUALAN,-0.0012867637631416295
2025-09-08,W3,Margarin Blue Band 500g,Sembako,2.0,2.0,22000.0,16862.0,0.7660509461021023,0.0,0.23354545454545456,POLA_TIDAK_BIASA,-0.00128363477460125
2026-01-15,W2,Marlboro 16 batang,Rokok,2.0,2.0,45500.0,43252.0,0.30630441365150807,0.0,0.0494065934065934,POLA_TIDAK_BIASA,-0.0012688524743770246
2025-09-07,W6,Minyak goreng Fortune 1L,Sembako,4.0,4.0,23000.0,20575.0,0.5002470966298596,0.0,0.10543478260869565,POLA_TIDAK_BIASA,-0.001259331562802224
2025-09-07,W5,Garam Dolphin 500g,Sembako,2.0,2.0,4200.0,3312.0,1.074253525429333,0.0,0.21142857142857144,POLA_TIDAK_BIASA,-0.0012549710119137414
2025-09-02,W3,Tepung terigu Kompas 1kg,Sembako,0.0,0.0,15000.0,11537.0,-0.7053351864218406,0.0,0.23086666666666666,POLA_TIDAK_BIASA,-0.0012429356497261068
2025-08-05,W6,Kukubima sachet,Minuman,3.0,3.0,2500.0,2050.0,0.6879496995438514,0.04166666666666674,0.18,POLA_TIDAK_BIASA,-0.0012423716936678098
2025-07-23,W2,Bohlam LED Philips 5W,RumahTangga,1.0,1.0,15500.0,11899.0,1.9285714285714286,0.03333333333333344,0.2323225806451613,POLA_TIDAK_BIASA,-0.0012418181543519813
2026-03-06,W5,Minyak goreng Bimoli 1L,Sembako,0.0,0.0,30500.0,24259.0,-0.6919665699946402,0.0,0.20462295081967213,POLA_TIDAK_BIASA,-0.001223265913408489
2026-01-07,W6,Esse 16 batang,Rokok,1.0,1.0,38000.0,32836.0,0.0344819993477845,0.0,0.13589473684210526,POLA_TIDAK_BIASA,-0.0012062489000547183
2026-01-15,W1,LA Ice 16 batang,Rokok,0.0,0.0,35500.0,32956.0,-1.2392393980641052,0.0,0.07166197183098591,POLA_TIDAK_BIASA,-0.0011985885621412784
2026-01-08,W2,Sampoerna A 16 batang,Rokok,0.0,0.0,40000.0,35007.0,-0.9297308990661913,0.0,0.124825,POLA_TIDAK_BIASA,-0.0011548764344091467
2026-03-03,W1,Minyak goreng Bimoli 1L,Sembako,0.0,0.0,28500.0,23545.0,-0.7863253373498376,0.0,0.17385964912280702,POLA_TIDAK_BIASA,-0.0011459173697387914
2025-11-19,W3,Bawang goreng 50g,Bumbu,0.0,0.0,8200.0,6349.0,-0.909594204852268,0.0,0.22573170731707318,POLA_TIDAK_BIASA,-0.0011425858093172536
2026-03-09,W1,Beras premium 5kg,Sembako,0.0,0.0,101000.0,80287.0,-0.48245064067700705,0.0,0.20507920792079207,POLA_TIDAK_BIASA,-0.0011257470345842346
2026-03-10,W1,Beras premium 5kg,Sembako,0.0,0.0,101000.0,80287.0,-0.48245064067700705,0.0,0.20507920792079207,POLA_TIDAK_BIASA,-0.0011257470345842346
2025-09-02,W3,Telur ayam 1kg,Sembako,1.0,1.0,38000.0,29704.0,-0.24597006432937926,0.0,0.2183157894736842,POLA_TIDAK_BIASA,-0.0011239329239151052
2026-01-20,W2,Korek gas,Rokok,0.0,0.0,2300.0,2223.0,-1.2604222948509194,0.0,0.033478260869565214,POLA_TIDAK_BIASA,-0.0011211596355722442
2026-06-19,W4,Beras premium 5kg,Sembako,1.0,1.0,105000.0,92289.0,2.0,0.034482758620689724,0.12105714285714286,POLA_TIDAK_BIASA,-0.0010859088122023852
2025-12-31,W2,Beras premium 10kg,Sembako,0.0,0.0,166000.0,133150.0,-0.07142857142857142,0.0,0.19789156626506024,POLA_TIDAK_BIASA,-0.0010706651583659577
2026-03-07,W2,Margarin Blue Band 200g,Sembako,2.0,2.0,10000.0,8602.0,0.8621612291634743,0.0,0.1398,POLA_TIDAK_BIASA,-0.001065051243931192
2025-06-03,W6,LA Ice 16 batang,Rokok,2.0,2.0,31500.0,29512.0,0.8241313891509359,0.032786885245901676,0.06311111111111112,POLA_TIDAK_BIASA,-0.001063670793796101
2025-10-10,W3,Permen karet Big Babol,Snack,3.0,3.0,2200.0,1501.0,2.5980762113533173,0.0,0.31772727272727275,POLA_TIDAK_BIASA,-0.0010622965176182442
2026-04-06,W5,Teh Botol Sosro 350ml,Minuman,5.0,5.0,5500.0,4349.0,0.7092993656151902,0.037735849056603765,0.20927272727272728,POLA_TIDAK_BIASA,-0.001055614440388819
2026-03-10,W2,Minyak goreng Bimoli 1L,Sembako,2.0,2.0,28500.0,25547.0,0.9011271137791645,0.0,0.1036140350877193,POLA_TIDAK_BIASA,-0.0010474846483106148
2025-08-04,W1,LA Ice 16 batang,Rokok,4.0,4.0,32000.0,29879.0,1.1640451699463334,0.032258064516129004,0.06628125,POLA_TIDAK_BIASA,-0.0010386251435265947
2026-03-05,W1,Telur ayam 1 butir,Sembako,0.0,0.0,3100.0,2750.0,-0.873827592053194,0.0,0.11290322580645161,POLA_TIDAK_BIASA,-0.0010386187005138048
2026-01-18,W2,Korek gas,Rokok,3.0,3.0,2300.0,2223.0,0.36346798018712334,0.0,0.033478260869565214,POLA_TIDAK_BIASA,-0.0010350371318508245
2025-09-07,W4,Beras premium 5kg,Sembako,0.0,0.0,88000.0,70579.0,-0.2857142857142857,0.0,0.19796590909090908,POLA_TIDAK_BIASA,-0.001012273444028211
2026-03-07,W6,Garam Refina 500g,Sembako,0.0,0.0,5200.0,4663.0,-0.8787806869830124,0.0,0.10326923076923077,POLA_TIDAK_BIASA,-0.00098787885559104
2025-11-18,W3,Bawang goreng 50g,Bumbu,0.0,0.0,8200.0,6349.0,-0.909594204852268,0.0,0.22573170731707318,POLA_TIDAK_BIASA,-0.0009870496968981124
2025-07-09,W3,Nugget Fiesta 250g,Frozen,1.0,1.0,27000.0,21519.0,0.49984702462545416,0.03846153846153855,0.203,POLA_TIDAK_BIASA,-0.0009846114631537617
2025-09-06,W5,Tepung beras Rose Brand 500g,Sembako,2.0,2.0,10000.0,8228.0,0.8856508269733411,0.0,0.1772,POLA_TIDAK_BIASA,-0.0009729223480300364
2025-09-09,W2,Margarin Blue Band 200g,Sembako,0.0,0.0,9100.0,8162.0,-0.9078040480098029,0.0,0.10307692307692308,POLA_TIDAK_BIASA,-0.0009465924726389519
2026-07-09,W3,Margarin Blue Band 500g,Sembako,2.0,2.0,26000.0,23006.0,0.947514248563855,0.040000000000000036,0.11515384615384615,POLA_TIDAK_BIASA,-0.0009442997780361173
2025-11-19,W3,Saus tiram Saori 133ml,Bumbu,0.0,0.0,9300.0,7341.0,-0.8467237161633914,0.0,0.21064516129032257,POLA_TIDAK_BIASA,-0.0009297401641938929
2025-06-04,W2,Pulpen Standard AE7,ATK,3.0,3.0,2500.0,1758.0,3.150630189063023,0.0,0.2968,POLA_TIDAK_BIASA,-0.0009296297016472277
2026-01-08,W6,Minyak goreng Bimoli 1L,Sembako,1.0,1.0,26000.0,23509.0,0.39019948628585394,0.040000000000000036,0.0958076923076923,POLA_TIDAK_BIASA,-0.0009023552310070126
2026-04-15,W2,Bohlam LED Hannochs 9W,RumahTangga,1.0,1.0,16000.0,12032.0,1.7857142857142858,0.032258064516129004,0.248,POLA_TIDAK_BIASA,-0.0008906089121833993
2025-12-02,W2,Tepung beras Rose Brand 500g,Sembako,2.0,2.0,10000.0,9201.0,2.0005951495444934,0.030927835051546282,0.0799,POLA_TIDAK_BIASA,-0.0008894174488758289
2025-09-09,W6,Tepung beras Rose Brand 500g,Sembako,3.0,3.0,9700.0,8200.0,0.8662242843482697,0.0,0.15463917525773196,POLA_TIDAK_BIASA,-0.0008691875415529626
2025-11-06,W3,Roma Kelapa 300g,Snack,2.0,2.0,9900.0,7134.0,1.2690376486753738,0.03125,0.2793939393939394,POLA_TIDAK_BIASA,-0.0008667059515289344
2026-01-08,W4,Djarum Super 12 batang,Rokok,0.0,0.0,27000.0,22943.0,-0.823754471047914,0.0,0.15025925925925926,POLA_TIDAK_BIASA,-0.0008470757070264678
2025-11-18,W5,Kecap manis Sedap 135ml,Bumbu,1.0,1.0,6400.0,4878.0,0.11013346473215291,0.0,0.2378125,POLA_TIDAK_BIASA,-0.0008253080319594597
2025-08-04,W2,Pocari Sweat 350ml,Minuman,3.0,3.0,7100.0,5850.0,-0.9649241027795314,0.044117647058823595,0.176056338028169,POLA_TIDAK_BIASA,-0.0008224364745893498
2025-09-02,W2,Gula pasir Rose Brand 1kg,Sembako,1.0,1.0,21500.0,17743.0,0.4109192888884221,0.0,0.17474418604651162,POLA_TIDAK_BIASA,-0.0008123510182478366
2026-03-04,W3,Margarin Blue Band 500g,Sembako,2.0,2.0,25000.0,20292.0,1.3003821702945162,0.0,0.18832,POLA_TIDAK_BIASA,-0.0008046699395670709
2025-11-29,W5,Kecap asin ABC 135ml,Bumbu,5.0,5.0,7000.0,5484.0,3.613375955954127,0.0,0.21657142857142858,POLA_TIDAK_BIASA,-0.0007778028477055665
2026-03-10,W3,Pasta gigi Close Up 65g,Perawatan,3.0,3.0,7800.0,6434.0,5.148930491939503,0.0,0.17512820512820512,POLA_TIDAK_BIASA,-0.0007552104502186463
2025-09-02,W3,Teh Tong Tji sachet,Sachet,0.0,0.0,1100.0,850.0,-0.8254475866152647,0.0,0.22727272727272727,POLA_TIDAK_BIASA,-0.0007522706807550072
2025-09-04,W3,Beras medium 1kg,Sembako,2.0,2.0,17000.0,13376.0,-0.8938762217773308,0.0,0.2131764705882353,POLA_TIDAK_BIASA,-0.0007476509468599124
2025-09-07,W6,Beras premium 10kg,Sembako,0.0,0.0,171500.0,135450.0,-0.07142857142857142,0.0,0.21020408163265306,POLA_TIDAK_BIASA,-0.000721579888683821
2026-03-10,W2,Tepung beras Rose Brand 500g,Sembako,1.0,1.0,11000.0,9429.0,0.6758453353343755,0.0,0.14281818181818182,POLA_TIDAK_BIASA,-0.0007181281162053077
2026-01-10,W3,Djarum Super 16 batang,Rokok,0.0,0.0,37500.0,31007.0,-0.8660254037844388,0.0,0.17314666666666667,POLA_TIDAK_BIASA,-0.0007048288845190598
2025-09-04,W1,Garam Dolphin 500g,Sembako,0.0,0.0,4100.0,3391.0,-0.9297926036026989,0.0,0.17292682926829267,POLA_TIDAK_BIASA,-0.0006969458724377375
2026-01-13,W4,Gudang Garam 16 batang,Rokok,1.0,1.0,34000.0,31461.0,0.05154060995580371,0.0,0.07467647058823529,POLA_TIDAK_BIASA,-0.000678761175927467
2026-03-06,W1,Beras medium 1kg,Sembako,0.0,0.0,19000.0,16862.0,-0.6417263466556168,0.0,0.11252631578947368,POLA_TIDAK_BIASA,-0.0006550430506786498
2025-09-08,W3,Telur ayam 1kg,Sembako,0.0,0.0,38000.0,29704.0,-1.0522085616183026,0.0,0.2183157894736842,POLA_TIDAK_BIASA,-0.0006526253956931072
2026-01-11,W6,Djarum Super 12 batang,Rokok,1.0,1.0,26500.0,23513.0,0.23362835924302425,0.0,0.11271698113207547,POLA_TIDAK_BIASA,-0.0006369107509557326
2026-01-10,W6,Djarum Super 12 batang,Rokok,1.0,1.0,26500.0,23513.0,0.23362835924302425,0.0,0.11271698113207547,POLA_TIDAK_BIASA,-0.0006369107509557326
2025-09-13,W6,Tepung terigu Segitiga Biru 1kg,Sembako,4.0,4.0,16500.0,15326.0,2.2686155560943733,0.0,0.07115151515151515,POLA_TIDAK_BIASA,-0.0006063391249933048
2025-04-24,W6,Penggaris Butterfly 30cm,ATK,2.0,2.0,3000.0,2100.0,3.857142857142857,0.0,0.3,POLA_TIDAK_BIASA,-0.0005888379749667827
2026-03-09,W2,Minyak goreng Fortune 1L,Sembako,0.0,0.0,25500.0,21581.0,-0.8663334882494621,0.0,0.15368627450980393,POLA_TIDAK_BIASA,-0.0005762694291508996
2025-07-13,W3,Plastik kresek sedang,Plastik,3.0,3.0,7500.0,5300.0,3.8084726972520473,0.0,0.29333333333333333,POLA_TIDAK_BIASA,-0.0005721220400115579
2026-04-16,W1,Amplop,ATK,0.0,0.0,1100.0,750.0,-0.5527352584305666,0.0,0.3181818181818182,POLA_TIDAK_BIASA,-0.0005684269548639209
2025-11-18,W5,Saus tiram Saori 133ml,Bumbu,0.0,0.0,9300.0,7139.0,-0.9888475862700877,0.0,0.23236559139784946,POLA_TIDAK_BIASA,-0.0005571403356857685
2025-09-05,W2,Tepung terigu Segitiga Biru 1kg,Sembako,0.0,0.0,16500.0,13986.0,-1.178956198913595,0.0,0.15236363636363637,POLA_TIDAK_BIASA,-0.0005526997741468476
2025-09-03,W2,Beras medium SPHP 5kg,Sembako,0.0,0.0,74000.0,61424.0,-0.7390560169593337,0.0,0.16994594594594595,POLA_TIDAK_BIASA,-0.0004966831641465275
2026-03-05,W5,Santan Kara 65ml,Sembako,0.0,0.0,5300.0,4578.0,-0.9184169334697881,0.0,0.1362264150943396,POLA_TIDAK_BIASA,-0.0004947323819538552
2026-06-01,W3,Sunlight sachet,Deterjen,1.0,1.0,2300.0,1840.0,-0.45785077175052047,0.045454545454545414,0.2,POLA_TIDAK_BIASA,-0.0004811174970184018
2025-09-02,W6,Telur ayam 1kg,Sembako,1.0,1.0,36500.0,29728.0,-0.7627051385229404,0.0,0.18553424657534245,POLA_TIDAK_BIASA,-0.0004766614471785058
2026-03-04,W6,Beras medium SPHP 5kg,Sembako,0.0,0.0,85500.0,71117.0,-0.8864052604279183,0.0,0.16822222222222222,POLA_TIDAK_BIASA,-0.00046733903855777914
2025-09-03,W6,Gula pasir Gulaku 1kg,Sembako,1.0,1.0,22000.0,18250.0,-0.5682636606715821,0.0,0.17045454545454544,POLA_TIDAK_BIASA,-0.0004644534900362096
2025-04-07,W1,Rinso sachet,Deterjen,2.0,2.0,2600.0,2150.0,0.5102316297054376,0.040000000000000036,0.17307692307692307,POLA_TIDAK_BIASA,-0.0004640420268552381
2025-11-03,W4,Pocari Sweat 350ml,Minuman,6.0,6.0,7300.0,5900.0,-0.8094608582895254,0.04285714285714293,0.1917808219178082,POLA_TIDAK_BIASA,-0.000450241926670647
2026-01-16,W5,Esse 16 batang,Rokok,0.0,0.0,39000.0,35900.0,-0.9966915634405119,0.0,0.07948717948717948,POLA_TIDAK_BIASA,-0.0003939836548767506
2025-09-13,W5,Beras medium SPHP 5kg,Sembako,1.0,1.0,78000.0,60931.0,0.9475142485638551,0.0,0.21883333333333332,POLA_TIDAK_BIASA,-0.00037753556483877126
2026-05-05,W1,Kentang frozen 500g,Frozen,1.0,1.0,22000.0,18587.0,0.06575827845326952,0.04761904761904767,0.15513636363636363,POLA_TIDAK_BIASA,-0.0003567243160960132
2026-01-15,W6,LA Ice 16 batang,Rokok,1.0,1.0,35000.0,33579.0,0.3043908465996396,0.0,0.0406,POLA_TIDAK_BIASA,-0.00028494338619544646
2026-02-01,W4,Beras premium 10kg,Sembako,1.0,1.0,176000.0,135250.0,2.0,0.032258064516129004,0.2315340909090909,POLA_TIDAK_BIASA,-0.00024257656823867269
2025-09-11,W6,Santan Kara 65ml,Sembako,5.0,5.0,4600.0,4283.0,0.5519706800961897,0.0,0.06891304347826087,POLA_TIDAK_BIASA,-0.00024248307027097127
2026-03-07,W5,Minyak goreng Bimoli 1L,Sembako,1.0,1.0,30500.0,24259.0,0.11532776166577342,0.0,0.20462295081967213,POLA_TIDAK_BIASA,-0.00023860634145700388
2026-01-14,W4,Sampoerna Mild 16 batang,Rokok,0.0,0.0,38500.0,35252.0,-0.6737968710653652,0.0,0.08436363636363636,POLA_TIDAK_BIASA,-0.00023582229817697975
2025-05-06,W2,Keripik kentang Chitato 68g,Snack,5.0,5.0,12000.0,9250.0,-0.6816889268285515,0.04347826086956519,0.22916666666666666,POLA_TIDAK_BIASA,-0.0002315228988621909
2026-03-12,W4,Beras premium 5kg,Sembako,0.0,0.0,101500.0,81170.0,-0.21428571428571427,0.0,0.20029556650246305,POLA_TIDAK_BIASA,-0.0001906759215456466
2026-03-08,W5,Gula pasir Rose Brand 1kg,Sembako,0.0,0.0,25000.0,20021.0,-0.8438159256945184,0.0,0.19916,POLA_TIDAK_BIASA,-0.0001873883158417522
2025-07-11,W3,Tempura 250g,Frozen,2.0,2.0,16500.0,13330.0,2.179688682557116,0.03125,0.1921212121212121,POLA_TIDAK_BIASA,-0.00017894181799960052
2026-01-19,W6,LA Bold 16 batang,Rokok,3.0,3.0,33500.0,31940.0,2.1617300763686798,0.0,0.046567164179104475,POLA_TIDAK_BIASA,-0.00017720339883353642
2025-09-07,W1,Shampoo Sunsilk sachet,Perawatan,2.0,2.0,1600.0,1350.0,2.7110883423451875,0.0,0.15625,POLA_TIDAK_BIASA,-0.00016980345546391273
2025-09-02,W6,Garam Dolphin 500g,Sembako,3.0,3.0,3900.0,3250.0,0.24842360136324762,0.0,0.16666666666666666,POLA_TIDAK_BIASA,-0.00016038182425726077
2025-04-07,W3,Attack sachet,Deterjen,1.0,1.0,2700.0,2200.0,0.6624680309369643,0.03846153846153855,0.18518518518518517,POLA_TIDAK_BIASA,-0.00015581296904332298
2025-10-29,W3,Beras premium 10kg,Sembako,0.0,0.0,176500.0,132750.0,-0.07142857142857142,0.0,0.24787535410764872,POLA_TIDAK_BIASA,-0.00014871886703970993
2025-09-02,W3,Beras medium 1kg,Sembako,5.0,5.0,17000.0,13376.0,0.6318114512778892,0.0,0.2131764705882353,POLA_TIDAK_BIASA,-0.00013697601735340736
2026-01-16,W2,Korek gas,Rokok,2.0,2.0,2300.0,2223.0,-0.22627640481942143,0.0,0.033478260869565214,POLA_TIDAK_BIASA,-0.00012269336033854383
2026-01-18,W6,Djarum Super 16 batang,Rokok,2.0,2.0,35500.0,33598.0,0.6700279294254482,0.0,0.0535774647887324,POLA_TIDAK_BIASA,-0.00011826243646839707
2026-05-04,W4,Kecap manis ABC 135ml,Bumbu,1.0,1.0,7100.0,5908.0,0.30747002313404515,0.044117647058823595,0.16788732394366196,POLA_TIDAK_BIASA,-0.00011791470472211074
2025-09-22,W2,Beras medium SPHP 5kg,Sembako,4.0,4.0,74000.0,67479.0,4.316860667219826,0.0,0.08812162162162163,POLA_TIDAK_BIASA,-0.0001083101144551124
2026-05-07,W3,Terasi ABC 20g,Bumbu,6.0,6.0,3700.0,3002.0,3.540581066112489,0.0,0.18864864864864864,POLA_TIDAK_BIASA,-8.105880224751338e-05
2026-01-09,W4,Djarum Super 12 batang,Rokok,0.0,0.0,27000.0,22943.0,-0.823754471047914,0.0,0.15025925925925926,POLA_TIDAK_BIASA,-7.007884731857761e-05
2025-09-04,W3,Tepung terigu Kompas 1kg,Sembako,1.0,1.0,15000.0,11537.0,0.24885056862419916,0.0,0.23086666666666666,POLA_TIDAK_BIASA,-6.0375230955034276e-05
2025-08-22,W3,Promag strip,Obat,1.0,1.0,8500.0,6750.0,1.1449869800965815,0.03658536585365857,0.20588235294117646,POLA_TIDAK_BIASA,-4.409768911928236e-05
2025-11-19,W5,Saus tiram Saori 133ml,Bumbu,0.0,0.0,9300.0,7139.0,-0.9567973250157641,0.0,0.23236559139784946,POLA_TIDAK_BIASA,-4.024344682684866e-05
2026-01-08,W4,Beras premium 10kg,Sembako,0.0,0.0,170500.0,135250.0,-0.07142857142857142,0.0,0.20674486803519063,POLA_TIDAK_BIASA,-1.1390927887711122e-05
2026-01-16,W1,LA Bold 16 batang,Rokok,0.0,0.0,35000.0,32631.0,-0.8353377693225498,0.0,0.06768571428571428,POLA_TIDAK_BIASA,-5.223391632891428e-06
2025-09-08,W6,Gula pasir Rose Brand 1kg,Sembako,4.0,4.0,21000.0,17839.0,1.0204436976273519,0.0,0.15052380952380953,POLA_TIDAK_BIASA,-6.885149369528776e-07
2026-03-16,W1,Minyakita 1L,Sembako,5.0,5.0,22500.0,19836.0,4.391550328268397,0.0,0.1184,LONJAKAN_PENJUALAN,0.0015014387875978974
2025-05-17,W3,Soklin sachet,Deterjen,5.0,5.0,2200.0,1707.0,5.604715240739893,0.0,0.2240909090909091,LONJAKAN_PENJUALAN,0.0015486470317720435
2026-01-17,W2,Kapas Selection,Tisu,5.0,5.0,5200.0,4491.0,6.16263109215715,0.0,0.13634615384615384,LONJAKAN_PENJUALAN,0.0016824932859648145
2026-06-16,W6,Penyedap Masako,Bumbu,8.0,8.0,1800.0,1500.0,5.63204446111978,0.0,0.16666666666666666,LONJAKAN_PENJUALAN,0.002934616844229354
2026-03-25,W2,Spidol Snowman,ATK,5.0,5.0,5200.0,3706.0,5.952060032756766,0.0,0.2873076923076923,LONJAKAN_PENJUALAN,0.003028942526562717
2026-03-10,W5,Attack sachet,Deterjen,7.0,7.0,2800.0,2247.0,6.036314966000304,0.0,0.1975,LONJAKAN_PENJUALAN,0.0032793161122491865
2025-04-24,W6,Kacang sukro Garuda 80g,Snack,5.0,5.0,6100.0,4553.0,6.057394949661108,0.0,0.2536065573770492,LONJAKAN_PENJUALAN,0.003837769840315697
2025-06-05,W1,Extra Joss,Minuman,21.0,22.0,2600.0,2000.0,4.395145940901868,0.0,0.23076923076923078,LONJAKAN_PENJUALAN,0.0040739368254404384
2025-04-24,W4,Spons (kebersihan),Deterjen,6.0,6.0,3100.0,2548.0,8.31706951517162,0.0,0.17806451612903226,LONJAKAN_PENJUALAN,0.004721736664526355
2026-04-11,W4,Kecap manis Sedap 135ml,Bumbu,7.0,7.0,6500.0,5451.0,5.0712456524538885,0.0,0.16138461538461538,LONJAKAN_PENJUALAN,0.004772912039004318
2025-12-14,W6,Marlboro 16 batang,Rokok,6.0,6.0,41000.0,40741.0,4.792997909342037,0.0,0.006317073170731708,LONJAKAN_PENJUALAN,0.005168446927834136
2025-04-15,W1,Telur ayam 1kg,Sembako,5.0,5.0,33000.0,29617.0,4.7906158268013925,0.0,0.10251515151515152,LONJAKAN_PENJUALAN,0.00611636397856663
2026-02-02,W2,LA Bold 16 batang,Rokok,6.0,6.0,33000.0,31141.0,5.8825076373852765,0.0,0.05633333333333333,LONJAKAN_PENJUALAN,0.006225733869628547
2025-06-07,W6,Roma Kelapa 300g,Snack,5.0,5.0,9100.0,6890.0,5.0709255283711,0.0,0.24285714285714285,LONJAKAN_PENJUALAN,0.006513113852687047
2026-05-23,W6,Sedotan,Plastik,8.0,8.0,5300.0,3900.0,6.863486972097282,0.0,0.2641509433962264,LONJAKAN_PENJUALAN,0.006866768683259417
2025-05-25,W2,Esse 16 batang,Rokok,10.0,12.0,33000.0,32160.0,6.82288239221013,0.0,0.025454545454545455,LONJAKAN_PENJUALAN,0.007045829905090062
2025-05-16,W2,Margarin Blue Band 200g,Sembako,8.0,10.0,8100.0,7360.0,4.566535867672342,0.0,0.09135802469135802,LONJAKAN_PENJUALAN,0.007085642529299663
2026-02-09,W4,Bakso 250g,Frozen,5.0,7.0,16500.0,13712.0,6.02593010984191,0.0,0.16896969696969696,LONJAKAN_PENJUALAN,0.007982288406539584
2025-10-18,W2,Deodoran Rexona sachet,Perawatan,7.0,7.0,4100.0,3506.0,4.651700780242261,0.0,0.1448780487804878,LONJAKAN_PENJUALAN,0.008667072079281524
2026-03-26,W3,Garam Refina 500g,Sembako,6.0,6.0,5500.0,4684.0,5.2628701482938185,0.0,0.14836363636363636,LONJAKAN_PENJUALAN,0.01055253278525492
2026-04-13,W6,Super Pell 450ml,Deterjen,2.0,5.0,8400.0,7300.0,4.419240906459935,0.0,0.13095238095238096,LONJAKAN_PENJUALAN,0.010803232282080244
2025-08-25,W4,Es krim cup Wall's,Frozen,5.0,5.0,5200.0,4450.0,7.859453441770689,0.0,0.14423076923076922,LONJAKAN_PENJUALAN,0.011037216403671501
2025-05-03,W5,Pensil Faber-Castell,ATK,5.0,5.0,3100.0,2100.0,9.785714285714286,0.0,0.3225806451612903,LONJAKAN_PENJUALAN,0.011303662547376359
2025-10-25,W6,Sabun cair Lifebuoy 250ml,Perawatan,5.0,5.0,13000.0,11027.0,6.472552984241654,0.0,0.15176923076923077,LONJAKAN_PENJUALAN,0.01174503057060039
2026-04-24,W1,Body lotion Citra 100ml,Perawatan,5.0,5.0,11000.0,9059.0,9.571428571428571,0.0,0.17645454545454545,LONJAKAN_PENJUALAN,0.012327653533961036
2026-02-13,W3,Tusuk gigi,Plastik,4.0,5.0,3300.0,2250.0,9.857142857142858,0.0,0.3181818181818182,LONJAKAN_PENJUALAN,0.01237204565089034
2025-11-30,W6,Djarum Super 16 batang,Rokok,6.0,6.0,31500.0,30630.0,6.162267287282426,0.0,0.02761904761904762,LONJAKAN_PENJUALAN,0.013689656919714022
2026-01-19,W6,Santan Kara 65ml,Sembako,6.0,8.0,4800.0,4367.0,4.024922359499624,0.0,0.09020833333333333,LONJAKAN_PENJUALAN,0.013776269104754824
2025-05-17,W4,Kuaci Rebo 100g,Snack,20.0,20.0,7300.0,5469.0,4.902477819324067,0.0,0.25082191780821916,LONJAKAN_PENJUALAN,0.013981482559382807
2026-05-21,W2,Diapet strip,Obat,5.0,6.0,7100.0,6081.0,6.158800141327777,0.0,0.1435211267605634,LONJAKAN_PENJUALAN,0.01444309339108496
2026-04-18,W6,Keripik kentang Chitato 68g,Snack,7.0,7.0,13000.0,9638.0,4.776398933310639,0.0,0.25861538461538464,LONJAKAN_PENJUALAN,0.014584393516893668
2025-09-14,W4,Balsem Geliga 20g,Obat,3.0,10.0,8300.0,6704.0,5.585779415356347,0.0,0.19228915662650603,LONJAKAN_PENJUALAN,0.01466580453465749
2026-01-13,W3,Good Day 250ml,Minuman,6.0,6.0,5600.0,4281.0,5.056240207108736,0.0,0.2355357142857143,LONJAKAN_PENJUALAN,0.014689595654674648
2025-10-17,W3,Tembakau linting,Rokok,6.0,6.0,16000.0,14189.0,4.737050180937354,0.0,0.1131875,LONJAKAN_PENJUALAN,0.015064398971637583
2026-03-26,W6,Mi goreng Sedaap,Mi,5.0,5.0,3600.0,3413.0,8.11530086368386,0.0,0.051944444444444446,LONJAKAN_PENJUALAN,0.016433676642384154
2025-07-18,W3,Kapas Selection,Tisu,5.0,5.0,5400.0,4200.0,4.615512502964826,0.0,0.2222222222222222,LONJAKAN_PENJUALAN,0.016503004530817877
2026-03-17,W6,Buavita 250ml,Minuman,9.0,9.0,7500.0,6001.0,5.469277729372912,0.0,0.19986666666666666,LONJAKAN_PENJUALAN,0.01668860076724643
2026-03-22,W6,Gula pasir Gulaku 1kg,Sembako,5.0,5.0,25000.0,22659.0,4.131810603600761,0.0,0.09364,LONJAKAN_PENJUALAN,0.016911234819723453
2026-02-28,W1,Penghapus Faber-Castell,ATK,6.0,6.0,2700.0,1851.0,9.526610232449347,0.0,0.31444444444444447,LONJAKAN_PENJUALAN,0.01696242372786061
2025-11-19,W5,Rautan Joyko,ATK,5.0,5.0,3200.0,2195.0,9.785714285714286,0.0,0.3140625,LONJAKAN_PENJUALAN,0.017113877100122354
2025-10-02,W3,Tusuk gigi,Plastik,7.0,7.0,3200.0,2207.0,13.857142857142858,0.0,0.3103125,LONJAKAN_PENJUALAN,0.017389431909654696
2026-03-11,W1,Pasta gigi Close Up 65g,Perawatan,5.0,7.0,7600.0,6320.0,4.365386811517829,0.0,0.16842105263157894,LONJAKAN_PENJUALAN,0.017427751260866486
2025-07-30,W5,Garam Dolphin 500g,Sembako,7.0,7.0,3800.0,3344.0,6.004805767690768,0.0,0.12,LONJAKAN_PENJUALAN,0.017877300110492822
2026-01-17,W3,Minyak goreng Fortune 1L,Sembako,5.0,5.0,25000.0,21929.0,4.40485712694925,0.0,0.12284,LONJAKAN_PENJUALAN,0.018264927913649864
2026-07-13,W6,Bayclin 500ml,Deterjen,7.0,7.0,8400.0,7100.0,4.190470858958297,0.0,0.15476190476190477,LONJAKAN_PENJUALAN,0.01890433760142618
2026-02-01,W6,Telur ayam 1kg,Sembako,10.0,10.0,36500.0,34377.0,8.723945834989474,0.0,0.058164383561643836,LONJAKAN_PENJUALAN,0.01940192595736745
2025-09-04,W1,Makaroni pedas 100g,Snack,9.0,9.0,6400.0,4750.0,4.121781430566402,0.0,0.2578125,LONJAKAN_PENJUALAN,0.019585907138889413
2025-11-08,W5,Mayones Maestro 100g,Bumbu,7.0,7.0,7700.0,6306.0,4.019606923444698,0.0,0.18103896103896103,LONJAKAN_PENJUALAN,0.01965204842874646
2025-11-30,W6,Garam Dolphin 500g,Sembako,11.0,11.0,3900.0,3732.0,6.360811242655096,0.0,0.043076923076923075,LONJAKAN_PENJUALAN,0.019963660653133486
2026-04-23,W1,Correction pen Joyko,ATK,5.0,5.0,5400.0,3756.0,8.630188800377349,0.0,0.30444444444444446,LONJAKAN_PENJUALAN,0.02007875567565698
2025-04-15,W6,Astor,Snack,6.0,6.0,2500.0,1890.0,4.143157287447337,0.0,0.244,LONJAKAN_PENJUALAN,0.02026436930015041
2026-01-01,W6,Marlboro 16 batang,Rokok,7.0,7.0,41000.0,44054.0,4.087905578370546,0.0,-0.07448780487804878,LONJAKAN_PENJUALAN;JUAL_DI_BAWAH_HPP,0.02026830348282993
2025-09-21,W5,Minyak goreng Sania 1L,Sembako,5.0,5.0,24000.0,21195.0,4.394810170603908,0.0,0.116875,LONJAKAN_PENJUALAN,0.021100588598602643
2025-09-14,W2,Salonpas 10 pcs,Obat,8.0,8.0,15000.0,12811.0,5.316454292884601,0.0,0.14593333333333333,LONJAKAN_PENJUALAN,0.021122111322995685
2026-03-23,W4,Gula pasir curah 1kg,Sembako,5.0,5.0,23500.0,21395.0,4.109770266111189,0.0,0.08957446808510638,LONJAKAN_PENJUALAN,0.021503773541036497
2025-08-08,W6,Djarum Super 16 batang,Rokok,7.0,7.0,31500.0,31087.0,4.330501905466242,0.0,0.013111111111111112,LONJAKAN_PENJUALAN,0.02178134893729433
2026-04-06,W2,Gudang Garam 16 batang,Rokok,6.0,6.0,32500.0,32116.0,4.303797254454882,0.0,0.011815384615384615,LONJAKAN_PENJUALAN,0.022032890303253283
2025-04-27,W3,Aluminium foil,Plastik,5.0,5.0,10500.0,7157.0,6.472552984241655,0.0,0.3183809523809524,LONJAKAN_PENJUALAN,0.022275227032379608
2026-05-30,W4,Map,ATK,5.0,10.0,2800.0,1900.0,6.2857135185230195,0.0,0.32142857142857145,LONJAKAN_PENJUALAN,0.022425482349740844
2025-12-20,W1,Penggaris Butterfly 30cm,ATK,4.0,5.0,3100.0,2150.0,7.597085907485466,0.0,0.3064516129032258,LONJAKAN_PENJUALAN,0.02257012222668986
2025-07-19,W4,Beras medium 1kg,Sembako,6.0,6.0,15000.0,13241.0,4.59014972217436,0.0,0.11726666666666667,LONJAKAN_PENJUALAN,0.022734523850358568
2025-11-30,W2,Gudang Garam 16 batang,Rokok,4.0,7.0,29000.0,28796.0,4.221567218305544,0.0,0.00703448275862069,LONJAKAN_PENJUALAN,0.02287611252595656
2026-02-28,W2,Terasi ABC 20g,Bumbu,5.0,5.0,3300.0,2899.0,8.115300863683718,0.0,0.12151515151515152,LONJAKAN_PENJUALAN,0.02288145870796343
2025-08-25,W4,Nescafe 220ml,Minuman,24.0,24.0,6200.0,4968.0,7.579060233836678,0.0,0.19870967741935483,LONJAKAN_PENJUALAN,0.02303014834790662
2025-09-14,W6,LA Bold 16 batang,Rokok,7.0,7.0,29500.0,29074.0,4.346591439606114,0.0,0.014440677966101694,LONJAKAN_PENJUALAN,0.02311116541836633
2025-11-29,W4,Sampoerna Mild 16 batang,Rokok,5.0,5.0,34000.0,32752.0,5.326790528691903,0.0,0.03670588235294118,LONJAKAN_PENJUALAN,0.023244838992363737
2025-11-17,W5,Nugget So Good 250g,Frozen,5.0,5.0,24500.0,20300.0,4.918142419770085,0.0,0.17142857142857143,LONJAKAN_PENJUALAN,0.02353728706752256
2025-09-13,W5,Snack jagung Cheetos,Snack,8.0,8.0,3300.0,2389.0,4.298838374252098,0.0,0.27606060606060606,LONJAKAN_PENJUALAN,0.0236086252915787
2025-12-14,W3,Sprite 390ml,Minuman,9.0,9.0,6600.0,5022.0,4.704365462371142,0.0,0.2390909090909091,LONJAKAN_PENJUALAN,0.02419504718537613
2025-08-01,W3,Saus tomat ABC 135ml,Bumbu,8.0,8.0,7500.0,6155.0,6.235582449079052,0.0,0.17933333333333334,LONJAKAN_PENJUALAN,0.024733137429298502
2025-05-16,W3,Marlboro 16 batang,Rokok,5.0,5.0,45000.0,40075.0,4.225121104968276,0.0,0.10944444444444444,LONJAKAN_PENJUALAN,0.02499676580798027
2025-05-01,W2,Garam Dolphin 500g,Sembako,9.0,10.0,3400.0,3245.0,5.932420165712841,0.0,0.045588235294117645,LONJAKAN_PENJUALAN,0.025064396851061876
2026-01-30,W2,Amplop,ATK,3.0,5.0,1100.0,750.0,5.78551250657022,0.0,0.3181818181818182,LONJAKAN_PENJUALAN,0.025155322787152934
2026-04-19,W2,Marlboro 16 batang,Rokok,7.0,7.0,45500.0,44933.0,4.257421111161847,0.0,0.012461538461538461,LONJAKAN_PENJUALAN,0.025231217527573624
2025-04-23,W6,Es krim Magnum,Frozen,6.0,6.0,15000.0,13034.0,5.12812042054582,0.0,0.13106666666666666,LONJAKAN_PENJUALAN,0.025376716825917578
2025-09-27,W2,Saus sambal sachet ABC,Bumbu,5.0,5.0,1600.0,1350.0,6.162631092157149,0.0,0.15625,LONJAKAN_PENJUALAN,0.02553478914321372
2026-06-08,W5,Saus tomat ABC 135ml,Bumbu,5.0,5.0,8400.0,6900.0,4.008301824524144,0.0,0.17857142857142858,LONJAKAN_PENJUALAN,0.0260810951891971
2025-09-15,W6,Gudang Garam 16 batang,Rokok,7.0,7.0,29500.0,28335.0,5.268475094708417,0.0,0.039491525423728815,LONJAKAN_PENJUALAN,0.02615433114620258
2025-12-13,W6,Molto sachet,Deterjen,6.0,6.0,2200.0,1800.0,4.148089608343087,0.0,0.18181818181818182,LONJAKAN_PENJUALAN,0.026195780557525805
2026-03-22,W1,FreshCare 10ml,Obat,5.0,5.0,13000.0,10350.0,5.78551250657022,0.0,0.20384615384615384,LONJAKAN_PENJUALAN,0.026457752027611026
2025-05-19,W3,Spons (kebersihan),Deterjen,6.0,6.0,3200.0,2500.0,5.220806433239264,0.0,0.21875,LONJAKAN_PENJUALAN,0.026588254846309556
2025-03-13,W3,Lap dapur,Plastik,2.0,6.0,7200.0,5050.0,11.096364735571179,0.0,0.2986111111111111,LONJAKAN_PENJUALAN,0.026643747253023653
2026-04-06,W4,Gudang Garam 16 batang,Rokok,6.0,6.0,34000.0,32181.0,6.6815310478106085,0.0,0.0535,LONJAKAN_PENJUALAN,0.02684439280617512
2026-07-01,W1,Downy sachet,Deterjen,6.0,6.0,2200.0,1845.0,6.487269482198603,0.0,0.16136363636363638,LONJAKAN_PENJUALAN,0.027001792102807065
2026-03-24,W2,Gudang Garam 16 batang,Rokok,5.0,5.0,32500.0,32116.0,4.095447490006636,0.0,0.011815384615384615,LONJAKAN_PENJUALAN,0.02712445945670494
2025-04-12,W5,Sampoerna A 16 batang,Rokok,8.0,8.0,36500.0,35353.0,4.860696024623215,0.0,0.03142465753424657,LONJAKAN_PENJUALAN,0.027192405890536286
2025-06-07,W5,Esse 16 batang,Rokok,7.0,12.0,34500.0,32720.0,6.456005699170937,0.0,0.051594202898550726,LONJAKAN_PENJUALAN,0.02720400477563878
2026-06-17,W3,Tusuk sate,Plastik,5.0,5.0,5400.0,3751.0,6.986735671804187,0.0,0.30537037037037035,LONJAKAN_PENJUALAN,0.027237451189583317
2026-06-12,W1,LA Bold 16 batang,Rokok,7.0,10.0,35000.0,33705.0,5.005434879495042,0.0,0.037,LONJAKAN_PENJUALAN,0.02724018903495895
2026-02-28,W1,LA Ice 16 batang,Rokok,7.0,7.0,35500.0,34134.0,5.199686928251697,0.0,0.03847887323943662,LONJAKAN_PENJUALAN,0.02734843289995592
2025-05-29,W6,Snack jagung Chiki,Snack,6.0,6.0,3000.0,2254.0,5.959099727745577,0.0,0.24866666666666667,LONJAKAN_PENJUALAN,0.02735935855386551
2025-09-25,W1,Shampoo Pantene sachet,Perawatan,6.0,6.0,1600.0,1344.0,5.499999999999997,0.0,0.16,LONJAKAN_PENJUALAN,0.027640500066919982
2025-06-04,W5,Buku tulis Kiky,ATK,5.0,5.0,6100.0,4300.0,8.798805271035867,0.0,0.29508196721311475,LONJAKAN_PENJUALAN,0.028130543078039416
2025-05-11,W5,Tusuk sate,Plastik,3.0,5.0,5100.0,3599.0,8.115300863683862,0.0,0.2943137254901961,LONJAKAN_PENJUALAN,0.028130543078039416
2025-06-01,W6,Marlboro 16 batang,Rokok,8.0,8.0,41000.0,40469.0,4.093729435326079,0.0,0.012951219512195121,LONJAKAN_PENJUALAN,0.0283655071191945
2025-08-25,W4,Kopi susu Good Day sachet,Sachet,18.0,20.0,2100.0,1600.0,5.3386131770659855,0.0,0.23809523809523808,LONJAKAN_PENJUALAN,0.02852867755618016
2026-02-28,W3,Plastik kiloan,Plastik,5.0,5.0,11000.0,7588.0,6.179459060930356,0.0,0.31018181818181817,LONJAKAN_PENJUALAN,0.02859105804359574
2026-02-10,W4,Pulpen Standard AE7,ATK,6.0,6.0,2600.0,1800.0,6.556435167471962,0.0,0.3076923076923077,LONJAKAN_PENJUALAN,0.028607102633669834
2026-05-10,W1,Pulpen Standard AE7,ATK,3.0,6.0,2600.0,1800.0,6.236413804652249,0.0,0.3076923076923077,LONJAKAN_PENJUALAN,0.028904723989084835
2025-10-06,W3,Plastik es,Plastik,5.0,5.0,5400.0,3700.0,6.0573949496611075,0.0,0.3148148148148148,LONJAKAN_PENJUALAN,0.028915469266479366
2026-04-27,W3,Sikat,Deterjen,6.0,8.0,7800.0,6464.0,5.938020799644965,0.0,0.1712820512820513,LONJAKAN_PENJUALAN,0.029095200851171232
2025-08-09,W4,Map,ATK,2.0,6.0,2600.0,1838.0,9.184536694124235,0.0,0.29307692307692307,LONJAKAN_PENJUALAN,0.029210897425057003
2026-06-21,W3,Sendok plastik,Plastik,5.0,5.0,5600.0,3835.0,5.952060032756759,0.0,0.3151785714285714,LONJAKAN_PENJUALAN,0.029212951562162748
2025-12-16,W6,Kopi Kapal Api sachet,Sachet,10.0,10.0,2200.0,1648.0,4.004220046062926,0.0,0.2509090909090909,LONJAKAN_PENJUALAN,0.02924617708106725
2026-04-02,W2,LA Bold 16 batang,Rokok,7.0,7.0,33000.0,31665.0,5.024318887194007,0.0,0.04045454545454545,LONJAKAN_PENJUALAN,0.029512373758132315
2026-06-01,W5,Cuka 100ml,Bumbu,6.0,6.0,4800.0,3983.0,8.182543867579886,0.0,0.17020833333333332,LONJAKAN_PENJUALAN,0.029514152579867337
2026-06-06,W3,Aqua 330ml,Minuman,7.0,7.0,3300.0,2549.0,4.087905578370549,0.0,0.22757575757575757,LONJAKAN_PENJUALAN,0.02951868653095091
2025-11-25,W1,LA Bold 16 batang,Rokok,7.0,7.0,31000.0,29594.0,5.362306313922117,0.0,0.04535483870967742,LONJAKAN_PENJUALAN,0.029588424428963367
2026-06-29,W2,Balsem Geliga 20g,Obat,7.0,7.0,8400.0,6914.0,9.79098056849317,0.0,0.1769047619047619,LONJAKAN_PENJUALAN,0.029623503974285814
2025-04-03,W6,Spons cuci piring,Plastik,5.0,5.0,3000.0,2250.0,5.5391322241151215,0.0,0.25,LONJAKAN_PENJUALAN,0.029683534240774634
2025-07-02,W6,Korek gas,Rokok,8.0,8.0,2000.0,1941.0,4.7789481964823235,0.0,0.0295,LONJAKAN_PENJUALAN,0.029717788078869156
2026-03-20,W4,Sabun batang Lux,Perawatan,6.0,9.0,4900.0,4093.0,5.447618382719946,0.0,0.1646938775510204,LONJAKAN_PENJUALAN,0.029864048800537613
2025-08-03,W1,Penyedap Masako,Bumbu,5.0,7.0,1600.0,1391.0,5.8006938453495716,0.0,0.130625,LONJAKAN_PENJUALAN,0.030394729763492334
2025-11-01,W1,Penghapus Faber-Castell,ATK,5.0,5.0,2600.0,1850.0,8.798805271035876,0.0,0.28846153846153844,LONJAKAN_PENJUALAN,0.030574834913555726
2026-05-23,W4,Map,ATK,3.0,6.0,2800.0,1912.0,5.416245404864362,0.0,0.3171428571428571,LONJAKAN_PENJUALAN,0.03067109377027477
2026-04-03,W2,Lem Fox 10g,ATK,2.0,6.0,3100.0,2201.0,8.915935636019778,0.0,0.29,LONJAKAN_PENJUALAN,0.030723218641602545
2025-11-21,W1,Tusuk gigi,Plastik,6.0,6.0,3100.0,2201.0,11.571428571428571,0.0,0.29,LONJAKAN_PENJUALAN,0.030723218641602545
2025-05-18,W3,Sprite 390ml,Minuman,9.0,9.0,6400.0,4922.0,4.811238276260587,0.0,0.2309375,LONJAKAN_PENJUALAN,0.030728131253257907
2026-06-20,W2,Gudang Garam 16 batang,Rokok,6.0,7.0,32500.0,31953.0,4.2539430821335324,0.0,0.016830769230769232,LONJAKAN_PENJUALAN,0.03119452754042773
2025-09-19,W1,Sikat,Deterjen,5.0,5.0,7300.0,6155.0,5.299166805373164,0.0,0.15684931506849314,LONJAKAN_PENJUALAN,0.031231998080525236
2025-08-26,W4,Roma Kelapa 300g,Snack,20.0,20.0,9300.0,7100.0,6.626468121703111,0.0,0.23655913978494625,LONJAKAN_PENJUALAN,0.03143867613323137
2025-06-08,W6,Korek kayu,Rokok,7.0,7.0,2000.0,1901.0,5.4788554592047,0.0,0.0495,LONJAKAN_PENJUALAN,0.03153586763672944
2025-05-17,W1,Spidol Snowman,ATK,6.0,6.0,5000.0,3500.0,7.234042193658217,0.0,0.3,LONJAKAN_PENJUALAN,0.03161615352235059
2026-02-01,W1,LA Bold 16 batang,Rokok,5.0,5.0,35000.0,32846.0,4.295974383833492,0.0,0.06154285714285714,LONJAKAN_PENJUALAN,0.0318231060749975
2026-07-15,W1,Kopiko 78C 240ml,Minuman,8.0,8.0,6600.0,5192.0,4.473606810475954,0.0,0.21333333333333335,LONJAKAN_PENJUALAN,0.03193340495104646
2025-08-25,W1,LA Bold 16 batang,Rokok,2.0,7.0,30000.0,29302.0,4.358869470710576,0.0,0.023266666666666668,LONJAKAN_PENJUALAN,0.032339629517959434
2025-12-17,W6,Mi jumbo Indomie,Mi,7.0,7.0,4600.0,4216.0,10.506038806774887,0.0,0.08347826086956522,LONJAKAN_PENJUALAN,0.0325319332388847
2025-08-28,W3,Basreng 100g,Snack,5.0,5.0,7500.0,5303.0,4.500000000000003,0.0,0.2929333333333333,LONJAKAN_PENJUALAN,0.03268138743769422
2026-05-29,W2,Gula pasir Rose Brand 1kg,Sembako,4.0,6.0,25000.0,23557.0,6.166446066585566,0.0,0.05772,LONJAKAN_PENJUALAN,0.032998899703622686
2025-07-26,W6,Sabun batang Nuvo,Perawatan,5.0,5.0,3400.0,3142.0,7.76898596067356,0.0,0.07588235294117647,LONJAKAN_PENJUALAN,0.03350802279390763
2025-12-23,W5,Sampoerna A 16 batang,Rokok,6.0,6.0,38000.0,34649.0,4.543441112511215,0.0,0.0881842105263158,LONJAKAN_PENJUALAN,0.03369590332266925
2026-02-28,W5,Snack jagung Cheetos,Snack,7.0,7.0,3400.0,2400.0,5.0575633825411614,0.0,0.29411764705882354,LONJAKAN_PENJUALAN,0.034606680536999335
2026-03-29,W3,Sedotan,Plastik,6.0,6.0,5400.0,3800.0,7.051093367382456,0.0,0.2962962962962963,LONJAKAN_PENJUALAN,0.03463557044700072
2026-02-18,W2,Margarin Blue Band 200g,Sembako,5.0,5.0,9100.0,8602.0,5.604715240739906,0.0,0.054725274725274727,LONJAKAN_PENJUALAN,0.035164024959682405
2025-03-03,W2,Gudang Garam 16 batang,Rokok,7.0,7.0,29000.0,27964.0,4.661391576404135,0.0,0.03572413793103448,LONJAKAN_PENJUALAN,0.035334268629482635
2026-06-01,W6,Djarum Super 16 batang,Rokok,6.0,6.0,35500.0,34785.0,4.157152257689995,0.0,0.020140845070422537,LONJAKAN_PENJUALAN,0.035436846654537724
2026-02-02,W5,Sedotan,Plastik,3.0,5.0,5300.0,3799.0,9.785714285714286,0.0,0.28320754716981134,LONJAKAN_PENJUALAN,0.03582735847987417
2025-05-26,W6,Downy sachet,Deterjen,6.0,6.0,2100.0,1793.0,4.861961908037615,0.0,0.1461904761904762,LONJAKAN_PENJUALAN,0.035847878988541027
2025-08-27,W3,Permen karet Big Babol,Snack,8.0,8.0,2100.0,1506.0,10.317193097437004,0.0,0.28285714285714286,LONJAKAN_PENJUALAN,0.03597455774630298
2025-06-06,W3,Khong Guan 200g,Snack,5.0,5.0,9600.0,7047.0,5.102520385624569,0.0,0.2659375,LONJAKAN_PENJUALAN,0.03599071979452728
2026-03-26,W2,Saus tomat ABC 135ml,Bumbu,6.0,6.0,8000.0,6993.0,4.737050180937361,0.0,0.125875,LONJAKAN_PENJUALAN,0.03639033457564145
2025-12-13,W6,LA Bold 16 batang,Rokok,6.0,6.0,30500.0,28723.0,5.554920598635309,0.0,0.058262295081967216,LONJAKAN_PENJUALAN,0.03651598871983952
2025-12-15,W6,Tisu Paseo,Tisu,5.0,5.0,8400.0,6864.0,4.524698908807362,0.0,0.18285714285714286,LONJAKAN_PENJUALAN,0.0365471995060741
2025-08-26,W4,Deodoran Rexona 45ml,Perawatan,6.0,6.0,19000.0,15775.0,4.730917347340613,0.0,0.16973684210526316,LONJAKAN_PENJUALAN,0.036768554688914934
2025-12-25,W2,Beras medium 1kg,Sembako,11.0,11.0,16000.0,15212.0,5.099999999999997,0.0,0.04925,LONJAKAN_PENJUALAN,0.037086302860140696
2025-10-20,W2,Pulpen Standard AE7,ATK,2.0,5.0,2500.0,1800.0,9.166562172863168,0.0,0.28,LONJAKAN_PENJUALAN,0.0371359552536219
2025-08-25,W2,Mi soto Indomie,Mi,23.0,23.0,3600.0,3239.0,4.173717106127964,0.0,0.10027777777777777,LONJAKAN_PENJUALAN,0.037145593561977885
2026-03-17,W2,Kacang atom Garuda 100g,Snack,7.0,15.0,7400.0,5738.0,4.041736519523813,0.0,0.2245945945945946,LONJAKAN_PENJUALAN,0.03723013262802477
2025-07-19,W1,Bayclin 500ml,Deterjen,5.0,6.0,8300.0,6906.0,4.354527936264379,0.0,0.16795180722891567,LONJAKAN_PENJUALAN,0.03728760925034369
2026-02-15,W2,Buku tulis Kiky,ATK,2.0,5.0,6000.0,4300.0,7.880312083033079,0.0,0.2833333333333333,LONJAKAN_PENJUALAN,0.0373013342557702
2026-07-01,W1,Minyakita 1L,Sembako,7.0,7.0,22500.0,21106.0,5.8839328464917875,0.0,0.061955555555555555,LONJAKAN_PENJUALAN,0.03740177749302387
2025-09-13,W1,Es krim cone Wall's,Frozen,7.0,7.0,5200.0,4392.0,4.019606923444693,0.0,0.15538461538461537,LONJAKAN_PENJUALAN,0.03754224546303431
2025-12-15,W4,Penghapus Faber-Castell,ATK,5.0,6.0,2600.0,1850.0,7.051093367382451,0.0,0.28846153846153844,LONJAKAN_PENJUALAN,0.03762113339606177
2025-10-21,W1,Tusuk gigi,Plastik,5.0,5.0,3100.0,2206.0,6.974011606042816,0.0,0.28838709677419355,LONJAKAN_PENJUALAN,0.03762113339606177
2025-12-08,W5,Saus tomat ABC 135ml,Bumbu,5.0,5.0,8100.0,6849.0,4.230125495584586,0.0,0.15444444444444444,LONJAKAN_PENJUALAN,0.03775396001374187
2025-12-14,W2,LA Bold 16 batang,Rokok,7.0,7.0,30000.0,28579.0,4.784722525634065,0.0,0.04736666666666667,LONJAKAN_PENJUALAN,0.0380992987396076
2025-05-10,W3,Plastik kiloan,Plastik,5.0,5.0,10500.0,7150.0,4.918142419770087,0.0,0.319047619047619,LONJAKAN_PENJUALAN,0.03833671816110118
2026-03-01,W1,Kacang kulit Garuda 100g,Snack,19.0,19.0,7600.0,5601.0,7.378649836508159,0.0,0.26302631578947366,LONJAKAN_PENJUALAN,0.03837414626478486
2025-11-29,W1,Aqua 330ml,Minuman,12.0,12.0,3200.0,2510.0,6.20720260688232,0.0,0.215625,LONJAKAN_PENJUALAN,0.038386886280745935
2026-03-22,W2,Es krim cone Wall's,Frozen,7.0,7.0,5200.0,4515.0,4.800925299626881,0.0,0.13173076923076923,LONJAKAN_PENJUALAN,0.03844491004489592
2025-05-22,W1,Stabilo,ATK,5.0,5.0,8000.0,5650.0,6.723236681005133,0.0,0.29375,LONJAKAN_PENJUALAN,0.03862892439246868
2026-03-01,W6,Plastik klip,Plastik,5.0,5.0,5100.0,3700.0,8.798805271035882,0.0,0.27450980392156865,LONJAKAN_PENJUALAN,0.03888882798675286
2025-11-28,W6,Soklin sachet,Deterjen,6.0,6.0,2200.0,1850.0,5.864938941407476,0.0,0.1590909090909091,LONJAKAN_PENJUALAN,0.039026542853291324
2026-02-16,W6,Cornetto,Frozen,5.0,5.0,13000.0,10882.0,4.3948101706039076,0.0,0.16292307692307692,LONJAKAN_PENJUALAN,0.03907840763383874
2025-12-13,W6,Saus sambal sachet ABC,Bumbu,10.0,10.0,1700.0,1498.0,5.071607058584298,0.0,0.1188235294117647,LONJAKAN_PENJUALAN,0.039099233611595285
2026-02-09,W3,Djarum Super 12 batang,Rokok,5.0,5.0,27000.0,25298.0,5.671134340313434,0.0,0.06303703703703703,LONJAKAN_PENJUALAN,0.03911535872902139
2026-06-16,W3,Pasta gigi Pepsodent 75g,Perawatan,5.0,5.0,7800.0,6500.0,4.615512502964826,0.0,0.16666666666666666,LONJAKAN_PENJUALAN,0.03928918020017269
2025-10-07,W3,Lap dapur,Plastik,5.0,8.0,7200.0,5200.0,8.614544202681932,0.0,0.2777777777777778,LONJAKAN_PENJUALAN,0.039314321296075705
2026-02-16,W2,Pulpen Pilot,ATK,2.0,9.0,4100.0,2960.0,8.778730262616293,0.0,0.2780487804878049,LONJAKAN_PENJUALAN,0.039314321296075705
2025-08-31,W4,Sikat gigi Formula,Perawatan,7.0,7.0,7300.0,6300.0,5.986353316459597,0.0,0.136986301369863,LONJAKAN_PENJUALAN,0.03939069941403672
2025-10-05,W3,Sedotan,Plastik,5.0,5.0,5200.0,3647.0,5.86184237969851,0.0,0.29865384615384616,LONJAKAN_PENJUALAN,0.03978735012737733
2026-03-01,W6,Oatmeal Quaker 35g,Mi,5.0,5.0,3600.0,3241.0,9.571428571428571,0.0,0.09972222222222223,LONJAKAN_PENJUALAN,0.03980795399264814
2026-02-24,W6,Mi kari ayam Indomie,Mi,6.0,6.0,3600.0,3305.0,7.134180260563301,0.0,0.08194444444444444,LONJAKAN_PENJUALAN,0.039818060268789424
2026-05-31,W3,Permen Relaxa,Snack,6.0,6.0,7800.0,5679.0,6.1664460665855625,0.0,0.27192307692307693,LONJAKAN_PENJUALAN,0.04006713490984337
2025-11-21,W6,Minyak goreng Bimoli 1L,Sembako,9.0,9.0,25000.0,23366.0,5.5740689511751285,0.0,0.06536,LONJAKAN_PENJUALAN,0.04021358430512545
2025-07-01,W6,Mi ayam bawang Indomie,Mi,6.0,6.0,3400.0,3159.0,6.495752858199358,0.0,0.07088235294117647,LONJAKAN_PENJUALAN,0.040442843284185015
2026-06-16,W6,Minyak kayu putih Cap Lang 30ml (Bayi),Bayi,2.0,5.0,10500.0,9494.0,9.571428571428571,0.0,0.0958095238095238,LONJAKAN_PENJUALAN,0.04052608129145696
2026-04-04,W4,Map,ATK,5.0,7.0,2700.0,1900.0,5.991752573421148,0.0,0.2962962962962963,LONJAKAN_PENJUALAN,0.04068242517963938
2025-04-16,W1,Shampoo Sunsilk sachet,Perawatan,5.0,5.0,1500.0,1347.0,9.642857142857142,0.0,0.102,LONJAKAN_PENJUALAN,0.04112750597126136
2026-01-17,W6,Makaroni 200g,Mi,7.0,7.0,7200.0,6535.0,7.86327977571502,0.0,0.09236111111111112,LONJAKAN_PENJUALAN,0.041182350845876625
2025-08-25,W4,Makaroni pedas 100g,Snack,12.0,12.0,6200.0,4690.0,4.823479806820763,0.0,0.2435483870967742,LONJAKAN_PENJUALAN,0.04128722367991455
2026-04-14,W3,Astor,Snack,6.0,6.0,2800.0,2050.0,8.317069515171612,0.0,0.26785714285714285,LONJAKAN_PENJUALAN,0.0415241061951942
2026-03-23,W2,Le Minerale 1.5L,Minuman,21.0,27.0,6200.0,5147.0,5.3503685451193865,0.0,0.16983870967741935,LONJAKAN_PENJUALAN,0.04182264228409083
2026-05-27,W6,Gelas plastik,Plastik,5.0,5.0,8400.0,6163.0,9.642857142857142,0.0,0.26630952380952383,LONJAKAN_PENJUALAN,0.04200822938848048
2025-05-03,W2,Gula pasir Rose Brand 1kg,Sembako,5.0,5.0,18000.0,17184.0,4.676537180435968,0.0,0.04533333333333334,LONJAKAN_PENJUALAN,0.04202073227664982
2026-02-03,W4,Buku gambar,ATK,5.0,5.0,7300.0,5204.0,6.35119630335372,0.0,0.28712328767123285,LONJAKAN_PENJUALAN,0.04214026828652506
2025-04-27,W1,Astor,Snack,14.0,14.0,2600.0,1943.0,4.397745139865905,0.0,0.2526923076923077,LONJAKAN_PENJUALAN,0.042349051050803
2025-12-07,W2,LPG 3kg,LPG,5.0,5.0,20500.0,19938.0,4.268947942163885,0.0,0.027414634146341463,LONJAKAN_PENJUALAN,0.04250021610957455
2026-01-31,W2,Teh Sariwangi 25 kantong,Sachet,16.0,16.0,8400.0,6796.0,6.0938837854222845,0.0,0.19095238095238096,LONJAKAN_PENJUALAN,0.04262669622804194
2025-12-25,W3,Aluminium foil,Plastik,5.0,5.0,11000.0,7700.0,5.364356046113425,0.0,0.3,LONJAKAN_PENJUALAN,0.04279284658824278
2025-06-05,W3,Astor,Snack,5.0,5.0,2700.0,1950.0,7.64682135464691,0.0,0.2777777777777778,LONJAKAN_PENJUALAN,0.04299061483945954
2025-10-22,W1,Garam Refina 500g,Sembako,7.0,7.0,4600.0,4232.0,6.689971172263317,0.0,0.08,LONJAKAN_PENJUALAN,0.043094289263909236
2026-03-22,W6,Sabun batang Lux,Perawatan,6.0,6.0,4600.0,4085.0,10.016058534744522,0.0,0.11195652173913044,LONJAKAN_PENJUALAN,0.04309759061641172
2026-02-13,W6,Tepung beras Rose Brand 500g,Sembako,6.0,6.0,10000.0,9278.0,6.254141484991022,0.0,0.0722,LONJAKAN_PENJUALAN,0.04335975868064168
2025-03-03,W1,Djarum Super 16 batang,Rokok,7.0,7.0,32000.0,29927.0,5.362306313922117,0.0,0.06478125,LONJAKAN_PENJUALAN,0.043406747394183376
2025-04-05,W1,Sampoerna A 16 batang,Rokok,6.0,8.0,36000.0,34204.0,4.788127371312979,0.0,0.04988888888888889,LONJAKAN_PENJUALAN,0.0435726740197403
2025-03-11,W2,Tepung beras Rose Brand 500g,Sembako,5.0,5.0,8200.0,7733.0,5.009157448279933,0.0,0.056951219512195124,LONJAKAN_PENJUALAN,0.043704096607991905
2025-12-14,W3,Permen Relaxa,Snack,7.0,7.0,7500.0,5388.0,7.314235643786548,0.0,0.2816,LONJAKAN_PENJUALAN,0.04374593098536317
2025-06-04,W2,Lem Fox 10g,ATK,2.0,7.0,3000.0,2150.0,4.6348136336043115,0.0,0.2833333333333333,LONJAKAN_PENJUALAN,0.04406702532706086
2026-01-26,W5,Snack jagung Cheetos,Snack,8.0,8.0,3300.0,2400.0,7.748271696689193,0.0,0.2727272727272727,LONJAKAN_PENJUALAN,0.04409210891042059
2025-03-06,W2,Pasta gigi Close Up 65g,Perawatan,7.0,8.0,6800.0,6040.0,9.416778338992284,0.0,0.11176470588235295,LONJAKAN_PENJUALAN,0.04411892221176572
2026-02-28,W2,Deodoran Rexona sachet,Perawatan,9.0,9.0,4100.0,3650.0,7.873614486941424,0.0,0.10975609756097561,LONJAKAN_PENJUALAN,0.04440205476121739
2026-04-28,W6,Esse 16 batang,Rokok,7.0,7.0,38000.0,36201.0,4.611441885626762,0.0,0.047342105263157894,LONJAKAN_PENJUALAN,0.04450539679125587
2026-05-30,W2,Minyak rem 100ml,LPG,5.0,5.0,14500.0,13867.0,4.594691065112814,0.0,0.0436551724137931,LONJAKAN_PENJUALAN,0.04461266178816847
2026-04-26,W6,Saus sambal ABC 135ml,Bumbu,5.0,5.0,8100.0,6968.0,4.610445876498739,0.0,0.1397530864197531,LONJAKAN_PENJUALAN,0.044678456580893644
2025-08-23,W1,Tepung beras Rose Brand 500g,Sembako,5.0,5.0,8800.0,8055.0,6.624629369686605,0.0,0.0846590909090909,LONJAKAN_PENJUALAN,0.04497211006960622
2025-03-16,W2,Buku gambar,ATK,5.0,5.0,6800.0,4863.0,6.363961030678928,0.0,0.2848529411764706,LONJAKAN_PENJUALAN,0.045017408330540354
2025-05-14,W3,Kacang atom Garuda 100g,Snack,5.0,5.0,7200.0,5210.0,7.157145986771416,0.0,0.2763888888888889,LONJAKAN_PENJUALAN,0.04509151407240586
2026-04-17,W3,Wafer Tango 115g,Snack,6.0,6.0,7800.0,5714.0,7.855999423621545,0.0,0.26743589743589746,LONJAKAN_PENJUALAN,0.0453532921123434
2026-05-06,W5,LPG 3kg,LPG,6.0,6.0,21500.0,20079.0,5.2628701482938185,0.0,0.06609302325581395,LONJAKAN_PENJUALAN,0.04536353539040161
2025-04-21,W3,Kacang kulit Garuda 100g,Snack,5.0,5.0,7200.0,5350.0,9.642857142857142,0.0,0.2569444444444444,LONJAKAN_PENJUALAN,0.04536908231855008
2026-02-19,W6,Indomie Cup,Mi,5.0,5.0,6800.0,6028.0,9.166562172863138,0.0,0.11352941176470588,LONJAKAN_PENJUALAN,0.04542690291588092
2025-12-31,W2,Minyak goreng Bimoli 1L,Sembako,6.0,6.0,26000.0,23715.0,5.044036844860234,0.0,0.08788461538461538,LONJAKAN_PENJUALAN,0.04550017941725426
2025-07-27,W4,Plastik kresek sedang,Plastik,5.0,5.0,7000.0,5200.0,9.571428571428571,0.0,0.2571428571428571,LONJAKAN_PENJUALAN,0.045659144761466486
2026-03-20,W4,Korek kayu,Rokok,6.0,6.0,2300.0,2198.0,4.592793267718462,0.0,0.04434782608695652,LONJAKAN_PENJUALAN,0.04572655852373797
2025-05-10,W6,Garam Dolphin 500g,Sembako,9.0,12.0,3400.0,3200.0,4.883057143232112,0.0,0.058823529411764705,LONJAKAN_PENJUALAN,0.04573703759967662
2026-01-31,W2,Buku gambar,ATK,7.0,7.0,6800.0,5059.0,11.193767023127972,0.0,0.2560294117647059,LONJAKAN_PENJUALAN,0.04586894399123864
2025-06-29,W6,Spaghetti La Fonte 225g,Mi,9.0,9.0,9800.0,8892.0,7.276736736462823,0.0,0.0926530612244898,LONJAKAN_PENJUALAN,0.04599143742557665
2026-04-26,W6,Plastik klip,Plastik,5.0,5.0,5100.0,3753.0,8.42389125012373,0.0,0.2641176470588235,LONJAKAN_PENJUALAN,0.045996809362152224
2025-03-25,W1,Shampoo Clear sachet,Perawatan,5.0,5.0,1500.0,1342.0,7.646821354646905,0.0,0.10533333333333333,LONJAKAN_PENJUALAN,0.0460152459759815
2025-08-29,W1,Gula pasir Gulaku 1kg,Sembako,3.0,6.0,20000.0,18019.0,7.435797483398487,0.0,0.09905,LONJAKAN_PENJUALAN,0.046244038237852614
2026-05-25,W1,LA Ice 16 batang,Rokok,8.0,8.0,35500.0,34279.0,4.306518767647936,0.0,0.0343943661971831,LONJAKAN_PENJUALAN,0.04637517615345643
2026-05-23,W1,Rinso sachet,Deterjen,6.0,6.0,2800.0,2339.0,4.861961908037612,0.0,0.16464285714285715,LONJAKAN_PENJUALAN,0.0464152483210869
2025-12-25,W4,Plastik kresek kecil,Plastik,3.0,5.0,5200.0,3845.0,9.928571428571429,0.0,0.2605769230769231,LONJAKAN_PENJUALAN,0.046688317926744216
2025-12-30,W6,Mi kari ayam Indomie,Mi,6.0,6.0,3600.0,3329.0,5.715767664977292,0.0,0.07527777777777778,LONJAKAN_PENJUALAN,0.04679042753952245
2025-09-16,W6,Mi ayam bawang Indomie,Mi,8.0,8.0,3400.0,3198.0,4.879872263707785,0.0,0.05941176470588235,LONJAKAN_PENJUALAN,0.0468693922890393
2025-08-29,W2,Snack kentang Qtela 60g,Snack,23.0,25.0,8200.0,6200.0,9.08823448513833,0.0,0.24390243902439024,LONJAKAN_PENJUALAN,0.04689547400686145
2025-10-31,W4,Bayclin 500ml,Deterjen,5.0,5.0,8300.0,6990.0,5.47010767006262,0.0,0.1578313253012048,LONJAKAN_PENJUALAN,0.04709295501775701
2026-04-25,W3,Marlboro 16 batang,Rokok,5.0,5.0,49500.0,45639.0,5.858449331643023,0.0,0.078,LONJAKAN_PENJUALAN,0.047122290312958115
2025-04-21,W5,Roma Kelapa 300g,Snack,11.0,14.0,9200.0,6811.0,8.162104245194612,0.0,0.25967391304347825,LONJAKAN_PENJUALAN,0.04738632685912059
2026-03-26,W3,Sampoerna A 16 batang,Rokok,5.0,5.0,42000.0,38218.0,6.624629369686602,0.0,0.09004761904761904,LONJAKAN_PENJUALAN,0.04744723361547398
2025-06-22,W6,Super Pell 450ml,Deterjen,6.0,8.0,7800.0,6891.0,10.972042393543443,0.0,0.11653846153846154,LONJAKAN_PENJUALAN,0.047497636488613826
2025-05-29,W2,Molto sachet,Deterjen,5.0,5.0,1900.0,1750.0,5.63204446111979,0.0,0.07894736842105263,LONJAKAN_PENJUALAN,0.047556149126294356
2025-04-26,W6,Djarum Super 12 batang,Rokok,6.0,6.0,23500.0,22779.0,4.2485291572496005,0.0,0.030680851063829787,LONJAKAN_PENJUALAN,0.04756281098568538
2026-03-22,W3,Gelas plastik,Plastik,6.0,6.0,8800.0,6121.0,4.879881645619924,0.0,0.3044318181818182,LONJAKAN_PENJUALAN,0.047570016512780366
2025-07-26,W3,Super Pell 450ml,Deterjen,5.0,5.0,8500.0,6871.0,4.594824775752355,0.0,0.19164705882352942,LONJAKAN_PENJUALAN,0.047625033470090394
2026-03-30,W3,Minyak goreng Fortune 1L,Sembako,6.0,6.0,27500.0,23759.0,5.056240207108722,0.0,0.13603636363636365,LONJAKAN_PENJUALAN,0.04768776306716749
2025-03-05,W6,Telur ayam 1kg,Sembako,6.0,6.0,31500.0,29832.0,4.74341649025257,0.0,0.05295238095238095,LONJAKAN_PENJUALAN,0.047688311225297486
2025-05-01,W1,Beras premium 5kg,Sembako,5.0,5.0,75000.0,67325.0,7.325832465264657,0.0,0.10233333333333333,LONJAKAN_PENJUALAN,0.04769505550167508
2025-12-27,W6,Teh Sariwangi 1 kantong,Sachet,7.0,8.0,500.0,450.0,6.965574690521313,0.0,0.1,LONJAKAN_PENJUALAN,0.04799376234984387
2025-08-02,W5,Astor,Snack,7.0,7.0,2700.0,1998.0,7.863279775714996,0.0,0.26,LONJAKAN_PENJUALAN,0.04811238251474814
2026-02-03,W2,Bubur instan 50g,Mi,16.0,16.0,5000.0,4691.0,4.851504457504267,0.0,0.0618,LONJAKAN_PENJUALAN,0.048323939234293345
2025-06-01,W4,Buku gambar,ATK,6.0,6.0,7000.0,5089.0,6.893622420410618,0.0,0.273,LONJAKAN_PENJUALAN,0.04859890003080136
2025-07-13,W4,Rautan Joyko,ATK,4.0,6.0,3100.0,2150.0,4.801787661420172,0.0,0.3064516129032258,LONJAKAN_PENJUALAN,0.04864034463965172
2025-10-17,W2,Pasta gigi Close Up 65g,Perawatan,5.0,5.0,7100.0,6326.0,7.358668357794094,0.0,0.10901408450704225,LONJAKAN_PENJUALAN,0.04877587540705475
2026-04-18,W6,Mi kari ayam Indomie,Mi,5.0,5.0,3600.0,3305.0,5.861842379698506,0.0,0.08194444444444444,LONJAKAN_PENJUALAN,0.0489027048594759
2025-12-02,W3,Gula pasir Gulaku 1kg,Sembako,5.0,5.0,23000.0,20504.0,7.4705881219924075,0.0,0.10852173913043478,LONJAKAN_PENJUALAN,0.04900534203070628
2025-09-16,W3,Sampoerna A 16 batang,Rokok,6.0,6.0,37000.0,34652.0,4.888847570213665,0.0,0.06345945945945947,LONJAKAN_PENJUALAN,0.0490212575069362
2026-06-13,W6,Pasta gigi Pepsodent 75g,Perawatan,8.0,8.0,7200.0,6430.0,7.173241282705548,0.0,0.10694444444444444,LONJAKAN_PENJUALAN,0.04910240788400788
2025-12-24,W6,Gelas plastik,Plastik,5.0,5.0,8100.0,6141.0,8.79880527103587,0.0,0.24185185185185185,LONJAKAN_PENJUALAN,0.04920170873403318
2026-03-16,W3,Djarum Super 12 batang,Rokok,5.0,5.0,27000.0,25630.0,4.6765371804359654,0.0,0.05074074074074074,LONJAKAN_PENJUALAN,0.04932961075360909
2026-02-08,W6,Minyak rambut Gatsby 75g,Perawatan,6.0,6.0,15500.0,13600.0,11.714285714285714,0.0,0.12258064516129032,LONJAKAN_PENJUALAN,0.04939142057550028
2025-12-07,W2,Margarin Blue Band 200g,Sembako,5.0,5.0,9100.0,8354.0,5.671134340313447,0.0,0.08197802197802198,LONJAKAN_PENJUALAN,0.04945813042598746
2025-04-03,W4,Buku tulis Sinar Dunia,ATK,2.0,5.0,4000.0,2850.0,5.412019177150972,0.0,0.2875,LONJAKAN_PENJUALAN,0.04949734273808759
2026-05-19,W3,Rinso sachet,Deterjen,5.0,6.0,2900.0,2346.0,4.06997196730786,0.0,0.1910344827586207,LONJAKAN_PENJUALAN,0.049502676846199356
2025-10-18,W1,Saus sambal sachet ABC,Bumbu,7.0,7.0,1600.0,1383.0,12.561278369883945,0.0,0.135625,LONJAKAN_PENJUALAN,0.04960835521271345
2026-05-01,W3,Sampoerna Mild 16 batang,Rokok,6.0,6.0,39000.0,35454.0,6.459969272954694,0.0,0.09092307692307693,LONJAKAN_PENJUALAN,0.04969941501996411
2026-04-17,W6,Garam Dolphin 500g,Sembako,9.0,9.0,4400.0,4090.0,5.234166696786251,0.0,0.07045454545454545,LONJAKAN_PENJUALAN,0.04991345683610826
2025-07-05,W6,Minyak goreng Fortune 1L,Sembako,9.0,9.0,19500.0,18686.0,4.326751578352889,0.0,0.04174358974358974,LONJAKAN_PENJUALAN,0.04996900632703094
2026-03-21,W1,Penyedap Royco,Bumbu,6.0,6.0,1700.0,1493.0,8.90786169627706,0.0,0.12176470588235294,LONJAKAN_PENJUALAN,0.049971196000881846
2025-04-13,W1,Gudang Garam 16 batang,Rokok,9.0,9.0,30000.0,27928.0,5.241424183609591,0.0,0.06906666666666667,LONJAKAN_PENJUALAN,0.050057479640282176
2026-03-01,W4,Khong Guan 200g,Snack,11.0,18.0,9600.0,7208.0,5.5509977239679635,0.0,0.24916666666666668,LONJAKAN_PENJUALAN,0.05026422515730988
2026-04-18,W3,Esse 16 batang,Rokok,6.0,6.0,39000.0,35403.0,6.6815310478106085,0.0,0.09223076923076923,LONJAKAN_PENJUALAN,0.050279540062144634
2025-04-19,W6,Body lotion Citra 100ml,Perawatan,8.0,8.0,9800.0,8500.0,9.582255089006917,0.0,0.1326530612244898,LONJAKAN_PENJUALAN,0.050286301009321965
2025-03-08,W1,Sabun batang Nuvo,Perawatan,6.0,6.0,3500.0,3045.0,11.571428571428571,0.0,0.13,LONJAKAN_PENJUALAN,0.050350883505825506
2025-08-24,W3,Esse 16 batang,Rokok,7.0,7.0,35000.0,32022.0,6.0,0.0,0.08508571428571429,LONJAKAN_PENJUALAN,0.050372139824422124
2026-01-31,W4,Mi goreng Indomie,Mi,41.0,44.0,3700.0,3350.0,6.816105465244857,0.0,0.0945945945945946,LONJAKAN_PENJUALAN,0.05042348031332755
2026-06-20,W6,Makaroni 200g,Mi,5.0,5.0,7500.0,6794.0,6.723236681005128,0.0,0.09413333333333333,LONJAKAN_PENJUALAN,0.050567388105502764
2025-10-03,W2,Shampoo Sunsilk sachet,Perawatan,9.0,9.0,1500.0,1308.0,8.376117278270444,0.0,0.128,LONJAKAN_PENJUALAN,0.050621881759398746
2025-10-12,W3,Snack jagung Chiki,Snack,7.0,7.0,3200.0,2339.0,6.689971172263328,0.0,0.2690625,LONJAKAN_PENJUALAN,0.05062503077581104
2026-01-31,W1,Astor,Snack,15.0,15.0,2700.0,2050.0,11.581558119668712,0.0,0.24074074074074073,LONJAKAN_PENJUALAN,0.05065144967446045
2026-07-14,W2,Mayones Maestro 100g,Bumbu,8.0,9.0,7900.0,6929.0,8.785989359346859,0.0,0.1229113924050633,LONJAKAN_PENJUALAN,0.05070813254874973
2025-10-20,W1,Sabun batang Nuvo,Perawatan,2.0,5.0,3700.0,3200.0,9.714285714285714,0.0,0.13513513513513514,LONJAKAN_PENJUALAN,0.05071349468446518
2025-07-13,W5,Shampoo Sunsilk sachet,Perawatan,8.0,8.0,1600.0,1391.0,8.09117143299344,0.0,0.130625,LONJAKAN_PENJUALAN,0.05075094189630802
2025-07-31,W3,Oatmeal Quaker 35g,Mi,5.0,5.0,3600.0,3111.0,8.42389125012372,0.0,0.13583333333333333,LONJAKAN_PENJUALAN,0.05076017865992244
2025-10-11,W6,Nugget Fiesta 250g,Frozen,9.0,9.0,25500.0,21980.0,9.607728220471339,0.0,0.1380392156862745,LONJAKAN_PENJUALAN,0.05077099527691631
2025-09-02,W3,Bubur instan 50g,Mi,5.0,5.0,5400.0,4535.0,5.102520385624569,0.0,0.16018518518518518,LONJAKAN_PENJUALAN,0.05078216390517343
2025-06-22,W6,Cokelat SilverQueen,Snack,6.0,6.0,12500.0,9429.0,7.604691625810379,0.0,0.24568,LONJAKAN_PENJUALAN,0.05079523983281653
2025-04-01,W5,Pop Mie,Mi,11.0,11.0,6100.0,5288.0,8.738439312346179,0.0,0.13311475409836065,LONJAKAN_PENJUALAN,0.050840525224131405
2025-12-17,W6,Tisu basah Mitu,Tisu,5.0,5.0,8100.0,7023.0,8.819620983110005,0.0,0.13296296296296295,LONJAKAN_PENJUALAN,0.050840525224131405
2025-09-17,W5,Sampoerna A 16 batang,Rokok,8.0,8.0,36500.0,35181.0,4.211999307491789,0.0,0.03613698630136986,LONJAKAN_PENJUALAN,0.051084626100641906
2025-04-12,W4,Cuka 100ml,Bumbu,7.0,7.0,4000.0,3498.0,11.115626066809861,0.0,0.1255,LONJAKAN_PENJUALAN,0.051241939646389456
2025-03-15,W1,Saus sambal sachet ABC,Bumbu,5.0,6.0,1500.0,1300.0,8.31706951517162,0.0,0.13333333333333333,LONJAKAN_PENJUALAN,0.05127186918146509
2026-06-10,W2,Wipol 450ml,Deterjen,5.0,5.0,9600.0,8315.0,9.714285714285714,0.0,0.13385416666666666,LONJAKAN_PENJUALAN,0.0512886696639413
2026-03-17,W4,Kecap manis Sedap 135ml,Bumbu,5.0,5.0,6300.0,5498.0,9.642857142857142,0.0,0.1273015873015873,LONJAKAN_PENJUALAN,0.05131343367615371
2025-10-26,W3,Kaldu bubuk Royco 100g,Bumbu,9.0,9.0,6100.0,5135.0,4.893337237460629,0.0,0.1581967213114754,LONJAKAN_PENJUALAN,0.05134276134357674
2026-04-25,W3,Mi kari ayam Indomie,Mi,8.0,8.0,3800.0,3328.0,15.642857142857142,0.0,0.12421052631578948,LONJAKAN_PENJUALAN,0.05165664180710594
2025-07-14,W1,Pasta gigi Close Up 65g,Perawatan,10.0,10.0,7000.0,6044.0,10.72754561088693,0.0,0.13657142857142857,LONJAKAN_PENJUALAN,0.051668638923486276
2025-10-02,W1,Rinso 800g,Deterjen,5.0,5.0,18000.0,15519.0,8.11530086368387,0.0,0.13783333333333334,LONJAKAN_PENJUALAN,0.05175091427512912
2025-09-14,W1,Sampoerna Mild 16 batang,Rokok,10.0,10.0,34000.0,32667.0,4.276762135704482,0.0,0.039205882352941174,LONJAKAN_PENJUALAN,0.051758470182800886
2025-07-27,W3,Keripik kentang Chitato 68g,Snack,5.0,5.0,13000.0,9357.0,5.713078380485628,0.0,0.2802307692307692,LONJAKAN_PENJUALAN,0.05194713888056712
2025-07-06,W6,Pembalut Softex,Tisu,4.0,6.0,8800.0,7700.0,8.31706951517162,0.0,0.125,LONJAKAN_PENJUALAN,0.051957490023809894
2026-02-19,W6,Keripik kentang Chitato 68g,Snack,6.0,6.0,12500.0,9350.0,7.051093367382447,0.0,0.252,LONJAKAN_PENJUALAN,0.05197480689297562
2025-04-26,W4,Sabun cair Lifebuoy 250ml,Perawatan,6.0,6.0,12500.0,10429.0,4.59014972217436,0.0,0.16568,LONJAKAN_PENJUALAN,0.05214966211904659
2026-05-02,W2,Lap dapur,Plastik,4.0,5.0,7100.0,5250.0,7.1571459867714164,0.0,0.2605633802816901,LONJAKAN_PENJUALAN,0.05225286379170524
2026-04-18,W1,Gula pasir curah 1kg,Sembako,5.0,5.0,24500.0,22699.0,5.273972321993749,0.0,0.07351020408163265,LONJAKAN_PENJUALAN,0.05231533760582985
2025-12-07,W5,Better,Snack,13.0,13.0,2700.0,1959.0,5.9881081565663346,0.0,0.27444444444444444,LONJAKAN_PENJUALAN,0.052320909249089054
2025-07-28,W1,Kacang atom Garuda 100g,Snack,7.0,7.0,7000.0,5324.0,7.928750176735256,0.0,0.23942857142857144,LONJAKAN_PENJUALAN,0.052437565467471914
2026-04-30,W6,Mi goreng Sarimi,Mi,5.0,5.0,3100.0,2827.0,5.604715240739902,0.0,0.08806451612903225,LONJAKAN_PENJUALAN,0.05251512303372874
2025-05-24,W3,Aluminium foil,Plastik,7.0,7.0,10500.0,7393.0,5.0712456524538885,0.0,0.2959047619047619,LONJAKAN_PENJUALAN,0.052623908186472224
2025-08-26,W4,Kacang sukro Garuda 80g,Snack,18.0,23.0,6000.0,4693.0,8.072720736391378,0.0,0.21783333333333332,LONJAKAN_PENJUALAN,0.05280405509785291
2025-08-20,W6,Minyak kayu putih Cap Lang 30ml (Obat),Obat,4.0,5.0,9800.0,8425.0,9.571428571428571,0.0,0.14030612244897958,LONJAKAN_PENJUALAN,0.05287827614576113
2025-03-22,W2,Diapet strip,Obat,4.0,9.0,6800.0,5849.0,8.155834843629293,0.0,0.1398529411764706,LONJAKAN_PENJUALAN,0.05299045404523972
2025-04-30,W6,Balsem Geliga 20g,Obat,2.0,5.0,7800.0,6606.0,9.857142857142858,0.0,0.15307692307692308,LONJAKAN_PENJUALAN,0.05306583515420227
2025-10-16,W6,Plastik klip,Plastik,5.0,5.0,5100.0,3704.0,5.942660800626636,0.0,0.27372549019607845,LONJAKAN_PENJUALAN,0.05313600140545949
2025-06-29,W2,Sunlight 400ml,Deterjen,7.0,7.0,8700.0,7744.0,6.775222418047705,0.0,0.10988505747126437,LONJAKAN_PENJUALAN,0.05331074462804686
2026-01-31,W4,Mi jumbo Indomie,Mi,8.0,15.0,4700.0,4200.0,6.718965352853312,0.0,0.10638297872340426,LONJAKAN_PENJUALAN,0.053369750681688255
2025-08-25,W4,Keripik kentang Chitato 68g,Snack,29.0,29.0,12500.0,9529.0,8.571196276687168,0.0,0.23768,LONJAKAN_PENJUALAN,0.05338738483649541
2025-08-13,W3,Snack jagung Chiki,Snack,6.0,6.0,3200.0,2294.0,5.500000000000004,0.0,0.283125,LONJAKAN_PENJUALAN,0.053395953093730686
2025-05-10,W2,Plastic wrap,Plastik,5.0,5.0,12000.0,8764.0,5.820173877396931,0.0,0.26966666666666667,LONJAKAN_PENJUALAN,0.05362204521316005
2025-08-31,W2,Parfum Gatsby 100ml,Perawatan,4.0,5.0,24000.0,21800.0,6.037383539249437,0.0,0.09166666666666666,LONJAKAN_PENJUALAN,0.05362938550511409
2026-06-03,W3,FreshCare 10ml,Obat,6.0,6.0,13000.0,10222.0,11.096364735571179,0.0,0.21369230769230768,LONJAKAN_PENJUALAN,0.05367350922482328
2026-04-19,W1,Sendok plastik,Plastik,5.0,5.0,5200.0,3847.0,6.986735671804194,0.0,0.26019230769230767,LONJAKAN_PENJUALAN,0.05372985250392981
2025-04-27,W6,Kecap manis Sedap 135ml,Bumbu,6.0,10.0,5600.0,4800.0,4.361505161378038,0.0,0.14285714285714285,LONJAKAN_PENJUALAN,0.05389517502877872
2025-07-30,W5,Oralit sachet,Obat,5.0,5.0,2000.0,1694.0,8.115300863683883,0.0,0.153,LONJAKAN_PENJUALAN,0.05392522213410289
2025-11-29,W3,Teh Botol Sosro 350ml,Minuman,13.0,13.0,5400.0,4198.0,7.779536389829287,0.0,0.2225925925925926,LONJAKAN_PENJUALAN,0.054061001305385936
2025-04-08,W2,Mi kuah Sedaap,Mi,2.0,16.0,3400.0,3142.0,5.105278504953343,0.0,0.07588235294117647,LONJAKAN_PENJUALAN,0.054075035903763835
2026-04-29,W2,Buku tulis Kiky,ATK,2.0,5.0,6000.0,4350.0,5.6047152407399,0.0,0.275,LONJAKAN_PENJUALAN,0.05408959567604088
2026-01-31,W4,Permen Kopiko,Snack,1.0,14.0,8600.0,6550.0,7.982811475108169,0.0,0.23837209302325582,LONJAKAN_PENJUALAN,0.05408969457157553
2025-10-30,W3,Mi goreng Sarimi,Mi,7.0,7.0,3200.0,2778.0,7.713192685545873,0.0,0.131875,LONJAKAN_PENJUALAN,0.05416983474960335
2026-04-22,W3,Sabun batang Lifebuoy,Perawatan,3.0,5.0,4300.0,3650.0,9.785714285714286,0.0,0.1511627906976744,LONJAKAN_PENJUALAN,0.05418730491860402
2026-03-04,W5,Sabun batang Lifebuoy,Perawatan,6.0,6.0,4300.0,3650.0,11.785714285714286,0.0,0.1511627906976744,LONJAKAN_PENJUALAN,0.05418730491860402
2025-07-22,W4,Mi kari ayam Indomie,Mi,13.0,13.0,3500.0,3250.0,5.086763143764144,0.0,0.07142857142857142,LONJAKAN_PENJUALAN,0.054196896577614506
2025-05-02,W2,Kaldu bubuk Royco 100g,Bumbu,9.0,9.0,5300.0,4714.0,6.743417843388198,0.0,0.11056603773584905,LONJAKAN_PENJUALAN,0.054223803724384956
2026-05-30,W5,Downy sachet,Deterjen,2.0,6.0,2100.0,1796.0,9.44230601374171,0.0,0.14476190476190476,LONJAKAN_PENJUALAN,0.05436937311981016
2025-09-28,W3,Sikat gigi Formula,Perawatan,8.0,8.0,7200.0,6114.0,12.788946119878013,0.0,0.15083333333333335,LONJAKAN_PENJUALAN,0.05441665077596769
2025-08-01,W6,Roma Kelapa 300g,Snack,6.0,6.0,9100.0,6858.0,6.870296101552149,0.0,0.24637362637362636,LONJAKAN_PENJUALAN,0.05442844640894162
2026-03-05,W6,Terasi ABC 20g,Bumbu,9.0,9.0,3400.0,2983.0,7.640485497240368,0.0,0.12264705882352941,LONJAKAN_PENJUALAN,0.05455944519077505
2026-05-29,W5,Garam Dolphin 500g,Sembako,5.0,5.0,4800.0,4282.0,6.363961030678928,0.0,0.10791666666666666,LONJAKAN_PENJUALAN,0.05456155639604887
2025-10-03,W2,Pembalut Laurier,Tisu,3.0,6.0,10000.0,8500.0,11.096364735571171,0.0,0.15,LONJAKAN_PENJUALAN,0.054589312682043256
2025-12-07,W6,Sunlight sachet,Deterjen,9.0,9.0,2100.0,1800.0,8.531102095878188,0.0,0.14285714285714285,LONJAKAN_PENJUALAN,0.054655376829098046
2025-07-23,W2,Keripik kentang Chitato 68g,Snack,13.0,13.0,12000.0,9111.0,7.534327146983812,0.0,0.24075,LONJAKAN_PENJUALAN,0.05467137131574995
2025-09-13,W4,Pulpen Standard AE7,ATK,6.0,6.0,2600.0,1800.0,4.62197331911786,0.0,0.3076923076923077,LONJAKAN_PENJUALAN,0.0547100079634425
2025-03-07,W1,Mayones Maestro 100g,Bumbu,5.0,5.0,7000.0,5943.0,8.115300863683863,0.0,0.151,LONJAKAN_PENJUALAN,0.05475934753454803
2026-03-21,W3,Le Minerale 1.5L,Minuman,8.0,8.0,6600.0,5102.0,4.481834476501642,0.0,0.22696969696969696,LONJAKAN_PENJUALAN,0.05478624231658458
2025-04-22,W2,Pasta gigi Close Up 65g,Perawatan,4.0,7.0,6800.0,6000.0,7.304939367043417,0.0,0.11764705882352941,LONJAKAN_PENJUALAN,0.054931329854308486
2026-03-23,W6,Saus sambal sachet ABC,Bumbu,10.0,10.0,1700.0,1499.0,7.170989213446527,0.0,0.11823529411764706,LONJAKAN_PENJUALAN,0.054931329854308486
2025-08-02,W6,Esse 16 batang,Rokok,7.0,7.0,33500.0,31836.0,4.543145761518624,0.0,0.049671641791044774,LONJAKAN_PENJUALAN,0.055076721548439345
2026-01-17,W5,Downy sachet,Deterjen,5.0,5.0,2100.0,1800.0,8.115300863683867,0.0,0.14285714285714285,LONJAKAN_PENJUALAN,0.05508414058300537
2025-06-19,W3,Masker,Obat,5.0,5.0,1000.0,800.0,9.857142857142858,0.0,0.2,LONJAKAN_PENJUALAN,0.05515420656737591
2026-02-18,W5,Permen karet Big Babol,Snack,9.0,9.0,2200.0,1600.0,5.69304086457442,0.0,0.2727272727272727,LONJAKAN_PENJUALAN,0.0551585587958805
2025-04-01,W6,Astor,Snack,6.0,6.0,2400.0,1890.0,9.823785256038363,0.0,0.2125,LONJAKAN_PENJUALAN,0.055162825384009184
2025-04-19,W1,Lap dapur,Plastik,3.0,6.0,7000.0,5150.0,6.5803015072960065,0.0,0.2642857142857143,LONJAKAN_PENJUALAN,0.05516812158334072
2025-08-31,W6,Kentang frozen 500g,Frozen,5.0,5.0,20500.0,17450.0,5.364356046113425,0.0,0.14878048780487804,LONJAKAN_PENJUALAN,0.05524837338752542
2026-02-01,W1,Nescafe 220ml,Minuman,14.0,14.0,6200.0,5002.0,9.514122256342896,0.0,0.1932258064516129,LONJAKAN_PENJUALAN,0.05525196254578979
2026-07-13,W1,Paracetamol strip,Obat,5.0,9.0,3400.0,2743.0,9.160620300269755,0.0,0.19323529411764706,LONJAKAN_PENJUALAN,0.05525196254578979
2026-02-13,W5,Shampoo Sunsilk sachet,Perawatan,5.0,7.0,1600.0,1400.0,7.79842133400494,0.0,0.125,LONJAKAN_PENJUALAN,0.05537298102887145
2025-04-26,W1,Daia sachet,Deterjen,4.0,7.0,2000.0,1749.0,7.636912175246458,0.0,0.1255,LONJAKAN_PENJUALAN,0.05537570804886427
2025-03-01,W5,Paracetamol Sanmol strip,Obat,6.0,6.0,4100.0,3344.0,11.571428571428571,0.0,0.18439024390243902,LONJAKAN_PENJUALAN,0.05547705743515763
2025-12-13,W5,Kaldu bubuk Royco 100g,Bumbu,5.0,5.0,6400.0,5026.0,4.615512502964821,0.0,0.2146875,LONJAKAN_PENJUALAN,0.05559173993359112
2025-07-03,W1,Mi goreng Sarimi,Mi,5.0,5.0,3100.0,2750.0,6.363961030678928,0.0,0.11290322580645161,LONJAKAN_PENJUALAN,0.05562421077655799
2026-03-01,W6,Attack sachet,Deterjen,5.0,5.0,2500.0,2200.0,7.157145986771408,0.0,0.12,LONJAKAN_PENJUALAN,0.0556935271470711
2026-01-26,W3,Keripik kentang Chitato 68g,Snack,5.0,5.0,13500.0,9475.0,4.918142419770084,0.0,0.29814814814814816,LONJAKAN_PENJUALAN,0.05575098985426441
2025-07-26,W4,Mama Lemon 400ml,Deterjen,7.0,7.0,8000.0,6813.0,8.624492340530434,0.0,0.148375,LONJAKAN_PENJUALAN,0.05579426408971233
2025-12-28,W5,Daia sachet,Deterjen,5.0,5.0,2100.0,1807.0,7.8594534417707065,0.0,0.13952380952380952,LONJAKAN_PENJUALAN,0.05597616840669595
2026-01-06,W6,Indomie Cup,Mi,5.0,5.0,6800.0,6028.0,6.6246293696866,0.0,0.11352941176470588,LONJAKAN_PENJUALAN,0.05605653853501824
2026-02-25,W3,Attack sachet,Deterjen,4.0,5.0,2700.0,2195.0,9.166562172863172,0.0,0.18703703703703703,LONJAKAN_PENJUALAN,0.05606644588439702
2025-11-17,W3,Attack sachet,Deterjen,8.0,8.0,2700.0,2200.0,8.458085527423501,0.0,0.18518518518518517,LONJAKAN_PENJUALAN,0.05616941883991933
2025-10-25,W1,LA Ice 16 batang,Rokok,9.0,9.0,32000.0,30086.0,4.621568921635151,0.0,0.0598125,LONJAKAN_PENJUALAN,0.05634042555543428
2025-08-01,W4,Rinso 800g,Deterjen,5.0,5.0,18000.0,15856.0,6.986735671804199,0.0,0.11911111111111111,LONJAKAN_PENJUALAN,0.0563593897983965
2025-04-04,W3,Tusuk sate,Plastik,3.0,5.0,5200.0,3617.0,4.642739233516708,0.0,0.3044230769230769,LONJAKAN_PENJUALAN,0.056393357721381876
2026-02-27,W3,Teh Tong Tji sachet,Sachet,10.0,10.0,1100.0,850.0,7.521613482012399,0.0,0.22727272727272727,LONJAKAN_PENJUALAN,0.05647835309942362
2025-07-18,W1,Minyak kayu putih Cap Lang 30ml (Obat),Obat,5.0,5.0,10000.0,8063.0,8.423891250123724,0.0,0.1937,LONJAKAN_PENJUALAN,0.05662034734406263
2026-03-01,W3,Mi goreng Sarimi,Mi,6.0,6.0,3200.0,2790.0,7.181324987175318,0.0,0.128125,LONJAKAN_PENJUALAN,0.0566657202571369
2025-04-11,W3,Le Minerale 1.5L,Minuman,8.0,8.0,6200.0,4845.0,7.597085907485467,0.0,0.21854838709677418,LONJAKAN_PENJUALAN,0.05667128508463004
2026-02-01,W3,Penyedap Masako,Bumbu,6.0,6.0,1700.0,1500.0,6.893622420410619,0.0,0.11764705882352941,LONJAKAN_PENJUALAN,0.05679989201864921
2025-04-18,W4,Pantyliner Laurier,Tisu,3.0,5.0,12000.0,9700.0,9.714285714285714,0.0,0.19166666666666668,LONJAKAN_PENJUALAN,0.0568058684071201
2025-04-01,W1,Sikat,Deterjen,8.0,8.0,7000.0,5909.0,9.582255089006921,0.0,0.15585714285714286,LONJAKAN_PENJUALAN,0.05681661251753933
2026-01-24,W1,Permen Relaxa,Snack,5.0,5.0,7300.0,5474.0,6.162631092157115,0.0,0.2501369863013699,LONJAKAN_PENJUALAN,0.05689756296703685
2026-07-14,W5,Snack jagung Cheetos,Snack,6.0,6.0,3400.0,2452.0,5.4048919640319495,0.0,0.2788235294117647,LONJAKAN_PENJUALAN,0.05695195377960616
2025-10-04,W3,Snack kentang Qtela 60g,Snack,6.0,6.0,8500.0,6143.0,5.467903249084008,0.0,0.2772941176470588,LONJAKAN_PENJUALAN,0.05696108245338016
2025-05-29,W1,Sabun batang Lux,Perawatan,4.0,5.0,4500.0,3892.0,7.157145986771412,0.0,0.1351111111111111,LONJAKAN_PENJUALAN,0.057041392511117284
2025-10-25,W1,Gudang Garam 16 batang,Rokok,9.0,9.0,30000.0,28750.0,4.083679949008814,0.0,0.041666666666666664,LONJAKAN_PENJUALAN,0.05708872863342518
2026-02-17,W5,Roma Kelapa 300g,Snack,10.0,10.0,9800.0,7297.0,6.709724062810789,0.0,0.25540816326530613,LONJAKAN_PENJUALAN,0.057110653858610694
2026-03-23,W5,Snack kentang Qtela 60g,Snack,6.0,6.0,8800.0,6559.0,6.483790432878946,0.0,0.2546590909090909,LONJAKAN_PENJUALAN,0.057110653858610694
2026-04-19,W2,Pulpen Pilot,ATK,2.0,6.0,4100.0,3005.0,5.6577250036343045,0.0,0.26707317073170733,LONJAKAN_PENJUALAN,0.057136013394850416
2026-03-01,W3,Telur ayam 1kg,Sembako,8.0,8.0,38000.0,33618.0,6.314862345104054,0.0,0.1153157894736842,LONJAKAN_PENJUALAN,0.05717847648479779
2025-03-09,W2,Amplop,ATK,3.0,5.0,1000.0,700.0,4.780605152414692,0.0,0.3,LONJAKAN_PENJUALAN,0.05722109853338386
2025-11-30,W4,Gula pasir curah 1kg,Sembako,7.0,7.0,21000.0,18936.0,6.004805767690768,0.0,0.09828571428571428,LONJAKAN_PENJUALAN,0.05726202802784308
2025-08-16,W1,Saus sambal ABC 135ml,Bumbu,8.0,8.0,7300.0,6227.0,11.26489162181473,0.0,0.14698630136986301,LONJAKAN_PENJUALAN,0.057277817776661744
2025-04-28,W6,Mi jumbo Indomie,Mi,6.0,6.0,4400.0,3989.0,5.715767664977294,0.0,0.09340909090909091,LONJAKAN_PENJUALAN,0.05729857124448434
2025-08-23,W3,Tempura 250g,Frozen,6.0,6.0,16500.0,13285.0,8.073767044305551,0.0,0.19484848484848485,LONJAKAN_PENJUALAN,0.05737475263765879
2025-12-17,W3,Djarum Super 16 batang,Rokok,7.0,7.0,34000.0,31252.0,5.196152422706632,0.0,0.08082352941176471,LONJAKAN_PENJUALAN,0.05740394363253076
2026-07-04,W5,Mayones Maestro 100g,Bumbu,10.0,10.0,8200.0,6993.0,11.326071707888245,0.0,0.1471951219512195,LONJAKAN_PENJUALAN,0.05742017989283188
2026-02-18,W2,Kaldu bubuk Royco 100g,Bumbu,5.0,5.0,6000.0,5439.0,5.858449331643023,0.0,0.0935,LONJAKAN_PENJUALAN,0.05744092868067818
2025-04-01,W3,Margarin Blue Band 500g,Sembako,7.0,7.0,18500.0,16650.0,5.851068495748623,0.0,0.1,LONJAKAN_PENJUALAN,0.05754672727752974
2025-09-22,W6,Sikat,Deterjen,5.0,6.0,7200.0,6435.0,6.15880014132779,0.0,0.10625,LONJAKAN_PENJUALAN,0.057561836338124395
2026-06-09,W4,Deodoran Rexona 45ml,Perawatan,4.0,10.0,20000.0,16961.0,7.685277617854286,0.0,0.15195,LONJAKAN_PENJUALAN,0.05757335107564909
2025-08-10,W6,Oatmeal Quaker 35g,Mi,5.0,5.0,3400.0,3197.0,4.594824775752356,0.0,0.05970588235294118,LONJAKAN_PENJUALAN,0.05765194158230602
2025-08-26,W3,Djarum Super 16 batang,Rokok,7.0,7.0,33000.0,29853.0,6.0,0.0,0.09536363636363636,LONJAKAN_PENJUALAN,0.057697430405518
2026-05-01,W6,Spaghetti La Fonte 225g,Mi,5.0,5.0,10500.0,9491.0,5.9520600327567506,0.0,0.0960952380952381,LONJAKAN_PENJUALAN,0.057697430405518
2025-05-09,W2,Kapas Selection,Tisu,5.0,5.0,4800.0,4199.0,7.1571459867714164,0.0,0.12520833333333334,LONJAKAN_PENJUALAN,0.05770417559814556
2025-10-27,W6,Tisu basah Cussons,Tisu,5.0,5.0,9100.0,7806.0,7.8594534417707065,0.0,0.1421978021978022,LONJAKAN_PENJUALAN,0.05777555216562813
2025-06-05,W4,Pulpen Standard AE7,ATK,5.0,5.0,2600.0,1805.0,4.580729495044093,0.0,0.3057692307692308,LONJAKAN_PENJUALAN,0.057869129544326214
2026-03-22,W2,Mayones Maestro 100g,Bumbu,7.0,7.0,7600.0,6766.0,6.055661673257684,0.0,0.10973684210526316,LONJAKAN_PENJUALAN,0.057930057286754266
2026-02-03,W2,Mi kuah Sedaap,Mi,10.0,10.0,3600.0,3250.0,5.741471581569548,0.0,0.09722222222222222,LONJAKAN_PENJUALAN,0.05796083555134046
2026-04-26,W5,Attack sachet,Deterjen,8.0,8.0,2800.0,2200.0,7.597085907485462,0.0,0.21428571428571427,LONJAKAN_PENJUALAN,0.057995514823488525
2025-05-29,W5,Oralit sachet,Obat,7.0,7.0,2000.0,1699.0,7.748514288830509,0.0,0.1505,LONJAKAN_PENJUALAN,0.05811541846104973
2026-03-11,W2,Sunlight 400ml,Deterjen,5.0,5.0,9300.0,8066.0,6.9829724875517565,0.0,0.13268817204301075,LONJAKAN_PENJUALAN,0.05819774656469234
2026-01-31,W3,Indomilk 190ml,Minuman,15.0,15.0,5400.0,4199.0,7.100469468046934,0.0,0.22240740740740741,LONJAKAN_PENJUALAN,0.05829098900584029
2025-10-05,W6,Korek kayu,Rokok,6.0,6.0,2000.0,1900.0,4.421369276232818,0.0,0.05,LONJAKAN_PENJUALAN,0.058295059256127435
2025-12-13,W2,Shampoo Sunsilk sachet,Perawatan,8.0,9.0,1500.0,1346.0,5.686396698064969,0.0,0.10266666666666667,LONJAKAN_PENJUALAN,0.0583172896276547
2026-03-26,W4,Super Pell 450ml,Deterjen,5.0,5.0,8300.0,6950.0,9.785714285714286,0.0,0.16265060240963855,LONJAKAN_PENJUALAN,0.058332456179341685
2026-02-17,W6,Frestea 350ml,Minuman,6.0,6.0,4100.0,3348.0,8.317069515171571,0.0,0.18341463414634146,LONJAKAN_PENJUALAN,0.05835772350198887
2025-04-09,W6,Basreng 100g,Snack,7.0,7.0,6900.0,5298.0,7.692338911025558,0.0,0.23217391304347826,LONJAKAN_PENJUALAN,0.05836608485677297
2025-07-12,W6,Makaroni 200g,Mi,9.0,9.0,6900.0,6248.0,5.572065093631402,0.0,0.0944927536231884,LONJAKAN_PENJUALAN,0.0584365322811381
2025-05-26,W4,Sampoerna Mild 16 batang,Rokok,5.0,5.0,34000.0,31539.0,5.015503913178176,0.0,0.07238235294117647,LONJAKAN_PENJUALAN,0.05843774702737725
2026-02-05,W1,Pasta gigi Sensodyne 40g,Perawatan,6.0,6.0,20000.0,17532.0,7.0510933673824505,0.0,0.1234,LONJAKAN_PENJUALAN,0.05844934872601226
2026-01-31,W6,Kukubima sachet,Minuman,7.0,7.0,2500.0,2055.0,9.522904718924437,0.0,0.178,LONJAKAN_PENJUALAN,0.05845571203669753
2026-04-25,W6,Saus tiram Saori 133ml,Bumbu,7.0,7.0,8700.0,7822.0,5.86055109296903,0.0,0.10091954022988506,LONJAKAN_PENJUALAN,0.05856715828292813
2025-12-15,W6,Tepung beras Rose Brand 500g,Sembako,5.0,6.0,9700.0,9232.0,4.282903390869982,0.0,0.04824742268041237,LONJAKAN_PENJUALAN,0.058573733441110165
2026-06-04,W6,Snack jagung Cheetos,Snack,9.0,9.0,3200.0,2490.0,7.004490937411128,0.0,0.221875,LONJAKAN_PENJUALAN,0.05857522423957273
2026-05-09,W2,Saus tomat ABC 135ml,Bumbu,9.0,9.0,8000.0,7167.0,6.007694603394689,0.0,0.104125,LONJAKAN_PENJUALAN,0.05858671682453909
2026-05-17,W4,Shampoo Sunsilk sachet,Perawatan,10.0,13.0,1700.0,1400.0,9.07633374519384,0.0,0.17647058823529413,LONJAKAN_PENJUALAN,0.05862067934481818
2026-03-17,W5,Es krim cup Wall's,Frozen,2.0,5.0,5500.0,4649.0,7.859453441770709,0.0,0.15472727272727274,LONJAKAN_PENJUALAN,0.058632219959811605
2025-07-29,W5,Super Pell 450ml,Deterjen,5.0,5.0,8500.0,6996.0,9.571428571428571,0.0,0.17694117647058824,LONJAKAN_PENJUALAN,0.0587425104212439
2025-11-29,W5,Minyak goreng Bimoli 1L,Sembako,6.0,6.0,26500.0,23792.0,5.631670647837483,0.0,0.10218867924528302,LONJAKAN_PENJUALAN,0.05874357661944163
2025-11-16,W4,Buku gambar,ATK,7.0,7.0,7300.0,5150.0,4.83409844831293,0.0,0.2945205479452055,LONJAKAN_PENJUALAN,0.0588329455197798
2026-04-17,W2,Tempura 250g,Frozen,7.0,11.0,15500.0,13939.0,5.808394756181079,0.0,0.10070967741935484,LONJAKAN_PENJUALAN,0.05886653197031766
2026-02-19,W4,Saus sambal ABC 135ml,Bumbu,6.0,6.0,8100.0,6901.0,7.5107066435665075,0.0,0.14802469135802468,LONJAKAN_PENJUALAN,0.0590297662009851
2026-02-01,W1,Surya 12 batang,Rokok,6.0,6.0,28500.0,25954.0,4.0879841685998,0.0,0.08933333333333333,LONJAKAN_PENJUALAN,0.05903916091278805
2025-11-29,W1,Sikat,Deterjen,5.0,5.0,7300.0,6100.0,9.714285714285714,0.0,0.1643835616438356,LONJAKAN_PENJUALAN,0.059046117102385165
2025-12-25,W4,Cuka 100ml,Bumbu,7.0,7.0,4600.0,3868.0,10.688687620696857,0.0,0.1591304347826087,LONJAKAN_PENJUALAN,0.059072432290155685
2026-02-03,W6,Soklin sachet,Deterjen,6.0,8.0,2200.0,1850.0,11.71169343289867,0.0,0.1590909090909091,LONJAKAN_PENJUALAN,0.059072432290155685
2026-04-24,W2,Shampoo H&S sachet,Perawatan,2.0,9.0,2100.0,1855.0,6.367747975989185,0.0,0.11666666666666667,LONJAKAN_PENJUALAN,0.05922957753800706
2026-06-28,W5,Paracetamol strip,Obat,6.0,6.0,3300.0,2699.0,8.317069515171617,0.0,0.18212121212121213,LONJAKAN_PENJUALAN,0.05924753950687178
2026-01-31,W1,Cokelat SilverQueen,Snack,10.0,10.0,13000.0,9582.0,6.11434374616139,0.0,0.2629230769230769,LONJAKAN_PENJUALAN,0.05934007888949988
2025-06-06,W3,Deodoran Rexona sachet,Perawatan,5.0,5.0,4100.0,3455.0,9.642857142857142,0.0,0.1573170731707317,LONJAKAN_PENJUALAN,0.059368985629407844
2026-06-12,W3,Mi soto Indomie,Mi,6.0,6.0,3800.0,3386.0,5.715767664977287,0.0,0.10894736842105263,LONJAKAN_PENJUALAN,0.05938019584383736
2025-04-12,W6,Indomie Cup,Mi,6.0,6.0,6400.0,5717.0,5.756996649560719,0.0,0.10671875,LONJAKAN_PENJUALAN,0.059559468720853825
2025-09-01,W1,Extra Joss sachet,Sachet,11.0,19.0,2100.0,1553.0,6.013377943029548,0.0,0.2604761904761905,LONJAKAN_PENJUALAN,0.05962119190316262
2026-04-22,W1,Mi goreng Sarimi,Mi,8.0,8.0,3200.0,2842.0,5.7972910236854345,0.0,0.111875,LONJAKAN_PENJUALAN,0.059638551563896414
2026-04-22,W4,Diapet strip,Obat,5.0,9.0,7300.0,6058.0,14.462266172946164,0.0,0.17013698630136986,LONJAKAN_PENJUALAN,0.05966539082086875
2025-07-24,W4,Terasi ABC 20g,Bumbu,5.0,6.0,3100.0,2554.0,4.019363071819413,0.0,0.1761290322580645,LONJAKAN_PENJUALAN,0.059725122929430996
2025-08-22,W1,Minyak goreng Sania 1L,Sembako,6.0,6.0,21500.0,19577.0,5.242095435328696,0.0,0.08944186046511628,LONJAKAN_PENJUALAN,0.05973964591066572
2025-08-29,W1,Paracetamol strip,Obat,6.0,6.0,3100.0,2592.0,7.9887945431495755,0.0,0.1638709677419355,LONJAKAN_PENJUALAN,0.059755613836262156
2025-04-10,W6,Plastik kresek sedang,Plastik,5.0,5.0,6900.0,5150.0,5.9520600327567585,0.0,0.2536231884057971,LONJAKAN_PENJUALAN,0.05975709027728404
2026-02-25,W6,Tisu basah Cussons,Tisu,3.0,5.0,9400.0,7800.0,9.642857142857142,0.0,0.1702127659574468,LONJAKAN_PENJUALAN,0.05980721453133819
2026-06-06,W1,Mi jumbo Indomie,Mi,10.0,10.0,4900.0,4358.0,5.997298924908288,0.0,0.11061224489795918,LONJAKAN_PENJUALAN,0.059829879389898255
2026-04-28,W6,Attack sachet,Deterjen,4.0,6.0,2600.0,2207.0,4.471561053433789,0.0,0.15115384615384617,LONJAKAN_PENJUALAN,0.05983295842424774
2025-07-26,W6,Bayclin 500ml,Deterjen,10.0,11.0,8100.0,6950.0,7.114370756771867,0.0,0.1419753086419753,LONJAKAN_PENJUALAN,0.05985840383536023
2026-02-13,W3,Penyedap Masako,Bumbu,6.0,11.0,1700.0,1500.0,6.492980148498157,0.0,0.11764705882352941,LONJAKAN_PENJUALAN,0.05986914427148582
2025-12-06,W6,Sabun cair Lifebuoy 250ml,Perawatan,5.0,5.0,13000.0,10916.0,9.785714285714286,0.0,0.16030769230769232,LONJAKAN_PENJUALAN,0.0598831788938341
2025-11-08,W5,Tisu basah Cussons,Tisu,5.0,5.0,9900.0,8048.0,7.597085907485467,0.0,0.18707070707070708,LONJAKAN_PENJUALAN,0.059910476681566904
2026-04-28,W3,Super Pell 450ml,Deterjen,6.0,7.0,8800.0,7265.0,8.858782194975898,0.0,0.1744318181818182,LONJAKAN_PENJUALAN,0.059923393823455684
2026-01-02,W5,Djarum Super 12 batang,Rokok,9.0,9.0,25500.0,25754.0,2.942040933670984,0.0,-0.00996078431372549,JUAL_DI_BAWAH_HPP,0.05999713818770969
2025-10-02,W6,Cokelat SilverQueen,Snack,6.0,6.0,12500.0,9420.0,6.0024572839713715,0.0,0.2464,LONJAKAN_PENJUALAN,0.06002985191214649
2025-05-18,W2,Minyak goreng Bimoli 1L,Sembako,6.0,6.0,21500.0,19993.0,4.761452359462244,0.0,0.07009302325581396,LONJAKAN_PENJUALAN,0.060055345532128435
2025-09-06,W5,Kerupuk 100g,Snack,7.0,7.0,5300.0,3924.0,6.025930109841908,0.0,0.259622641509434,LONJAKAN_PENJUALAN,0.060075994943792344
2025-05-24,W4,Deodoran Rexona 45ml,Perawatan,7.0,10.0,18000.0,15786.0,6.737643720402379,0.0,0.123,LONJAKAN_PENJUALAN,0.06010103692956614
2026-02-19,W3,Basreng 100g,Snack,6.0,6.0,7500.0,5623.0,5.703534770675892,0.0,0.2502666666666667,LONJAKAN_PENJUALAN,0.06013352513940995
2026-02-28,W3,Kopi susu Torabika sachet,Sachet,11.0,11.0,2200.0,1649.0,5.731387126853654,0.0,0.25045454545454543,LONJAKAN_PENJUALAN,0.06013352513940995
2026-02-27,W3,Kopi Torabika sachet,Sachet,10.0,10.0,2200.0,1648.0,5.772589763684438,0.0,0.2509090909090909,LONJAKAN_PENJUALAN,0.06014236601807699
2025-07-17,W5,Body lotion Citra 100ml,Perawatan,4.0,5.0,10000.0,8677.0,6.843158461850066,0.0,0.1323,LONJAKAN_PENJUALAN,0.06015253986045288
2026-06-26,W6,Saus tiram Saori 133ml,Bumbu,7.0,7.0,8700.0,7872.0,5.520690353390785,0.0,0.09517241379310344,LONJAKAN_PENJUALAN,0.06018597656025371
2025-04-26,W6,Saus tiram Saori 133ml,Bumbu,4.0,8.0,7800.0,6945.0,5.596884639646209,0.0,0.10961538461538461,LONJAKAN_PENJUALAN,0.06021002167268397
2025-10-27,W6,Molto sachet,Deterjen,7.0,11.0,2100.0,1751.0,8.15694270457469,0.0,0.1661904761904762,LONJAKAN_PENJUALAN,0.06026925400234817
2025-03-07,W4,Bayclin 500ml,Deterjen,7.0,7.0,8000.0,6636.0,9.641851054154642,0.0,0.1705,LONJAKAN_PENJUALAN,0.06028384723307578
2026-06-13,W3,Kantong sampah,Deterjen,4.0,10.0,8800.0,7111.0,7.522702825259332,0.0,0.19193181818181818,LONJAKAN_PENJUALAN,0.060362104236865055
2025-09-21,W5,Djarum Super 16 batang,Rokok,11.0,11.0,33500.0,30455.0,5.367358369112111,0.0,0.0908955223880597,LONJAKAN_PENJUALAN,0.060392144438563555
2026-02-08,W1,Tisu basah Cussons,Tisu,5.0,5.0,9600.0,8250.0,6.974011606042815,0.0,0.140625,LONJAKAN_PENJUALAN,0.06041006601467591
2025-09-14,W4,Korek gas,Rokok,7.0,7.0,2000.0,1910.0,4.168416969371805,0.0,0.045,LONJAKAN_PENJUALAN,0.06042888576269767
2025-05-05,W1,Karbol 500ml,Deterjen,7.0,7.0,7000.0,5998.0,7.370307223679929,0.0,0.14314285714285716,LONJAKAN_PENJUALAN,0.060501971510297015
2025-09-05,W1,Mi kuah Sedaap,Mi,6.0,6.0,3500.0,3160.0,5.480484858633794,0.0,0.09714285714285714,LONJAKAN_PENJUALAN,0.06051568066286239
2026-03-25,W5,Roma Kelapa 300g,Snack,6.0,6.0,9800.0,7144.0,5.2628701482938185,0.0,0.2710204081632653,LONJAKAN_PENJUALAN,0.06055694095450259
2026-01-18,W1,Kantong sampah,Deterjen,5.0,5.0,8300.0,7052.0,7.325832465264643,0.0,0.15036144578313254,LONJAKAN_PENJUALAN,0.06057816647647174
2025-05-10,W2,Parfum Gatsby 100ml,Perawatan,4.0,5.0,24000.0,21200.0,6.179459060930359,0.0,0.11666666666666667,LONJAKAN_PENJUALAN,0.060637723620950434
2026-05-01,W5,Beras medium SPHP 5kg,Sembako,5.0,5.0,88500.0,71565.0,7.646821354646905,0.0,0.19135593220338984,LONJAKAN_PENJUALAN,0.06064540548910491
2026-07-04,W5,Daia sachet,Deterjen,6.0,6.0,2200.0,1935.0,6.605220255577963,0.0,0.12045454545454545,LONJAKAN_PENJUALAN,0.06066735676972612
2025-08-17,W1,Snack jagung Cheetos,Snack,8.0,10.0,3100.0,2300.0,5.932420165712851,0.0,0.25806451612903225,LONJAKAN_PENJUALAN,0.06069084577819783
2026-06-20,W3,Tepung terigu Segitiga Biru 1kg,Sembako,7.0,7.0,19500.0,17399.0,5.5694176758124385,0.0,0.10774358974358975,LONJAKAN_PENJUALAN,0.06069335425573863
2026-05-02,W1,Cuka 100ml,Bumbu,6.0,6.0,4600.0,4075.0,5.894036108994856,0.0,0.11413043478260869,LONJAKAN_PENJUALAN,0.0607498038270714
2026-02-28,W6,Dancow sachet,Sachet,7.0,7.0,3600.0,2950.0,4.842143195797588,0.0,0.18055555555555555,LONJAKAN_PENJUALAN,0.06082633896202305
2025-06-14,W6,Kacang sukro Garuda 80g,Snack,5.0,5.0,6100.0,4557.0,5.785512506570217,0.0,0.2529508196721311,LONJAKAN_PENJUALAN,0.06082719617844545
2025-04-21,W1,Kantong sampah,Deterjen,7.0,8.0,8000.0,6799.0,7.149828783622156,0.0,0.150125,LONJAKAN_PENJUALAN,0.06086137029418448
2025-08-23,W6,Es krim cup Wall's,Frozen,7.0,7.0,5100.0,4550.0,5.589453668527912,0.0,0.10784313725490197,LONJAKAN_PENJUALAN,0.06088124261950678
2025-05-25,W5,Minyak kayu putih Cap Lang 30ml (Obat),Obat,2.0,5.0,10500.0,8600.0,4.0852858455144165,0.0,0.18095238095238095,LONJAKAN_PENJUALAN,0.060991919200429456
2025-03-02,W6,Spons (kebersihan),Deterjen,4.0,10.0,2900.0,2455.0,7.023811836961163,0.0,0.15344827586206897,LONJAKAN_PENJUALAN,0.06109657077726194
2026-01-31,W3,Chocolatos sachet,Sachet,7.0,7.0,2200.0,1644.0,5.625090798298643,0.0,0.25272727272727274,LONJAKAN_PENJUALAN,0.06111028769476179
2025-06-21,W3,Wafer Tango 115g,Snack,5.0,5.0,7200.0,5302.0,5.632044461119788,0.0,0.26361111111111113,LONJAKAN_PENJUALAN,0.061168435739844984
2025-06-03,W6,Indomie Cup,Mi,5.0,5.0,6600.0,5781.0,6.843158461850064,0.0,0.12409090909090909,LONJAKAN_PENJUALAN,0.06125934907942787
2026-04-10,W6,Tisu basah Cussons,Tisu,6.0,6.0,9400.0,8177.0,6.60522025557796,0.0,0.1301063829787234,LONJAKAN_PENJUALAN,0.06131948752941907
2025-10-16,W1,Salonpas 10 pcs,Obat,3.0,7.0,15500.0,12800.0,7.943716755513934,0.0,0.17419354838709677,LONJAKAN_PENJUALAN,0.061342959029476396
2026-01-31,W2,Roma Kelapa 300g,Snack,18.0,18.0,9000.0,7044.0,6.71126998801608,0.0,0.21733333333333332,LONJAKAN_PENJUALAN,0.06137347421345507
2026-02-01,W2,Garam Dolphin 500g,Sembako,5.0,5.0,4000.0,3737.0,4.642739233516707,0.0,0.06575,LONJAKAN_PENJUALAN,0.0615290270099379
2026-07-14,W3,Kopi Good Day sachet,Sachet,14.0,14.0,2300.0,1702.0,5.660530478843354,0.0,0.26,LONJAKAN_PENJUALAN,0.06154035391142798
2026-07-11,W1,Kuaci Rebo 100g,Snack,7.0,7.0,7300.0,5680.0,6.2041840601907765,0.0,0.2219178082191781,LONJAKAN_PENJUALAN,0.061570573080603985
2025-04-26,W6,Oatmeal Quaker 35g,Mi,5.0,5.0,3400.0,3140.0,4.793151047367445,0.0,0.07647058823529412,LONJAKAN_PENJUALAN,0.06159217674206019
2026-05-17,W3,Surya 12 batang,Rokok,5.0,5.0,30000.0,27710.0,4.7906158268013925,0.0,0.07633333333333334,LONJAKAN_PENJUALAN,0.06159217674206019
2026-03-21,W4,Basreng 100g,Snack,3.0,29.0,7600.0,5600.0,5.753732498629255,0.0,0.2631578947368421,LONJAKAN_PENJUALAN,0.06165507253794511
2025-05-01,W1,Minyak kayu putih Cap Lang 30ml (Obat),Obat,4.0,5.0,10000.0,8279.0,8.115300863683869,0.0,0.1721,LONJAKAN_PENJUALAN,0.061658773060564664
2026-05-01,W6,Shampoo Clear sachet,Perawatan,6.0,6.0,1600.0,1350.0,7.71914627638376,0.0,0.15625,LONJAKAN_PENJUALAN,0.06166655842297997
2026-03-26,W5,Esse 16 batang,Rokok,7.0,7.0,39000.0,36820.0,4.422184334207948,0.0,0.0558974358974359,LONJAKAN_PENJUALAN,0.061669080888606564
2025-10-25,W5,Daia sachet,Deterjen,4.0,6.0,2100.0,1795.0,6.870296101552134,0.0,0.14523809523809525,LONJAKAN_PENJUALAN,0.061673759183018206
2025-12-01,W4,Rinso 800g,Deterjen,6.0,6.0,19000.0,16274.0,7.134180260563304,0.0,0.1434736842105263,LONJAKAN_PENJUALAN,0.061677105028676515
2026-05-02,W1,Garam Refina 500g,Sembako,5.0,6.0,5200.0,4681.0,5.428883151922479,0.0,0.0998076923076923,LONJAKAN_PENJUALAN,0.06168073030714105
2026-02-28,W3,Soklin sachet,Deterjen,4.0,6.0,2300.0,1844.0,4.737050180937355,0.0,0.19826086956521738,LONJAKAN_PENJUALAN,0.06172681672270308
2025-10-15,W1,Bayclin 500ml,Deterjen,5.0,5.0,8300.0,6890.0,7.859453441770699,0.0,0.16987951807228915,LONJAKAN_PENJUALAN,0.06174257660733817
2025-03-04,W2,Lem Fox 10g,ATK,6.0,7.0,2900.0,2100.0,5.182784372715076,0.0,0.27586206896551724,LONJAKAN_PENJUALAN,0.06175305828997413
2026-01-31,W4,Basreng 100g,Snack,18.0,18.0,7600.0,5606.0,4.499917697731178,0.0,0.2623684210526316,LONJAKAN_PENJUALAN,0.06181649028582603
2026-05-02,W6,Indomilk 190ml,Minuman,11.0,13.0,5100.0,4148.0,7.158049968477186,0.0,0.18666666666666668,LONJAKAN_PENJUALAN,0.06190307495395586
2025-12-08,W6,Djarum Super 12 batang,Rokok,4.0,4.0,23500.0,23575.0,2.9286631197822888,0.0,-0.0031914893617021275,JUAL_DI_BAWAH_HPP,0.06191587136709431
2025-10-23,W6,Penyedap Masako,Bumbu,7.0,7.0,1600.0,1358.0,7.04502327470791,0.0,0.15125,LONJAKAN_PENJUALAN,0.061921270979558685
2026-01-17,W5,Rinso sachet,Deterjen,8.0,8.0,2700.0,2198.0,7.169907501648586,0.0,0.18592592592592594,LONJAKAN_PENJUALAN,0.062044394059174945
2026-02-10,W6,Kacang kulit Garuda 100g,Snack,7.0,7.0,7200.0,5476.0,6.218271657343883,0.0,0.23944444444444443,LONJAKAN_PENJUALAN,0.06209012369850708
2026-01-31,W4,Roma Kelapa 300g,Snack,21.0,21.0,9300.0,7115.0,7.054686604480713,0.0,0.2349462365591398,LONJAKAN_PENJUALAN,0.06209815546320718
2025-06-01,W3,Pasta gigi Pepsodent 75g,Perawatan,4.0,5.0,7200.0,6050.0,7.597085907485467,0.0,0.1597222222222222,LONJAKAN_PENJUALAN,0.06210176928064359
2025-07-03,W3,Saus tomat ABC 135ml,Bumbu,4.0,11.0,7200.0,6072.0,7.85707044720442,0.0,0.15666666666666668,LONJAKAN_PENJUALAN,0.06211740447891112
2026-03-17,W1,Kaldu bubuk Royco 100g,Bumbu,7.0,7.0,6600.0,5689.0,6.218271657343885,0.0,0.13803030303030303,LONJAKAN_PENJUALAN,0.0621808545985173
2025-03-25,W2,Saus sambal sachet ABC,Bumbu,7.0,7.0,1500.0,1300.0,6.1983773620602705,0.0,0.13333333333333333,LONJAKAN_PENJUALAN,0.06222464529754235
2025-03-02,W2,Saus sambal sachet ABC,Bumbu,3.0,5.0,1500.0,1300.0,6.351196303353731,0.0,0.13333333333333333,LONJAKAN_PENJUALAN,0.06222464529754235
2025-09-06,W2,Sikat,Deterjen,7.0,8.0,7100.0,6140.0,6.186680361600174,0.0,0.1352112676056338,LONJAKAN_PENJUALAN,0.062283003799510905
2026-04-15,W5,Vitamin C CDR,Obat,4.0,5.0,3300.0,2512.0,6.723236681005132,0.0,0.2387878787878788,LONJAKAN_PENJUALAN,0.06228647844207602
2025-07-10,W2,Salonpas 10 pcs,Obat,9.0,9.0,14500.0,12317.0,7.0106597870208045,0.0,0.15055172413793103,LONJAKAN_PENJUALAN,0.06231837785940819
2025-10-23,W1,Penyedap Royco,Bumbu,6.0,6.0,1600.0,1397.0,6.339004224615005,0.0,0.126875,LONJAKAN_PENJUALAN,0.06232568470529487
2026-06-21,W1,Saus sambal ABC 135ml,Bumbu,6.0,6.0,8300.0,7105.0,6.8702961015521264,0.0,0.14397590361445783,LONJAKAN_PENJUALAN,0.06238363661730495
2025-04-19,W4,Saus sambal ABC 135ml,Bumbu,6.0,6.0,7000.0,6037.0,6.519991607118886,0.0,0.13757142857142857,LONJAKAN_PENJUALAN,0.062437569308505414
2026-01-31,W4,Mi goreng Sedaap,Mi,15.0,15.0,3700.0,3387.0,5.033330466442205,0.0,0.08459459459459459,LONJAKAN_PENJUALAN,0.062467064667343974
2025-08-10,W6,Sikat,Deterjen,4.0,7.0,7200.0,6296.0,6.221264215604976,0.0,0.12555555555555556,LONJAKAN_PENJUALAN,0.06276423490240046
2026-05-09,W6,Es krim Magnum,Frozen,8.0,8.0,16000.0,14314.0,5.480484858633796,0.0,0.105375,LONJAKAN_PENJUALAN,0.06277091248814581
2025-04-10,W3,Salonpas 10 pcs,Obat,3.0,5.0,15500.0,12267.0,6.986735671804191,0.0,0.20858064516129032,LONJAKAN_PENJUALAN,0.06284945411317633
2026-01-31,W6,Indomilk 190ml,Minuman,10.0,10.0,4900.0,4095.0,7.732122236857982,0.0,0.16428571428571428,LONJAKAN_PENJUALAN,0.06287203945223652
2025-08-16,W4,Mi kari ayam Indomie,Mi,18.0,18.0,3500.0,3254.0,4.689281151858964,0.0,0.07028571428571428,LONJAKAN_PENJUALAN,0.06299846240318574
2025-12-27,W3,Sabun batang Lux,Perawatan,6.0,6.0,4800.0,4043.0,7.855999423621548,0.0,0.15770833333333334,LONJAKAN_PENJUALAN,0.06307802671105356
2025-03-15,W6,Kopi Good Day sachet,Sachet,15.0,15.0,2000.0,1544.0,6.826516325728868,0.0,0.228,LONJAKAN_PENJUALAN,0.06311351571027413
2025-03-15,W3,Mi goreng Sarimi,Mi,6.0,6.0,3100.0,2700.0,6.176465654753083,0.0,0.12903225806451613,LONJAKAN_PENJUALAN,0.06312977686201138
2025-08-02,W4,FreshCare 10ml,Obat,4.0,5.0,12000.0,9891.0,7.64682135464687,0.0,0.17575,LONJAKAN_PENJUALAN,0.06313392397680162
2025-08-23,W4,Shampoo Clear sachet,Perawatan,8.0,8.0,1500.0,1350.0,5.369247408528511,0.0,0.1,LONJAKAN_PENJUALAN,0.06316125743724021
2025-05-18,W2,Mi soto Indomie,Mi,25.0,30.0,3400.0,3153.0,4.767501938113446,0.0,0.07264705882352941,LONJAKAN_PENJUALAN,0.06326582428521144
2026-05-25,W3,Rinso sachet,Deterjen,7.0,7.0,2900.0,2300.0,4.085285845514418,0.0,0.20689655172413793,LONJAKAN_PENJUALAN,0.06335522530117665
2026-05-03,W2,Molto sachet,Deterjen,5.0,5.0,2100.0,1850.0,4.092365826506263,0.0,0.11904761904761904,LONJAKAN_PENJUALAN,0.06339931019136202
2025-08-27,W6,Better,Snack,9.0,9.0,2500.0,1958.0,6.143822723615018,0.0,0.2168,LONJAKAN_PENJUALAN,0.06340919930356204
2026-02-13,W2,Saus tomat ABC 135ml,Bumbu,6.0,6.0,7700.0,6930.0,5.306957047447088,0.0,0.1,LONJAKAN_PENJUALAN,0.06358426817515572
2025-05-14,W4,Beras medium 1kg,Sembako,8.0,8.0,14500.0,13091.0,5.337068229062252,0.0,0.09717241379310344,LONJAKAN_PENJUALAN,0.06371262410492673
2026-02-08,W2,Mi jumbo Indomie,Mi,15.0,15.0,4800.0,4393.0,4.866843586749788,0.0,0.08479166666666667,LONJAKAN_PENJUALAN,0.06373664637010967
2025-08-28,W2,Oreo 119g,Snack,15.0,15.0,8100.0,6127.0,4.068165545409748,0.0,0.24358024691358024,LONJAKAN_PENJUALAN,0.06374380624858234
2025-12-15,W1,Makaroni pedas 100g,Snack,9.0,9.0,6400.0,4835.0,5.572065093631416,0.0,0.24453125,LONJAKAN_PENJUALAN,0.06376993371071538
2026-06-28,W3,Es krim Magnum,Frozen,5.0,6.0,17000.0,13962.0,7.465635558056279,0.0,0.1787058823529412,LONJAKAN_PENJUALAN,0.06394341299092865
2025-08-26,W3,Nutrisari sachet,Sachet,9.0,9.0,2100.0,1550.0,5.525106641018358,0.0,0.2619047619047619,LONJAKAN_PENJUALAN,0.06394385734207597
2026-01-17,W2,Shampoo Clear sachet,Perawatan,4.0,5.0,1600.0,1350.0,7.358668357794096,0.0,0.15625,LONJAKAN_PENJUALAN,0.06411543495500915
2025-11-02,W3,Aluminium foil,Plastik,3.0,5.0,11000.0,7600.0,4.187762365509362,0.0,0.3090909090909091,LONJAKAN_PENJUALAN,0.06413084511282618
2025-11-29,W2,Antangin sachet,Obat,5.0,5.0,3600.0,3000.0,7.646821354646984,0.0,0.16666666666666666,LONJAKAN_PENJUALAN,0.06418725991178653
2026-01-03,W1,Daia sachet,Deterjen,6.0,6.0,2100.0,1800.0,6.830226449795186,0.0,0.14285714285714285,LONJAKAN_PENJUALAN,0.06443702998652945
2025-08-06,W3,Astor,Snack,5.0,5.0,2700.0,1991.0,5.5170543044959945,0.0,0.2625925925925926,LONJAKAN_PENJUALAN,0.06455189875694711
2025-11-25,W3,Soklin sachet,Deterjen,8.0,8.0,2200.0,1801.0,7.169907501648583,0.0,0.18136363636363637,LONJAKAN_PENJUALAN,0.06455706214450141
2025-10-12,W2,Attack sachet,Deterjen,8.0,8.0,2500.0,2158.0,6.172438196417246,0.0,0.1368,LONJAKAN_PENJUALAN,0.06460275266467708
2025-05-28,W3,Good Day 250ml,Minuman,9.0,9.0,5200.0,4003.0,6.311379278997684,0.0,0.2301923076923077,LONJAKAN_PENJUALAN,0.0646262642946307
2025-04-06,W2,Pulpen Pilot,ATK,2.0,7.0,3900.0,2890.0,5.469937181171045,0.0,0.258974358974359,LONJAKAN_PENJUALAN,0.06464714901513757
2026-07-08,W5,Attack sachet,Deterjen,5.0,5.0,2800.0,2249.0,7.325832465264643,0.0,0.19678571428571429,LONJAKAN_PENJUALAN,0.06465614365294126
2026-01-31,W4,Keripik kentang Chitato 68g,Snack,19.0,19.0,13000.0,9797.0,5.474746545378727,0.0,0.2463846153846154,LONJAKAN_PENJUALAN,0.06467337139301776
2025-04-03,W2,Buku tulis Kiky,ATK,3.0,5.0,5800.0,4260.0,5.264453510327373,0.0,0.2655172413793103,LONJAKAN_PENJUALAN,0.06468387062214231
2026-06-01,W4,Balsem Geliga 20g,Obat,9.0,10.0,8300.0,6900.0,7.171371656006362,0.0,0.1686746987951807,LONJAKAN_PENJUALAN,0.06473330707533276
2026-01-04,W3,Kecap manis ABC 135ml,Bumbu,10.0,10.0,7100.0,5905.0,7.21605353163547,0.0,0.16830985915492958,LONJAKAN_PENJUALAN,0.06473330707533276
2025-03-31,W6,Kentang frozen 500g,Frozen,6.0,6.0,19500.0,16976.0,6.162267287282432,0.0,0.12943589743589742,LONJAKAN_PENJUALAN,0.06473960215258157
2025-03-31,W3,Kapas Selection,Tisu,5.0,5.0,5200.0,4050.0,6.057394949661109,0.0,0.22115384615384615,LONJAKAN_PENJUALAN,0.06476265143110327
2026-02-19,W6,Kecap manis Sedap 135ml,Bumbu,7.0,7.0,6200.0,5543.0,5.388766452915415,0.0,0.10596774193548388,LONJAKAN_PENJUALAN,0.06476390928915154
2025-06-13,W2,Minyak goreng Fortune 1L,Sembako,8.0,8.0,19500.0,18342.0,4.450421013912593,0.0,0.05938461538461538,LONJAKAN_PENJUALAN,0.06477537657971844
2025-04-28,W4,Oralit sachet,Obat,7.0,11.0,2000.0,1700.0,6.8559464563356505,0.0,0.15,LONJAKAN_PENJUALAN,0.06479417707310509
2026-02-17,W6,Spons (kebersihan),Deterjen,5.0,5.0,3100.0,2650.0,6.472552984241665,0.0,0.14516129032258066,LONJAKAN_PENJUALAN,0.06489752104290036
2025-12-26,W6,Terasi ABC 20g,Bumbu,7.0,7.0,3300.0,2946.0,5.462465669193971,0.0,0.10727272727272727,LONJAKAN_PENJUALAN,0.06490458326666715
2025-11-04,W6,Santan Kara 65ml,Sembako,13.0,13.0,4600.0,4252.0,4.701875480486343,0.0,0.07565217391304348,LONJAKAN_PENJUALAN,0.0649501836130717
2026-01-31,W2,Extra Joss,Minuman,16.0,16.0,2500.0,2059.0,7.402280248067134,0.0,0.1764,LONJAKAN_PENJUALAN,0.06503565105813913
2025-08-30,W6,Karbol 500ml,Deterjen,8.0,8.0,6900.0,6092.0,5.702594607146487,0.0,0.11710144927536231,LONJAKAN_PENJUALAN,0.06505518659281562
2025-05-02,W6,Mi ayam bawang Indomie,Mi,6.0,6.0,3400.0,3188.0,4.478115500968789,0.0,0.06235294117647059,LONJAKAN_PENJUALAN,0.06506537636259613
2025-08-16,W4,Saus sambal ABC 135ml,Bumbu,5.0,5.0,7300.0,6361.0,6.092556647687782,0.0,0.12863013698630138,LONJAKAN_PENJUALAN,0.06516154536523944
2026-03-31,W6,Nugget Fiesta 250g,Frozen,5.0,5.0,26500.0,23102.0,6.037383539249428,0.0,0.12822641509433963,LONJAKAN_PENJUALAN,0.06516154536523944
2025-08-02,W2,Saus tomat ABC 135ml,Bumbu,7.0,7.0,6800.0,6162.0,5.2173584110669555,0.0,0.09382352941176471,LONJAKAN_PENJUALAN,0.06516894884447721
2025-11-20,W6,Mi goreng Sarimi,Mi,6.0,6.0,3000.0,2716.0,5.215569880435812,0.0,0.09466666666666666,LONJAKAN_PENJUALAN,0.06516894884447721
2026-03-10,W6,Permen karet Big Babol,Snack,6.0,6.0,2100.0,1598.0,5.959099727745569,0.0,0.23904761904761904,LONJAKAN_PENJUALAN,0.06522002515365677
2025-11-14,W6,Pop Mie,Mi,5.0,5.0,6300.0,5655.0,5.299166805373166,0.0,0.10238095238095238,LONJAKAN_PENJUALAN,0.06528936889526227
2026-06-29,W1,Tepung beras Rose Brand 500g,Sembako,5.0,5.0,11500.0,10322.0,5.299166805373168,0.0,0.10243478260869565,LONJAKAN_PENJUALAN,0.06528936889526227
2025-08-24,W3,Wafer Tango 115g,Snack,5.0,5.0,7200.0,5397.0,5.299166805373163,0.0,0.2504166666666667,LONJAKAN_PENJUALAN,0.06531072653141645
2026-02-08,W4,Nugget Fiesta 250g,Frozen,5.0,7.0,27000.0,23080.0,6.387927127265448,0.0,0.1451851851851852,LONJAKAN_PENJUALAN,0.0653193574459352
2026-07-05,W6,Sabun batang Lux,Perawatan,6.0,6.0,4600.0,4050.0,5.88090021227328,0.0,0.11956521739130435,LONJAKAN_PENJUALAN,0.06533210480113583
2025-12-18,W2,Terasi ABC 20g,Bumbu,7.0,7.0,3200.0,2795.0,6.143822723614988,0.0,0.1265625,LONJAKAN_PENJUALAN,0.06533519182185155
2026-02-08,W3,Djarum Super 16 batang,Rokok,6.0,6.0,37500.0,32916.0,5.9178195507546665,0.0,0.12224,LONJAKAN_PENJUALAN,0.06537041892502882
2025-09-18,W5,Shampoo Sunsilk sachet,Perawatan,7.0,7.0,1600.0,1358.0,6.468565281596111,0.0,0.15125,LONJAKAN_PENJUALAN,0.06538326817771101
2025-07-24,W3,Pembalut Charm,Tisu,2.0,5.0,11000.0,8400.0,6.780591057890134,0.0,0.23636363636363636,LONJAKAN_PENJUALAN,0.0654902379120037
2025-09-26,W1,Karbol 500ml,Deterjen,6.0,6.0,7300.0,6192.0,6.185788159586417,0.0,0.15178082191780823,LONJAKAN_PENJUALAN,0.06552380248772738
2025-07-15,W2,LPG 3kg,LPG,4.0,5.0,20500.0,19342.0,4.295974383833498,0.0,0.05648780487804878,LONJAKAN_PENJUALAN,0.065545725410874
2025-02-28,W6,Makaroni 200g,Mi,5.0,5.0,6900.0,6050.0,6.092556647687792,0.0,0.12318840579710146,LONJAKAN_PENJUALAN,0.0656489483397874
2026-01-17,W3,Teh Tong Tji sachet,Sachet,9.0,9.0,1100.0,850.0,6.123370374220764,0.0,0.22727272727272727,LONJAKAN_PENJUALAN,0.06567662181335909
2026-05-30,W6,Indomie Cup,Mi,7.0,7.0,6800.0,6194.0,4.955787529882742,0.0,0.08911764705882352,LONJAKAN_PENJUALAN,0.06573858459855275
2026-03-31,W3,Bihun Rose Brand 320g,Mi,6.0,6.0,8500.0,7562.0,5.411659291102709,0.0,0.11035294117647058,LONJAKAN_PENJUALAN,0.06574312764109091
2026-06-02,W2,Minyak goreng Fortune 1L,Sembako,5.0,5.0,25500.0,23903.0,4.422184334207962,0.0,0.06262745098039216,LONJAKAN_PENJUALAN,0.06576808934128464
2026-04-25,W3,Indomie Cup,Mi,6.0,6.0,7000.0,5930.0,6.201192978279048,0.0,0.15285714285714286,LONJAKAN_PENJUALAN,0.0657867843606128
2026-04-13,W5,Garam Dolphin 500g,Sembako,5.0,5.0,4800.0,4266.0,5.434311918885962,0.0,0.11125,LONJAKAN_PENJUALAN,0.06582926353360596
2025-08-17,W1,Mi goreng Indomie,Mi,13.0,13.0,3700.0,3210.0,5.865908407155658,0.0,0.13243243243243244,LONJAKAN_PENJUALAN,0.06584668274438132
2025-07-13,W6,Sabun cair Lifebuoy 250ml,Perawatan,7.0,7.0,12500.0,10707.0,6.2029477758661455,0.0,0.14344,LONJAKAN_PENJUALAN,0.06588468558726468
2025-10-18,W6,Tisu Paseo,Tisu,5.0,8.0,8100.0,6936.0,6.331128811714495,0.0,0.1437037037037037,LONJAKAN_PENJUALAN,0.06588468558726468
2026-02-01,W6,Cuka 100ml,Bumbu,8.0,8.0,4500.0,3913.0,5.986159151115864,0.0,0.13044444444444445,LONJAKAN_PENJUALAN,0.06599012658705716
2025-07-10,W1,Garam Refina 500g,Sembako,5.0,5.0,4000.0,3723.0,4.579935201682757,0.0,0.06925,LONJAKAN_PENJUALAN,0.0659937208214263
2026-07-09,W5,Karbol 500ml,Deterjen,5.0,5.0,7700.0,6592.0,6.2484408899970685,0.0,0.14389610389610388,LONJAKAN_PENJUALAN,0.06602510682597951
2026-04-27,W3,Mama Lemon 400ml,Deterjen,3.0,7.0,8500.0,7054.0,7.304939367043419,0.0,0.17011764705882354,LONJAKAN_PENJUALAN,0.06606972418027279
2025-06-20,W3,Pembalut Charm,Tisu,4.0,5.0,11000.0,8650.0,6.179459060930358,0.0,0.21363636363636362,LONJAKAN_PENJUALAN,0.06611510132309217
2025-08-25,W4,Mi goreng Indomie,Mi,45.0,45.0,3700.0,3212.0,5.973096776733257,0.0,0.1318918918918919,LONJAKAN_PENJUALAN,0.06612751069395584
2025-04-01,W3,Beras medium SPHP 5kg,Sembako,5.0,5.0,67000.0,60174.0,5.246015315620926,0.0,0.10188059701492537,LONJAKAN_PENJUALAN,0.06613222650992545
2025-03-09,W2,Spons (kebersihan),Deterjen,5.0,5.0,2900.0,2547.0,5.785512506570216,0.0,0.12172413793103448,LONJAKAN_PENJUALAN,0.06619566630003526
2026-05-24,W5,Gula pasir Rose Brand 1kg,Sembako,6.0,6.0,25000.0,21980.0,5.657567013843428,0.0,0.1208,LONJAKAN_PENJUALAN,0.06619566630003526
2025-11-29,W2,Daia sachet,Deterjen,5.0,5.0,2000.0,1759.0,5.785512506570214,0.0,0.1205,LONJAKAN_PENJUALAN,0.06619566630003526
2025-07-12,W3,Milo sachet,Sachet,6.0,6.0,3800.0,2858.0,5.4048919640319495,0.0,0.24789473684210525,LONJAKAN_PENJUALAN,0.06623938071841295
2025-12-28,W6,Plastik kresek kecil,Plastik,5.0,5.0,5100.0,3754.0,5.337626789150753,0.0,0.263921568627451,LONJAKAN_PENJUALAN,0.06624266168816795
2025-10-16,W2,Lem Fox 10g,ATK,5.0,5.0,3000.0,2200.0,5.147395478702214,0.0,0.26666666666666666,LONJAKAN_PENJUALAN,0.06629110928463988
2026-01-01,W2,Tepung terigu Segitiga Biru 1kg,Sembako,5.0,6.0,16500.0,15667.0,4.242750484888149,0.0,0.05048484848484849,LONJAKAN_PENJUALAN,0.06641635528031664
2026-04-28,W1,Minyak kayu putih Cap Lang 30ml (Obat),Obat,3.0,6.0,10500.0,8550.0,6.282254324400347,0.0,0.18571428571428572,LONJAKAN_PENJUALAN,0.0664705963959783
2026-05-17,W2,Spidol Snowman,ATK,5.0,5.0,5200.0,3750.0,4.875627049973659,0.0,0.27884615384615385,LONJAKAN_PENJUALAN,0.06648644692304895
2025-09-01,W4,Sunlight sachet,Deterjen,9.0,9.0,2000.0,1701.0,6.263110567471304,0.0,0.1495,LONJAKAN_PENJUALAN,0.06652165443235802
2026-04-16,W4,Ultra Milk 250ml,Minuman,34.0,34.0,5700.0,4650.0,6.2966932184230195,0.0,0.18421052631578946,LONJAKAN_PENJUALAN,0.06655657036471918
2025-06-01,W2,Minyak goreng Fortune 1L,Sembako,6.0,6.0,19500.0,18520.0,4.169279949177841,0.0,0.050256410256410255,LONJAKAN_PENJUALAN,0.06655665662573884
2025-09-05,W4,Teh Sariwangi 25 kantong,Sachet,3.0,13.0,8300.0,6459.0,5.7879925745545515,0.0,0.22180722891566265,LONJAKAN_PENJUALAN,0.06655682315200295
2026-04-11,W6,Indomie Cup,Mi,5.0,5.0,6800.0,6171.0,5.102520385624565,0.0,0.0925,LONJAKAN_PENJUALAN,0.06659180707686718
2026-03-13,W3,Kaldu bubuk Royco 100g,Bumbu,9.0,9.0,6800.0,5544.0,6.270058720908146,0.0,0.18470588235294116,LONJAKAN_PENJUALAN,0.06661088550984762
2025-08-29,W4,Roma Kelapa 300g,Snack,21.0,21.0,9300.0,6912.0,4.216911525090182,0.0,0.2567741935483871,LONJAKAN_PENJUALAN,0.0666140859942409
2026-04-14,W6,Garam Refina 500g,Sembako,9.0,9.0,5200.0,4826.0,4.648216929848721,0.0,0.07192307692307692,LONJAKAN_PENJUALAN,0.06661486755994217
2025-03-08,W6,Merica bubuk Ladaku,Bumbu,6.0,6.0,1500.0,1300.0,5.877793220181999,0.0,0.13333333333333333,LONJAKAN_PENJUALAN,0.06663889065160422
2025-03-08,W6,Penyedap Masako,Bumbu,7.0,9.0,1500.0,1300.0,5.999999999999999,0.0,0.13333333333333333,LONJAKAN_PENJUALAN,0.06663889065160422
2025-08-23,W1,Shampoo Pantene sachet,Perawatan,5.0,5.0,1500.0,1300.0,5.861842379698507,0.0,0.13333333333333333,LONJAKAN_PENJUALAN,0.06663889065160422
2026-01-18,W6,Kopi Torabika sachet,Sachet,11.0,11.0,2200.0,1698.0,5.877686325452527,0.0,0.22818181818181818,LONJAKAN_PENJUALAN,0.06665923397102802
2025-08-02,W2,Pomade Gatsby 80g,Perawatan,4.0,6.0,20500.0,17853.0,5.657725003634308,0.0,0.1291219512195122,LONJAKAN_PENJUALAN,0.06668542445044578
2026-02-21,W1,Sikat,Deterjen,5.0,5.0,7300.0,6366.0,5.820173877396933,0.0,0.12794520547945207,LONJAKAN_PENJUALAN,0.06668542445044578
2026-04-19,W6,Kuaci Rebo 100g,Snack,5.0,5.0,7500.0,5651.0,5.364356046113426,0.0,0.24653333333333333,LONJAKAN_PENJUALAN,0.06670617638823861
2025-08-17,W6,Body lotion Citra 100ml,Perawatan,6.0,6.0,9800.0,8751.0,5.275745900211026,0.0,0.10704081632653062,LONJAKAN_PENJUALAN,0.06679833221441356
2026-02-01,W1,Coca-Cola 390ml,Minuman,11.0,11.0,6200.0,4999.0,6.372481014935578,0.0,0.19370967741935483,LONJAKAN_PENJUALAN,0.06691417990892712
2025-09-05,W6,Mi goreng Sarimi,Mi,6.0,6.0,3000.0,2693.0,5.22586194110818,0.0,0.10233333333333333,LONJAKAN_PENJUALAN,0.06697394436405368
2025-06-30,W2,Sosis So Nice,Frozen,9.0,9.0,15000.0,12936.0,5.917201229926191,0.0,0.1376,LONJAKAN_PENJUALAN,0.06713068944922151
2026-03-01,W3,Bubur instan 50g,Mi,5.0,5.0,5400.0,4655.0,5.820173877396937,0.0,0.13796296296296295,LONJAKAN_PENJUALAN,0.0671354718744277
2025-04-21,W3,Bihun Rose Brand 320g,Mi,6.0,6.0,8200.0,7066.0,5.682712821824452,0.0,0.13829268292682928,LONJAKAN_PENJUALAN,0.0671354718744277
2025-11-18,W3,Basreng 100g,Snack,5.0,5.0,7500.0,5429.0,4.875627049973655,0.0,0.27613333333333334,LONJAKAN_PENJUALAN,0.06713731678822998
2026-05-28,W6,Permen karet Big Babol,Snack,8.0,8.0,2100.0,1609.0,6.097765530972727,0.0,0.2338095238095238,LONJAKAN_PENJUALAN,0.0671464521471874
2025-09-26,W6,Sabun batang Nuvo,Perawatan,5.0,5.0,3600.0,3150.0,5.861842379698509,0.0,0.125,LONJAKAN_PENJUALAN,0.06717200132441647
2026-07-03,W1,Shampoo Pantene sachet,Perawatan,5.0,5.0,1600.0,1400.0,5.861842379698509,0.0,0.125,LONJAKAN_PENJUALAN,0.06717200132441647
2026-06-23,W3,Pembalut Charm,Tisu,5.0,5.0,11500.0,9244.0,6.614715737332506,0.0,0.19617391304347825,LONJAKAN_PENJUALAN,0.06723604227450408
2025-05-05,W6,Mi kari ayam Indomie,Mi,5.0,5.0,3400.0,3180.0,4.403995202673787,0.0,0.06470588235294118,LONJAKAN_PENJUALAN,0.0672752508048684
2025-09-08,W2,Penyedap Royco,Bumbu,5.0,5.0,1600.0,1397.0,5.7855125065702175,0.0,0.126875,LONJAKAN_PENJUALAN,0.06727915643235838
2025-07-26,W3,Mi goreng Sedaap,Mi,6.0,6.0,3600.0,3152.0,5.959099727745574,0.0,0.12444444444444444,LONJAKAN_PENJUALAN,0.06728638868820602
2025-09-21,W1,Mi goreng Sarimi,Mi,7.0,7.0,3100.0,2717.0,5.773626013859508,0.0,0.1235483870967742,LONJAKAN_PENJUALAN,0.06731176705971054
2025-08-16,W4,Deodoran Rexona sachet,Perawatan,7.0,8.0,4000.0,3499.0,6.022979012259191,0.0,0.12525,LONJAKAN_PENJUALAN,0.06731213226913035
2025-12-30,W1,Penyedap Masako,Bumbu,5.0,5.0,1700.0,1487.0,5.861842379698505,0.0,0.12529411764705883,LONJAKAN_PENJUALAN,0.06731213226913035
2026-04-12,W6,Soklin sachet,Deterjen,2.0,7.0,2200.0,1895.0,5.799747032161455,0.0,0.13863636363636364,LONJAKAN_PENJUALAN,0.06732143252196832
2026-05-23,W1,Penyedap Masako,Bumbu,8.0,8.0,1800.0,1550.0,5.725881092523165,0.0,0.1388888888888889,LONJAKAN_PENJUALAN,0.06732143252196832
2026-02-01,W4,Pocari Sweat 350ml,Minuman,3.0,17.0,7300.0,5925.0,6.237929520753092,0.0,0.18835616438356165,LONJAKAN_PENJUALAN,0.06733003590511732
2025-04-13,W1,Sikat gigi Formula,Perawatan,5.0,5.0,7000.0,6058.0,5.785512506570216,0.0,0.13457142857142856,LONJAKAN_PENJUALAN,0.06733542304846407
2025-04-04,W4,Rinso 800g,Deterjen,6.0,6.0,18000.0,15171.0,6.983735131788539,0.0,0.15716666666666668,LONJAKAN_PENJUALAN,0.06736205645124582
2026-03-10,W5,Cornetto,Frozen,5.0,5.0,13000.0,10947.0,6.9829724875517565,0.0,0.15792307692307692,LONJAKAN_PENJUALAN,0.0674323033934694
2026-05-27,W1,Garam Dolphin 500g,Sembako,6.0,6.0,4600.0,4201.0,4.792997909342045,0.0,0.08673913043478261,LONJAKAN_PENJUALAN,0.06744477153841477
2025-05-22,W6,Sikat gigi Formula,Perawatan,4.0,6.0,6900.0,6100.0,5.414748200008756,0.0,0.11594202898550725,LONJAKAN_PENJUALAN,0.06749556970173021
2025-05-08,W1,Oatmeal Quaker 35g,Mi,8.0,8.0,3500.0,3199.0,4.794652473552241,0.0,0.086,LONJAKAN_PENJUALAN,0.0675645307031234
2025-03-02,W1,Mi goreng Sedaap,Mi,12.0,12.0,3500.0,3106.0,5.303300858899106,0.0,0.11257142857142857,LONJAKAN_PENJUALAN,0.06757717679058439
2025-03-17,W6,Soklin sachet,Deterjen,5.0,6.0,2000.0,1745.0,5.657725003634304,0.0,0.1275,LONJAKAN_PENJUALAN,0.06763385191596638
2025-04-02,W4,Kecap manis ABC 135ml,Bumbu,5.0,7.0,6000.0,5190.0,5.810926073071131,0.0,0.135,LONJAKAN_PENJUALAN,0.0676570673209923
2026-01-25,W2,Cuka 100ml,Bumbu,5.0,5.0,4400.0,3850.0,5.722157172497703,0.0,0.125,LONJAKAN_PENJUALAN,0.06771156398873224
2025-08-31,W5,Mi ayam bawang Indomie,Mi,9.0,9.0,3600.0,3240.0,5.0759198374854,0.0,0.1,LONJAKAN_PENJUALAN,0.06773515650042694
2025-03-11,W6,Gelas plastik,Plastik,5.0,5.0,7800.0,5808.0,5.281498167179536,0.0,0.2553846153846154,LONJAKAN_PENJUALAN,0.06777988093324638
2025-09-24,W5,Wafer Tango 115g,Snack,7.0,7.0,7400.0,5352.0,4.843800781931229,0.0,0.27675675675675676,LONJAKAN_PENJUALAN,0.06783769467284717
2026-02-13,W4,Shampoo Clear sachet,Perawatan,8.0,8.0,1600.0,1399.0,5.748334356446265,0.0,0.125625,LONJAKAN_PENJUALAN,0.06785424653946504
2026-03-18,W3,Saus tiram Saori 133ml,Bumbu,11.0,11.0,9300.0,7950.0,6.134124749107496,0.0,0.14516129032258066,LONJAKAN_PENJUALAN,0.06817457354499312
2025-03-17,W6,Chocolatos sachet,Sachet,9.0,9.0,2000.0,1559.0,5.785550331046705,0.0,0.2205,LONJAKAN_PENJUALAN,0.06823993341878531
2026-05-17,W1,Permen Relaxa,Snack,8.0,12.0,7300.0,5592.0,5.992196855724997,0.0,0.23397260273972603,LONJAKAN_PENJUALAN,0.06826666135897574
2025-12-20,W5,Sunlight 400ml,Deterjen,5.0,5.0,9500.0,8031.0,6.179459060930354,0.0,0.15463157894736843,LONJAKAN_PENJUALAN,0.06847918566539135
2025-06-01,W5,Djarum Super 16 batang,Rokok,9.0,9.0,32500.0,30579.0,4.271253142991394,0.0,0.059107692307692306,LONJAKAN_PENJUALAN,0.06848953272018887
2025-07-18,W1,Kantong sampah,Deterjen,6.0,6.0,8300.0,7041.0,6.166446066585562,0.0,0.15168674698795181,LONJAKAN_PENJUALAN,0.06851794098324282
2025-05-24,W4,Korek gas,Rokok,6.0,6.0,2000.0,1900.0,4.056484823640289,0.0,0.05,LONJAKAN_PENJUALAN,0.06857297958545105
2026-03-23,W2,Shampoo Sunsilk sachet,Perawatan,0.0,8.0,1600.0,1350.0,6.514109305567154,0.0,0.15625,LONJAKAN_PENJUALAN,0.06858741691750758
2025-03-14,W5,Gula pasir Rose Brand 1kg,Sembako,8.0,8.0,19000.0,17090.0,5.16007163571537,0.0,0.10052631578947369,LONJAKAN_PENJUALAN,0.06865358302395741
2025-03-01,W2,Buku tulis Kiky,ATK,5.0,5.0,5800.0,4260.0,5.201234235581543,0.0,0.2655172413793103,LONJAKAN_PENJUALAN,0.06866814197755977
2025-08-26,W6,Minyak goreng Fortune 1L,Sembako,8.0,9.0,20500.0,18971.0,4.621973319117861,0.0,0.07458536585365853,LONJAKAN_PENJUALAN,0.06880420872550252
2026-03-11,W1,Korek kayu,Rokok,8.0,8.0,2300.0,2155.0,4.324444435084245,0.0,0.06304347826086956,LONJAKAN_PENJUALAN,0.06882711883966097
2026-02-26,W3,Good Day 250ml,Minuman,5.0,5.0,5600.0,4296.0,5.858449331643023,0.0,0.23285714285714285,LONJAKAN_PENJUALAN,0.06893595009784093
2025-12-07,W6,Nescafe 220ml,Minuman,7.0,7.0,6100.0,4996.0,6.6899711722633395,0.0,0.18098360655737705,LONJAKAN_PENJUALAN,0.0689655137423919
2025-10-31,W5,Makaroni 200g,Mi,6.0,6.0,7400.0,6572.0,5.225861941108173,0.0,0.11189189189189189,LONJAKAN_PENJUALAN,0.06897615233505883
2025-04-17,W4,Buku tulis Kiky,ATK,4.0,5.0,6000.0,4300.0,4.754355487749744,0.0,0.2833333333333333,LONJAKAN_PENJUALAN,0.06900628949825971
2025-03-07,W3,Kecap manis ABC 135ml,Bumbu,10.0,10.0,6200.0,5153.0,6.3639610306789285,0.0,0.1688709677419355,LONJAKAN_PENJUALAN,0.06906115937599167
2025-10-26,W3,Karbol 500ml,Deterjen,7.0,7.0,7500.0,6154.0,6.431253026474197,0.0,0.17946666666666666,LONJAKAN_PENJUALAN,0.06911478338736787
2026-02-06,W2,Paracetamol Sanmol strip,Obat,5.0,5.0,4100.0,3496.0,6.363961030678928,0.0,0.1473170731707317,LONJAKAN_PENJUALAN,0.0691595596426191
2025-08-26,W2,Mi jumbo Indomie,Mi,17.0,17.0,4600.0,4198.0,4.7599647132131215,0.0,0.08739130434782609,LONJAKAN_PENJUALAN,0.06941222235836042
2026-04-09,W1,Tempura 250g,Frozen,8.0,8.0,16000.0,13753.0,5.600291034268512,0.0,0.1404375,LONJAKAN_PENJUALAN,0.06946800690754873
2025-10-12,W5,Kaldu bubuk Royco 100g,Bumbu,9.0,9.0,5800.0,4857.0,6.277853654178906,0.0,0.16258620689655173,LONJAKAN_PENJUALAN,0.06949710570359646
2025-07-24,W4,Spons (kebersihan),Deterjen,7.0,7.0,3100.0,2595.0,6.425501197343722,0.0,0.1629032258064516,LONJAKAN_PENJUALAN,0.06950040979587013
2025-03-09,W2,Sprite 390ml,Minuman,21.0,30.0,5800.0,4838.0,6.766118737496721,0.0,0.16586206896551725,LONJAKAN_PENJUALAN,0.06950040979587013
2025-09-26,W5,Pasta gigi Sensodyne 40g,Perawatan,5.0,5.0,21500.0,17975.0,6.624629369686607,0.0,0.16395348837209303,LONJAKAN_PENJUALAN,0.06950040979587013
2026-01-31,W5,Teh Botol Sosro 350ml,Minuman,10.0,10.0,5300.0,4212.0,5.574996156111877,0.0,0.20528301886792452,LONJAKAN_PENJUALAN,0.06950073942769064
2025-02-28,W1,Saus sambal ABC 135ml,Bumbu,6.0,6.0,7000.0,5950.0,6.1622672872824324,0.0,0.15,LONJAKAN_PENJUALAN,0.06951099772974911
2025-03-17,W6,Tepung beras Rose Brand 500g,Sembako,6.0,6.0,8300.0,7850.0,4.220603281936371,0.0,0.05421686746987952,LONJAKAN_PENJUALAN,0.0696106243942497
2025-04-26,W6,Gula pasir Gulaku 1kg,Sembako,9.0,9.0,18500.0,17450.0,4.222434032576909,0.0,0.05675675675675676,LONJAKAN_PENJUALAN,0.06991539068270414
2025-08-31,W2,Kratingdaeng 150ml,Minuman,13.0,35.0,7800.0,6540.0,6.232139314838876,0.0,0.16153846153846155,LONJAKAN_PENJUALAN,0.06996021823129683
2026-03-17,W2,Molto sachet,Deterjen,5.0,5.0,2000.0,1843.0,4.580729495044095,0.0,0.0785,LONJAKAN_PENJUALAN,0.06996235978180576
2026-06-27,W1,Beras medium 1kg,Sembako,7.0,7.0,19000.0,17497.0,4.574680354782403,0.0,0.07910526315789473,LONJAKAN_PENJUALAN,0.06996235978180576
2025-03-09,W5,Mi kari ayam Indomie,Mi,12.0,12.0,3600.0,3092.0,5.634600788066755,0.0,0.1411111111111111,LONJAKAN_PENJUALAN,0.06998010835838364
2025-09-06,W1,Astor,Snack,11.0,11.0,2600.0,2000.0,5.701573160798398,0.0,0.23076923076923078,LONJAKAN_PENJUALAN,0.07002757299283557
2026-04-01,W3,Djarum Super 16 batang,Rokok,5.0,5.0,37500.0,34706.0,4.579935201682761,0.0,0.07450666666666667,LONJAKAN_PENJUALAN,0.0700898701623962
2026-05-03,W6,Basreng 100g,Snack,7.0,7.0,7200.0,5704.0,5.81092607307113,0.0,0.20777777777777778,LONJAKAN_PENJUALAN,0.07009764726535339
2025-10-22,W1,Balsem Geliga 20g,Obat,5.0,5.0,8300.0,6844.0,6.472552984241657,0.0,0.17542168674698796,LONJAKAN_PENJUALAN,0.0701178125524522
2025-09-11,W6,Keripik kentang Chitato 68g,Snack,8.0,8.0,12500.0,9258.0,5.22003136521238,0.0,0.25936,LONJAKAN_PENJUALAN,0.07013022249135026
2025-11-20,W3,Mi jumbo Indomie,Mi,5.0,5.0,4800.0,4186.0,5.539132224115126,0.0,0.12791666666666668,LONJAKAN_PENJUALAN,0.0701395051345648
2025-04-07,W5,Saus tiram Saori 133ml,Bumbu,9.0,9.0,8200.0,6868.0,6.343026891617538,0.0,0.1624390243902439,LONJAKAN_PENJUALAN,0.07016167655456951
2026-05-02,W4,Soklin sachet,Deterjen,6.0,6.0,2200.0,1850.0,6.201192978279046,0.0,0.1590909090909091,LONJAKAN_PENJUALAN,0.07022397348148579
2026-06-10,W1,Kantong sampah,Deterjen,5.0,5.0,8600.0,7292.0,5.637695756723501,0.0,0.15209302325581395,LONJAKAN_PENJUALAN,0.07023787671478343
2026-02-07,W6,Gula pasir Rose Brand 1kg,Sembako,8.0,8.0,22000.0,20147.0,4.67867983456611,0.0,0.08422727272727273,LONJAKAN_PENJUALAN,0.07024043272217761
2025-12-17,W3,Shampoo Sunsilk sachet,Perawatan,5.0,5.0,1600.0,1350.0,6.179459060930357,0.0,0.15625,LONJAKAN_PENJUALAN,0.07025359184483515
2026-05-09,W1,Makaroni 200g,Mi,8.0,8.0,7300.0,6501.0,5.110711336621548,0.0,0.10945205479452055,LONJAKAN_PENJUALAN,0.07025515803853977
2025-03-11,W3,Oatmeal Quaker 35g,Mi,5.0,5.0,3600.0,3050.0,5.785512506570216,0.0,0.1527777777777778,LONJAKAN_PENJUALAN,0.0702848357309771
2025-09-28,W3,Tempura 250g,Frozen,5.0,5.0,16500.0,13360.0,6.162631092157151,0.0,0.1903030303030303,LONJAKAN_PENJUALAN,0.07030261212708344
2025-09-29,W4,Buku tulis Sinar Dunia,ATK,5.0,5.0,4000.0,2808.0,4.538717076037053,0.0,0.298,LONJAKAN_PENJUALAN,0.07030942360018289
2026-04-26,W6,Snack jagung Cheetos,Snack,5.0,5.0,3100.0,2440.0,5.722157172497686,0.0,0.2129032258064516,LONJAKAN_PENJUALAN,0.07034935820799859
2025-05-16,W3,Sampoerna Mild 16 batang,Rokok,5.0,5.0,35000.0,31882.0,4.754355487749744,0.0,0.08908571428571428,LONJAKAN_PENJUALAN,0.07037131472923996
2026-01-27,W4,Teh Sariwangi 25 kantong,Sachet,11.0,11.0,8300.0,6570.0,5.775904960357055,0.0,0.20843373493975903,LONJAKAN_PENJUALAN,0.07040562975592324
2026-03-22,W6,Kukubima sachet,Minuman,1.0,10.0,2500.0,2098.0,6.23151296955038,0.0,0.1608,LONJAKAN_PENJUALAN,0.07042422305973928
2025-12-13,W6,Super Pell 450ml,Deterjen,2.0,5.0,8100.0,6872.0,5.671134340313456,0.0,0.15160493827160493,LONJAKAN_PENJUALAN,0.07045197836837402
2025-09-25,W3,Attack sachet,Deterjen,6.0,6.0,2700.0,2200.0,5.900060532377126,0.0,0.18518518518518517,LONJAKAN_PENJUALAN,0.070496001343611
2026-02-17,W5,Tempura 250g,Frozen,5.0,5.0,17000.0,14102.0,6.723236681005132,0.0,0.17047058823529412,LONJAKAN_PENJUALAN,0.0705070329950035
2026-04-06,W1,Cornetto,Frozen,4.0,6.0,13000.0,11142.0,5.925006222242702,0.0,0.14292307692307693,LONJAKAN_PENJUALAN,0.07055196883571557
2025-06-07,W3,Mama Lemon 400ml,Deterjen,3.0,7.0,8200.0,6800.0,6.195676972061331,0.0,0.17073170731707318,LONJAKAN_PENJUALAN,0.07071758588004595
2026-02-05,W6,Makaroni 200g,Mi,8.0,8.0,7200.0,6535.0,4.906984311609055,0.0,0.09236111111111112,LONJAKAN_PENJUALAN,0.07072695482773272
2025-10-23,W5,LPG 3kg,LPG,5.0,5.0,21500.0,19496.0,4.907477288111819,0.0,0.09320930232558139,LONJAKAN_PENJUALAN,0.07072695482773272
2025-10-16,W2,Pulpen Pilot,ATK,4.0,7.0,4100.0,3000.0,4.923484582620199,0.0,0.2682926829268293,LONJAKAN_PENJUALAN,0.07076908226202172
2025-07-21,W3,Sosis So Nice,Frozen,5.0,7.0,16000.0,13211.0,6.195676972061329,0.0,0.1743125,LONJAKAN_PENJUALAN,0.0707812579525735
2025-04-26,W6,Frestea 350ml,Minuman,10.0,10.0,3900.0,3250.0,6.614361122778319,0.0,0.16666666666666666,LONJAKAN_PENJUALAN,0.07080169774289247
2025-10-28,W5,Shampoo H&S sachet,Perawatan,2.0,5.0,2100.0,1750.0,6.614715737332499,0.0,0.16666666666666666,LONJAKAN_PENJUALAN,0.07080169774289247
2025-11-16,W4,Indomilk 190ml,Minuman,18.0,27.0,5200.0,4102.0,5.570169502370503,0.0,0.21115384615384616,LONJAKAN_PENJUALAN,0.07086710601795387
2025-12-02,W5,Attack sachet,Deterjen,5.0,5.0,2700.0,2192.0,5.861842379698507,0.0,0.18814814814814815,LONJAKAN_PENJUALAN,0.07095278878458511
2026-05-03,W5,Coca-Cola 390ml,Minuman,13.0,13.0,6500.0,5200.0,5.71482490155129,0.0,0.2,LONJAKAN_PENJUALAN,0.07101705244126277
2026-03-01,W6,Sunlight sachet,Deterjen,10.0,10.0,2100.0,1800.0,5.72766588079152,0.0,0.14285714285714285,LONJAKAN_PENJUALAN,0.07108859673490986
2025-05-19,W3,Tisu Paseo,Tisu,2.0,5.0,8200.0,6650.0,5.861842379698509,0.0,0.18902439024390244,LONJAKAN_PENJUALAN,0.07115934743347441
2026-04-14,W5,Pop Mie,Mi,10.0,10.0,6500.0,5759.0,5.14553501710414,0.0,0.114,LONJAKAN_PENJUALAN,0.07125105288161715
2025-12-30,W3,Minyakita 1L,Sembako,7.0,7.0,20500.0,18583.0,4.923484582620203,0.0,0.09351219512195122,LONJAKAN_PENJUALAN,0.07128408350402038
2026-02-01,W3,Oreo 119g,Snack,6.0,6.0,8500.0,6455.0,5.389168769698023,0.0,0.24058823529411766,LONJAKAN_PENJUALAN,0.07130635755292791
2026-03-23,W6,Cuka 100ml,Bumbu,9.0,9.0,4500.0,4001.0,5.108543598969342,0.0,0.11088888888888888,LONJAKAN_PENJUALAN,0.07136846853917089
2025-10-28,W5,Esse 16 batang,Rokok,8.0,8.0,34500.0,32676.0,4.093729435326074,0.0,0.05286956521739131,LONJAKAN_PENJUALAN,0.07139593719177273
2025-05-03,W3,Rinso sachet,Deterjen,9.0,9.0,2700.0,2193.0,5.839456890821025,0.0,0.18777777777777777,LONJAKAN_PENJUALAN,0.07148906865901239
2025-05-14,W2,Pomade Gatsby 80g,Perawatan,5.0,5.0,19500.0,17583.0,4.907477288111819,0.0,0.0983076923076923,LONJAKAN_PENJUALAN,0.07150609730450797
2026-02-01,W4,Teh Sariwangi 25 kantong,Sachet,11.0,17.0,8300.0,6716.0,5.9863011130399055,0.0,0.1908433734939759,LONJAKAN_PENJUALAN,0.07153566208059725
2025-04-16,W5,Attack sachet,Deterjen,4.0,6.0,2600.0,2101.0,5.877793220181999,0.0,0.19192307692307692,LONJAKAN_PENJUALAN,0.07153566208059725
2026-01-31,W2,Bubur instan 50g,Mi,12.0,12.0,5000.0,4655.0,4.478404303972927,0.0,0.069,LONJAKAN_PENJUALAN,0.07156737129169832
2026-03-20,W2,Mama Lemon 400ml,Deterjen,6.0,6.0,8400.0,7150.0,5.806612503729941,0.0,0.1488095238095238,LONJAKAN_PENJUALAN,0.07158110575868515
2025-07-19,W2,Antangin sachet,Obat,6.0,6.0,3400.0,2985.0,5.41624540486438,0.0,0.12205882352941176,LONJAKAN_PENJUALAN,0.07162354865316889
2026-02-28,W6,Kopi Kapal Api sachet,Sachet,11.0,11.0,2200.0,1698.0,5.484806566064614,0.0,0.22818181818181818,LONJAKAN_PENJUALAN,0.07165624049206809
2025-07-18,W2,Tepung terigu Segitiga Biru 1kg,Sembako,8.0,8.0,14500.0,13675.0,4.126271852772801,0.0,0.056896551724137934,LONJAKAN_PENJUALAN,0.07170596079921121
2026-02-27,W5,Aqua 1.5L,Minuman,8.0,15.0,6300.0,5046.0,6.039710124805215,0.0,0.19904761904761906,LONJAKAN_PENJUALAN,0.07172407031571182
2026-04-03,W3,Tepung terigu Kompas 1kg,Sembako,6.0,6.0,17000.0,14909.0,5.425246966467065,0.0,0.123,LONJAKAN_PENJUALAN,0.07176305917675452
2025-11-21,W1,Nescafe 220ml,Minuman,18.0,18.0,6200.0,4993.0,5.940564665540698,0.0,0.1946774193548387,LONJAKAN_PENJUALAN,0.07181314558214513
2025-12-14,W6,Penyedap Royco,Bumbu,7.0,7.0,1700.0,1498.0,4.273282805079263,0.0,0.1188235294117647,LONJAKAN_PENJUALAN,0.07181715736161265
2026-07-12,W2,Tepung terigu Segitiga Biru 1kg,Sembako,6.0,6.0,18500.0,17485.0,4.104035487398131,0.0,0.054864864864864867,LONJAKAN_PENJUALAN,0.07198743729205281
2026-06-16,W6,Tisu basah Cussons,Tisu,7.0,7.0,9400.0,8001.0,5.629688324788681,0.0,0.14882978723404255,LONJAKAN_PENJUALAN,0.0719984216691898
2026-03-31,W6,Penyedap Royco,Bumbu,7.0,8.0,1700.0,1500.0,5.362916143780112,0.0,0.11764705882352941,LONJAKAN_PENJUALAN,0.07202011763777738
2026-06-12,W6,Plastik klip,Plastik,5.0,5.0,5100.0,3743.0,4.968472027264951,0.0,0.266078431372549,LONJAKAN_PENJUALAN,0.07207004440331977
2025-10-25,W1,LA Bold 16 batang,Rokok,6.0,8.0,31000.0,28956.0,4.301943286839508,0.0,0.06593548387096775,LONJAKAN_PENJUALAN,0.07212756798790709
2026-03-25,W1,Wipol 450ml,Deterjen,6.0,6.0,9600.0,7927.0,6.176465654753081,0.0,0.17427083333333335,LONJAKAN_PENJUALAN,0.07216355786686468
2026-02-01,W4,Frestea 350ml,Minuman,6.0,13.0,4200.0,3391.0,5.631670647837555,0.0,0.1926190476190476,LONJAKAN_PENJUALAN,0.07232951147812683
2025-12-07,W1,Kopi Torabika sachet,Sachet,18.0,18.0,2100.0,1695.0,5.6375955218464995,0.0,0.19285714285714287,LONJAKAN_PENJUALAN,0.07232951147812683
2025-03-11,W6,Mi jumbo Indomie,Mi,7.0,7.0,4400.0,3950.0,4.9648594920793165,0.0,0.10227272727272728,LONJAKAN_PENJUALAN,0.07237690088758919
2025-12-25,W1,Penyedap Royco,Bumbu,5.0,5.0,1700.0,1437.0,5.61980657261629,0.0,0.15470588235294117,LONJAKAN_PENJUALAN,0.07256039924790081
2025-08-13,W6,Oatmeal Quaker 35g,Mi,6.0,6.0,3400.0,3197.0,4.145626123754419,0.0,0.05970588235294118,LONJAKAN_PENJUALAN,0.07261683269288277
2026-01-21,W6,Bayclin 500ml,Deterjen,6.0,6.0,8100.0,7001.0,5.442989970377411,0.0,0.135679012345679,LONJAKAN_PENJUALAN,0.07270752291544003
2025-08-26,W4,Minyak rambut Gatsby 75g,Perawatan,4.0,6.0,15500.0,13580.0,5.428883151922479,0.0,0.12387096774193548,LONJAKAN_PENJUALAN,0.07272991586975397
2026-05-24,W6,Roma Kelapa 300g,Snack,7.0,7.0,9400.0,7303.0,5.346796732074041,0.0,0.2230851063829787,LONJAKAN_PENJUALAN,0.07284530801389044
2025-12-14,W3,Rinso 800g,Deterjen,5.0,5.0,19500.0,16330.0,6.099375455928333,0.0,0.16256410256410256,LONJAKAN_PENJUALAN,0.07288886365425273
2025-08-24,W4,Sikat,Deterjen,7.0,7.0,7000.0,6131.0,5.388766452915408,0.0,0.12414285714285714,LONJAKAN_PENJUALAN,0.07289987795480624
2025-04-09,W3,Sosis So Nice,Frozen,5.0,5.0,16000.0,12862.0,5.604715240739897,0.0,0.196125,LONJAKAN_PENJUALAN,0.07290434477886298
2025-08-16,W2,Garam Dolphin 500g,Sembako,6.0,6.0,3600.0,3350.0,4.447468558719245,0.0,0.06944444444444445,LONJAKAN_PENJUALAN,0.07298615203234082
2025-10-21,W1,Tembakau linting,Rokok,9.0,11.0,15500.0,14550.0,4.227586917523803,0.0,0.06129032258064516,LONJAKAN_PENJUALAN,0.07309943688728582
2026-06-27,W5,Saus tomat ABC 135ml,Bumbu,7.0,7.0,8400.0,7023.0,4.419240906459932,0.0,0.16392857142857142,LONJAKAN_PENJUALAN,0.07317813653004734
2026-05-03,W4,Rautan Joyko,ATK,9.0,9.0,3200.0,2250.0,4.375226250730154,0.0,0.296875,LONJAKAN_PENJUALAN,0.07324694449747604
2026-06-28,W4,Garam Refina 500g,Sembako,7.0,7.0,5300.0,4764.0,5.0559362442738776,0.0,0.10113207547169811,LONJAKAN_PENJUALAN,0.07329480839474745
2026-05-17,W2,Antangin sachet,Obat,3.0,9.0,3600.0,3099.0,5.518534710601431,0.0,0.13916666666666666,LONJAKAN_PENJUALAN,0.0732996944771599
2026-05-01,W5,Snack kentang Qtela 60g,Snack,8.0,8.0,8800.0,6536.0,5.067993509896211,0.0,0.25727272727272726,LONJAKAN_PENJUALAN,0.07332332075580528
2025-07-19,W2,Deodoran Rexona sachet,Perawatan,7.0,7.0,3900.0,3532.0,4.82891932936844,0.0,0.09435897435897436,LONJAKAN_PENJUALAN,0.07332392830598367
2025-07-31,W3,Rinso 800g,Deterjen,6.0,6.0,18500.0,15587.0,6.158800141327791,0.0,0.15745945945945947,LONJAKAN_PENJUALAN,0.0733466868620768
2025-04-04,W5,Bayclin 500ml,Deterjen,7.0,7.0,8200.0,6874.0,6.055661673257682,0.0,0.16170731707317074,LONJAKAN_PENJUALAN,0.07334943896074664
2025-03-06,W4,Buku tulis Kiky,ATK,5.0,6.0,6000.0,4250.0,4.506395337818147,0.0,0.2916666666666667,LONJAKAN_PENJUALAN,0.07351662893616917
2025-04-15,W6,Teh Sariwangi 1 kantong,Sachet,7.0,7.0,500.0,400.0,5.551219879861258,0.0,0.2,LONJAKAN_PENJUALAN,0.0735190030424846
2026-01-21,W5,Paracetamol Sanmol strip,Obat,5.0,5.0,4100.0,3450.0,6.057394949661111,0.0,0.15853658536585366,LONJAKAN_PENJUALAN,0.07360507148831119
2025-12-07,W6,Chocolatos sachet,Sachet,5.0,5.0,2000.0,1550.0,5.264453510327365,0.0,0.225,LONJAKAN_PENJUALAN,0.07361526651322858
2025-04-10,W2,Minyak goreng Fortune 1L,Sembako,5.0,5.0,19500.0,18341.0,4.131810603600748,0.0,0.05943589743589744,LONJAKAN_PENJUALAN,0.07362528354534026
2026-02-08,W5,Mi ayam bawang Indomie,Mi,9.0,9.0,3800.0,3334.0,5.380402256913489,0.0,0.12263157894736842,LONJAKAN_PENJUALAN,0.07379086359343956
2025-11-28,W2,Diapet strip,Obat,5.0,6.0,6800.0,5900.0,5.275745900211022,0.0,0.1323529411764706,LONJAKAN_PENJUALAN,0.0738318554737889
2026-03-31,W1,Coca-Cola 390ml,Minuman,14.0,15.0,6400.0,5070.0,5.464838252617744,0.0,0.2078125,LONJAKAN_PENJUALAN,0.07391157348837685
2026-02-01,W3,Penyedap Royco,Bumbu,8.0,8.0,1700.0,1450.0,5.735729294509541,0.0,0.14705882352941177,LONJAKAN_PENJUALAN,0.07392036895729237
2026-05-10,W1,Pasta gigi Sensodyne 40g,Perawatan,5.0,5.0,21000.0,17925.0,5.722157172497705,0.0,0.14642857142857144,LONJAKAN_PENJUALAN,0.07392036895729237
2025-06-06,W2,Frestea 350ml,Minuman,13.0,27.0,3900.0,3244.0,5.7443901076155175,0.0,0.1682051282051282,LONJAKAN_PENJUALAN,0.07396135616310451
2025-06-27,W2,Attack sachet,Deterjen,5.0,5.0,2500.0,2150.0,4.1318106036007425,0.0,0.14,LONJAKAN_PENJUALAN,0.0740156809589323
2025-05-21,W6,Kentang frozen 500g,Frozen,5.0,5.0,19500.0,17700.0,4.790615826801393,0.0,0.09230769230769231,LONJAKAN_PENJUALAN,0.07421511431885452
2025-10-26,W2,Marlboro 16 batang,Rokok,8.0,8.0,40500.0,40554.0,2.611520726369066,0.0,-0.0013333333333333333,JUAL_DI_BAWAH_HPP,0.07423405075139133
2026-02-28,W6,Good Day 250ml,Minuman,7.0,9.0,5100.0,4192.0,6.0028479960625285,0.0,0.1780392156862745,LONJAKAN_PENJUALAN,0.074265147878111
2025-10-18,W1,Spidol Snowman,ATK,5.0,5.0,5000.0,3550.0,4.500000000000002,0.0,0.29,LONJAKAN_PENJUALAN,0.0742950993371777
2025-09-07,W2,Es krim Magnum,Frozen,7.0,13.0,15500.0,13354.0,5.353306897315163,0.0,0.1384516129032258,LONJAKAN_PENJUALAN,0.0743392659049319
2025-09-05,W3,Basreng 100g,Snack,6.0,6.0,7500.0,5303.0,4.3935740620827906,0.0,0.2929333333333333,LONJAKAN_PENJUALAN,0.07440849621991719
2025-03-12,W5,Cuka 100ml,Bumbu,7.0,7.0,4100.0,3361.0,5.665902850283537,0.0,0.18024390243902438,LONJAKAN_PENJUALAN,0.07440967860235148
2026-03-16,W3,Sunlight sachet,Deterjen,10.0,10.0,2200.0,1750.0,5.367358369112113,0.0,0.20454545454545456,LONJAKAN_PENJUALAN,0.07445514452161128
2026-02-11,W6,Kopi ABC sachet,Sachet,6.0,6.0,2100.0,1609.0,5.425246966467042,0.0,0.2338095238095238,LONJAKAN_PENJUALAN,0.07451831548468757
2025-06-06,W1,Kuaci Rebo 100g,Snack,14.0,14.0,7000.0,5362.0,5.405008079916875,0.0,0.234,LONJAKAN_PENJUALAN,0.07451831548468757
2026-03-23,W3,Chocolatos sachet,Sachet,9.0,9.0,2300.0,1691.0,4.9366154516064515,0.0,0.2647826086956522,LONJAKAN_PENJUALAN,0.07456268730102333
2026-06-30,W5,Vitamin C CDR,Obat,5.0,8.0,3300.0,2650.0,5.602651465280305,0.0,0.19696969696969696,LONJAKAN_PENJUALAN,0.07457706201713121
2025-07-12,W3,Gula pasir Gulaku 1kg,Sembako,4.0,7.0,20500.0,17964.0,5.250450160772532,0.0,0.12370731707317073,LONJAKAN_PENJUALAN,0.07459990394568417
2026-07-05,W3,Cokelat SilverQueen,Snack,5.0,5.0,13500.0,9788.0,4.676537180435968,0.0,0.27496296296296296,LONJAKAN_PENJUALAN,0.07463243172455636
2025-08-31,W1,Beng-Beng,Snack,14.0,14.0,2600.0,1951.0,4.90822543618966,0.0,0.24961538461538463,LONJAKAN_PENJUALAN,0.07463644112146661
2025-07-26,W2,Mi kuah Sedaap,Mi,4.0,11.0,3400.0,3201.0,4.087404344021385,0.0,0.058529411764705885,LONJAKAN_PENJUALAN,0.07467553897885482
2025-08-31,W4,Makaroni 200g,Mi,16.0,16.0,7000.0,6271.0,4.8603401897798095,0.0,0.10414285714285715,LONJAKAN_PENJUALAN,0.07469996186531824
2026-02-01,W3,Kopi ABC sachet,Sachet,5.0,5.0,2200.0,1642.0,5.019595207521465,0.0,0.25363636363636366,LONJAKAN_PENJUALAN,0.07474588487863831
2025-08-30,W5,Tepung terigu Segitiga Biru 1kg,Sembako,7.0,7.0,16000.0,13623.0,4.44289972995235,0.0,0.1485625,LONJAKAN_PENJUALAN,0.07479001610171443
2025-11-10,W5,Cuka 100ml,Bumbu,8.0,8.0,4300.0,3592.0,5.653999540003161,0.0,0.16465116279069766,LONJAKAN_PENJUALAN,0.07481254355583133
2025-03-29,W3,Kratingdaeng 150ml,Minuman,6.0,6.0,8200.0,6471.0,5.416245404864357,0.0,0.21085365853658536,LONJAKAN_PENJUALAN,0.0748345630492726
2025-10-27,W3,Aqua 330ml,Minuman,8.0,8.0,3200.0,2457.0,5.405279417268987,0.0,0.2321875,LONJAKAN_PENJUALAN,0.07490411560296595
2025-06-16,W6,Chocolatos sachet,Sachet,7.0,9.0,2000.0,1598.0,5.417731070729807,0.0,0.201,LONJAKAN_PENJUALAN,0.07490817758452739
2025-10-20,W6,Mi ayam bawang Indomie,Mi,5.0,5.0,3400.0,3200.0,4.095447490006644,0.0,0.058823529411764705,LONJAKAN_PENJUALAN,0.07495238550421868
2026-06-29,W5,Kecap manis ABC 135ml,Bumbu,7.0,7.0,7200.0,6048.0,5.9917525734211425,0.0,0.16,LONJAKAN_PENJUALAN,0.07495758396441399
2025-03-02,W3,Kopi susu Good Day sachet,Sachet,12.0,12.0,2100.0,1550.0,4.992968304643633,0.0,0.2619047619047619,LONJAKAN_PENJUALAN,0.07497558770601875
2025-11-10,W5,Tepung beras Rose Brand 500g,Sembako,6.0,6.0,10500.0,8901.0,5.414748200008749,0.0,0.15228571428571427,LONJAKAN_PENJUALAN,0.07506030379851891
2025-08-26,W5,Makaroni pedas 100g,Snack,9.0,9.0,6300.0,4652.0,4.989743578943369,0.0,0.2615873015873016,LONJAKAN_PENJUALAN,0.07511395891592398
2026-01-31,W6,Downy sachet,Deterjen,5.0,5.0,2200.0,1850.0,5.785512506570209,0.0,0.1590909090909091,LONJAKAN_PENJUALAN,0.07511497286905766
2026-05-17,W5,Diapet strip,Obat,3.0,6.0,7100.0,5950.0,5.657725003634304,0.0,0.1619718309859155,LONJAKAN_PENJUALAN,0.07519152240132232
2025-07-17,W6,Soklin sachet,Deterjen,3.0,6.0,2100.0,1755.0,5.6316706478374865,0.0,0.16428571428571428,LONJAKAN_PENJUALAN,0.07522767385920381
2026-03-01,W3,Kantong sampah,Deterjen,6.0,6.0,8500.0,7103.0,5.631670647837487,0.0,0.1643529411764706,LONJAKAN_PENJUALAN,0.07522767385920381
2025-06-06,W2,Mi jumbo Indomie,Mi,27.0,27.0,4600.0,4100.0,4.9544962742842005,0.0,0.10869565217391304,LONJAKAN_PENJUALAN,0.07527332850419277
2025-12-01,W4,Spons (kebersihan),Deterjen,6.0,6.0,3200.0,2655.0,5.884274863028317,0.0,0.1703125,LONJAKAN_PENJUALAN,0.07527800494484993
2026-06-28,W1,Bubur instan 50g,Mi,7.0,7.0,5400.0,4807.0,4.923484582620201,0.0,0.10981481481481481,LONJAKAN_PENJUALAN,0.0753094450451044
2026-02-03,W4,Kerupuk 100g,Snack,14.0,14.0,5200.0,4000.0,5.343798615859444,0.0,0.23076923076923078,LONJAKAN_PENJUALAN,0.07534435639182502
2025-12-20,W3,Minyak goreng Bimoli 1L,Sembako,6.0,6.0,26000.0,23563.0,4.761452359462244,0.0,0.09373076923076923,LONJAKAN_PENJUALAN,0.0754608744969062
2026-05-02,W6,Downy sachet,Deterjen,6.0,6.0,2200.0,1850.0,5.640018676498898,0.0,0.1590909090909091,LONJAKAN_PENJUALAN,0.07552989862210124
2025-03-25,W6,Rinso 800g,Deterjen,6.0,6.0,17500.0,15142.0,5.242095435328695,0.0,0.13474285714285714,LONJAKAN_PENJUALAN,0.07559857878149467
2025-11-17,W3,Sabun cair Lifebuoy 250ml,Perawatan,6.0,6.0,13000.0,10780.0,5.715767664977294,0.0,0.17076923076923076,LONJAKAN_PENJUALAN,0.07560468098882855
2026-04-11,W5,Basreng 100g,Snack,7.0,7.0,7400.0,5557.0,4.959093751628259,0.0,0.24905405405405406,LONJAKAN_PENJUALAN,0.07562040955931926
2026-04-10,W5,Minyak goreng Sania 1L,Sembako,5.0,5.0,27500.0,24465.0,5.03869566571962,0.0,0.11036363636363636,LONJAKAN_PENJUALAN,0.07563818599625938
2025-11-05,W5,Wipol 450ml,Deterjen,6.0,6.0,9500.0,7856.0,5.756996649560719,0.0,0.17305263157894737,LONJAKAN_PENJUALAN,0.07568025742545115
2026-01-01,W2,Attack sachet,Deterjen,5.0,7.0,2500.0,2150.0,5.321067410704525,0.0,0.14,LONJAKAN_PENJUALAN,0.07572472849672673
2026-04-11,W4,Terasi ABC 20g,Bumbu,6.0,6.0,3400.0,2953.0,5.215569880435812,0.0,0.13147058823529412,LONJAKAN_PENJUALAN,0.07573072358784105
2025-09-01,W4,Teh Tong Tji sachet,Sachet,20.0,20.0,1000.0,842.0,5.630721941793853,0.0,0.158,LONJAKAN_PENJUALAN,0.07574979317975827
2025-06-08,W6,Kopi Torabika sachet,Sachet,13.0,13.0,2000.0,1600.0,5.443656577870269,0.0,0.2,LONJAKAN_PENJUALAN,0.07575425578338524
2025-12-15,W1,Mi goreng Sarimi,Mi,5.0,5.0,3200.0,2824.0,5.201234235581542,0.0,0.1175,LONJAKAN_PENJUALAN,0.07578133540268162
2025-05-03,W5,Minyak goreng Sania 1L,Sembako,6.0,6.0,21000.0,18947.0,4.748878111509323,0.0,0.09776190476190476,LONJAKAN_PENJUALAN,0.07595777903947887
2026-06-06,W6,Kopi ABC sachet,Sachet,8.0,8.0,2100.0,1650.0,5.362916143780104,0.0,0.21428571428571427,LONJAKAN_PENJUALAN,0.07602566444881631
2025-03-07,W3,Super Pell 450ml,Deterjen,6.0,6.0,8200.0,6791.0,5.894036108994865,0.0,0.17182926829268294,LONJAKAN_PENJUALAN,0.07608069398045936
2025-07-09,W5,Paracetamol Sanmol strip,Obat,4.0,5.0,4100.0,3250.0,5.412019177150972,0.0,0.2073170731707317,LONJAKAN_PENJUALAN,0.0761429403637165
2025-08-13,W5,Mayones Maestro 100g,Bumbu,7.0,7.0,7400.0,6307.0,5.528282512107816,0.0,0.1477027027027027,LONJAKAN_PENJUALAN,0.07618093057258002
2026-02-03,W6,Mi ayam bawang Indomie,Mi,6.0,6.0,3600.0,3247.0,4.743416490252572,0.0,0.09805555555555556,LONJAKAN_PENJUALAN,0.07623404733120909
2025-10-04,W2,Kaldu bubuk Royco 100g,Bumbu,8.0,8.0,5500.0,4958.0,4.732037102419433,0.0,0.09854545454545455,LONJAKAN_PENJUALAN,0.07625453375202385
2026-02-01,W2,Kratingdaeng 150ml,Minuman,24.0,24.0,8100.0,6798.0,5.592491868052284,0.0,0.16074074074074074,LONJAKAN_PENJUALAN,0.07641912556512487
2025-09-21,W4,Bayclin 500ml,Deterjen,6.0,6.0,8000.0,6888.0,5.266379847046265,0.0,0.139,LONJAKAN_PENJUALAN,0.07651881425476703
2026-01-06,W6,Pop Mie,Mi,6.0,6.0,6300.0,5690.0,4.730189989478409,0.0,0.09682539682539683,LONJAKAN_PENJUALAN,0.07665636536229214
2026-02-16,W4,Makaroni pedas 100g,Snack,13.0,20.0,6200.0,4662.0,4.845286405496363,0.0,0.24806451612903227,LONJAKAN_PENJUALAN,0.07672534358557459
2025-07-05,W1,Extra Joss sachet,Sachet,18.0,18.0,2000.0,1598.0,5.307272751316529,0.0,0.201,LONJAKAN_PENJUALAN,0.07677155157770721
2025-02-28,W1,Shampoo Sunsilk sachet,Perawatan,6.0,6.0,1500.0,1300.0,5.232654269026749,0.0,0.13333333333333333,LONJAKAN_PENJUALAN,0.07682540685222106
2026-01-31,W3,Permen Relaxa,Snack,5.0,5.0,7500.0,5517.0,4.813207276412922,0.0,0.2644,LONJAKAN_PENJUALAN,0.07689629173559942
2025-07-16,W2,Minyak kayu putih Cap Lang 30ml (Obat),Obat,5.0,5.0,10000.0,8500.0,5.412019177150959,0.0,0.15,LONJAKAN_PENJUALAN,0.0769688035228171
2026-06-29,W6,Kopi Kapal Api sachet,Sachet,13.0,13.0,2200.0,1750.0,5.2419264548135205,0.0,0.20454545454545456,LONJAKAN_PENJUALAN,0.07698483028476166
2025-04-13,W1,Garam Dolphin 500g,Sembako,5.0,5.0,3500.0,3239.0,4.4403339232026315,0.0,0.07457142857142857,LONJAKAN_PENJUALAN,0.07703629688344105
2025-06-20,W3,Snack jagung Chiki,Snack,6.0,6.0,3200.0,2259.0,4.267019971604171,0.0,0.2940625,LONJAKAN_PENJUALAN,0.07704821137067142
2026-04-20,W6,Snack jagung Chiki,Snack,5.0,5.0,3100.0,2449.0,5.364356046113429,0.0,0.21,LONJAKAN_PENJUALAN,0.07713241236476298
2025-12-14,W3,Kratingdaeng 150ml,Minuman,5.0,5.0,8500.0,6743.0,5.273972321993744,0.0,0.20670588235294118,LONJAKAN_PENJUALAN,0.07723656450940375
2026-04-07,W2,Saus sambal sachet ABC,Bumbu,5.0,5.0,1700.0,1500.0,5.0663341325809235,0.0,0.11764705882352941,LONJAKAN_PENJUALAN,0.07733156055304202
2025-05-22,W2,Terasi ABC 20g,Bumbu,8.0,8.0,2900.0,2606.0,4.767083760824536,0.0,0.10137931034482758,LONJAKAN_PENJUALAN,0.07737393300346185
2026-06-01,W6,Nutrisari sachet,Sachet,11.0,11.0,2100.0,1699.0,5.423164600647327,0.0,0.19095238095238096,LONJAKAN_PENJUALAN,0.07745485204990343
2026-02-08,W2,Shampoo Clear sachet,Perawatan,2.0,7.0,1600.0,1350.0,5.524732645789607,0.0,0.15625,LONJAKAN_PENJUALAN,0.07746597279823231
2025-12-26,W6,Saus tiram Saori 133ml,Bumbu,6.0,6.0,8700.0,7639.0,5.102520385624569,0.0,0.12195402298850574,LONJAKAN_PENJUALAN,0.0775247910873802
2026-07-12,W4,Mama Lemon 400ml,Deterjen,5.0,5.0,8900.0,7583.0,5.412019177150965,0.0,0.14797752808988765,LONJAKAN_PENJUALAN,0.0778558089106085
2026-02-20,W6,Rinso 800g,Deterjen,5.0,5.0,19500.0,16647.0,5.470107670062611,0.0,0.1463076923076923,LONJAKAN_PENJUALAN,0.07789220877549996
2026-01-31,W2,Kentang frozen 500g,Frozen,6.0,6.0,20500.0,18121.0,4.8799590162213375,0.0,0.11604878048780488,LONJAKAN_PENJUALAN,0.0779139322337361
2025-06-22,W3,Pocari Sweat 500ml,Minuman,9.0,9.0,9300.0,7208.0,5.16185401208764,0.0,0.22494623655913978,LONJAKAN_PENJUALAN,0.07793093095751524
2026-02-09,W2,Body lotion Citra 100ml,Perawatan,5.0,5.0,10500.0,9100.0,5.2012342355815395,0.0,0.13333333333333333,LONJAKAN_PENJUALAN,0.07794628936492032
2026-03-09,W3,Korek gas,Rokok,8.0,8.0,2400.0,2147.0,4.806465715685109,0.0,0.10541666666666667,LONJAKAN_PENJUALAN,0.07800270908544782
2025-03-31,W3,Gula pasir Gulaku 1kg,Sembako,2.0,6.0,19500.0,17092.0,5.12812042054582,0.0,0.1234871794871795,LONJAKAN_PENJUALAN,0.07807006857886845
2025-11-01,W4,Gula pasir curah 1kg,Sembako,6.0,6.0,21000.0,18885.0,4.743416490252569,0.0,0.10071428571428571,LONJAKAN_PENJUALAN,0.07818195807028872
2026-04-25,W3,Kopi ABC sachet,Sachet,7.0,7.0,2300.0,1659.0,4.580977469218126,0.0,0.27869565217391307,LONJAKAN_PENJUALAN,0.07822705990770396
2026-05-08,W6,Dancow sachet,Sachet,10.0,10.0,3600.0,2932.0,5.306957047447096,0.0,0.18555555555555556,LONJAKAN_PENJUALAN,0.07828393229249364
2026-01-31,W6,Aqua 600ml,Minuman,12.0,12.0,4100.0,3274.0,4.225073758681275,0.0,0.20146341463414635,LONJAKAN_PENJUALAN,0.07835923942908307
2026-06-03,W5,Teh Botol Sosro 350ml,Minuman,14.0,14.0,5500.0,4300.0,5.239001558064704,0.0,0.21818181818181817,LONJAKAN_PENJUALAN,0.0784548576490317
2026-06-23,W5,Body lotion Citra 100ml,Perawatan,5.0,5.0,11000.0,9204.0,5.517054304495991,0.0,0.16327272727272726,LONJAKAN_PENJUALAN,0.07850349804530543
2026-02-03,W2,Kacang atom Garuda 100g,Snack,18.0,18.0,7100.0,5698.0,5.40467910176735,0.0,0.19746478873239437,LONJAKAN_PENJUALAN,0.07859949758512119
2026-04-03,W3,Kratingdaeng 150ml,Minuman,8.0,8.0,8800.0,6810.0,5.102520385624565,0.0,0.22613636363636364,LONJAKAN_PENJUALAN,0.0786930544345269
2025-05-04,W1,Shampoo Clear sachet,Perawatan,5.0,5.0,1500.0,1350.0,4.676537180435968,0.0,0.1,LONJAKAN_PENJUALAN,0.07870930265995879
2025-05-10,W6,Sabun batang Lifebuoy,Perawatan,6.0,6.0,3900.0,3400.0,5.0779635963360645,0.0,0.1282051282051282,LONJAKAN_PENJUALAN,0.07872554421293454
2025-07-12,W3,Minyakita 1L,Sembako,10.0,10.0,18500.0,16107.0,5.075492600374169,0.0,0.12935135135135134,LONJAKAN_PENJUALAN,0.07872554421293454
2026-07-12,W5,Bakso 250g,Frozen,5.0,5.0,17000.0,14250.0,5.470107670062623,0.0,0.16176470588235295,LONJAKAN_PENJUALAN,0.07881911520871254
2025-04-06,W2,Shampoo Sunsilk sachet,Perawatan,5.0,5.0,1500.0,1342.0,4.754355487749744,0.0,0.10533333333333333,LONJAKAN_PENJUALAN,0.07896587738392347
2026-04-29,W2,Mama Lemon 400ml,Deterjen,5.0,5.0,8400.0,7347.0,5.102520385624565,0.0,0.12535714285714286,LONJAKAN_PENJUALAN,0.07901309549293434
2025-06-16,W6,Saus tiram Saori 133ml,Bumbu,10.0,10.0,7800.0,6841.0,5.075492600374169,0.0,0.12294871794871795,LONJAKAN_PENJUALAN,0.07908705231516444
2025-07-26,W1,Makaroni pedas 100g,Snack,6.0,7.0,6200.0,4794.0,5.127419552450003,0.0,0.2267741935483871,LONJAKAN_PENJUALAN,0.07913057712900029
2026-01-29,W4,Oatmeal Quaker 35g,Mi,11.0,11.0,3700.0,3380.0,4.546495806551474,0.0,0.08648648648648649,LONJAKAN_PENJUALAN,0.07915140765190376
2025-10-05,W1,Shampoo Sunsilk sachet,Perawatan,6.0,6.0,1600.0,1350.0,5.428883151922473,0.0,0.15625,LONJAKAN_PENJUALAN,0.07927476937159472
2026-03-30,W4,Sosis So Nice,Frozen,8.0,8.0,16500.0,14170.0,5.214064066387932,0.0,0.1412121212121212,LONJAKAN_PENJUALAN,0.07933685406646318
2026-03-10,W5,Bayclin 500ml,Deterjen,5.0,5.0,8500.0,7028.0,5.539132224115115,0.0,0.1731764705882353,LONJAKAN_PENJUALAN,0.07934561155618403
2025-03-15,W6,Bakso 250g,Frozen,5.0,5.0,14500.0,12966.0,4.754355487749744,0.0,0.10579310344827586,LONJAKAN_PENJUALAN,0.07937819854888528
2025-09-27,W2,Sosis So Nice,Frozen,11.0,11.0,15000.0,13253.0,5.042839731553992,0.0,0.11646666666666666,LONJAKAN_PENJUALAN,0.07948570545217437
2025-05-16,W6,Sabun batang Lifebuoy,Perawatan,8.0,8.0,3900.0,3488.0,4.74088317316325,0.0,0.10564102564102563,LONJAKAN_PENJUALAN,0.07951557695533207
2025-08-18,W1,Sikat gigi Formula,Perawatan,5.0,5.0,7000.0,6244.0,4.764400003060466,0.0,0.108,LONJAKAN_PENJUALAN,0.07956049572669799
2026-02-28,W5,Kopiko 78C 240ml,Minuman,12.0,12.0,6300.0,4913.0,5.102520385624579,0.0,0.22015873015873016,LONJAKAN_PENJUALAN,0.07957096889536897
2025-10-28,W5,Diapet strip,Obat,6.0,6.0,7100.0,5829.0,5.4048919640319495,0.0,0.17901408450704226,LONJAKAN_PENJUALAN,0.07957678916889621
2026-05-07,W3,Mi goreng Sarimi,Mi,6.0,6.0,3300.0,2798.0,5.217154777887646,0.0,0.15212121212121213,LONJAKAN_PENJUALAN,0.07959072353861307
2025-05-03,W3,Es krim cup Wall's,Frozen,5.0,5.0,5200.0,4300.0,5.470107670062621,0.0,0.17307692307692307,LONJAKAN_PENJUALAN,0.07964072521605081
2025-05-18,W5,Wipol 450ml,Deterjen,6.0,6.0,9200.0,7542.0,5.41624540486436,0.0,0.18021739130434783,LONJAKAN_PENJUALAN,0.0797726772198557
2025-10-05,W4,Sikat,Deterjen,5.0,5.0,7000.0,6065.0,5.066334132580923,0.0,0.13357142857142856,LONJAKAN_PENJUALAN,0.07978176207856713
2026-07-13,W3,Penyedap Royco,Bumbu,8.0,8.0,1800.0,1500.0,5.498051602938211,0.0,0.16666666666666666,LONJAKAN_PENJUALAN,0.07978586193810022
2025-04-13,W6,Kukubima sachet,Minuman,9.0,9.0,2400.0,2000.0,5.5273081881965345,0.0,0.16666666666666666,LONJAKAN_PENJUALAN,0.07978586193810022
2025-08-28,W5,Diapet strip,Obat,5.0,5.0,7100.0,5842.0,5.412019177150974,0.0,0.1771830985915493,LONJAKAN_PENJUALAN,0.07981049013348307
2026-01-02,W2,Mayones Maestro 100g,Bumbu,6.0,6.0,7600.0,6772.0,4.761452359462244,0.0,0.10894736842105263,LONJAKAN_PENJUALAN,0.07993201952687423
2026-07-10,W6,Garam Refina 500g,Sembako,8.0,8.0,5200.0,4840.0,4.24935181897887,0.0,0.06923076923076923,LONJAKAN_PENJUALAN,0.07994685881230834
2025-07-03,W6,Shampoo Pantene sachet,Perawatan,6.0,6.0,1500.0,1348.0,4.698332078974871,0.0,0.10133333333333333,LONJAKAN_PENJUALAN,0.0799614921927545
2026-03-01,W6,Terasi ABC 20g,Bumbu,5.0,5.0,3400.0,2983.0,4.403995202673789,0.0,0.12264705882352941,LONJAKAN_PENJUALAN,0.08000186588032354
2025-12-25,W6,Milo sachet,Sachet,8.0,8.0,3400.0,2810.0,5.480621432985706,0.0,0.17352941176470588,LONJAKAN_PENJUALAN,0.08003223059118303
2025-12-14,W5,Kaldu bubuk Royco 100g,Bumbu,6.0,6.0,6400.0,5370.0,4.148089608343088,0.0,0.1609375,LONJAKAN_PENJUALAN,0.08006179170362837
2025-08-15,W3,Pop Mie,Mi,6.0,6.0,6400.0,5404.0,5.299383652341379,0.0,0.155625,LONJAKAN_PENJUALAN,0.08014577360284214
2025-08-27,W1,Kacang atom Garuda 100g,Snack,6.0,6.0,7000.0,5342.0,5.12812042054582,0.0,0.23685714285714285,LONJAKAN_PENJUALAN,0.08014820959791591
2026-02-02,W6,Saus sambal sachet ABC,Bumbu,6.0,6.0,1700.0,1499.0,4.992797009494993,0.0,0.11823529411764706,LONJAKAN_PENJUALAN,0.08024190201655756
2026-02-09,W2,Antangin sachet,Obat,6.0,6.0,3600.0,3004.0,5.428883151922503,0.0,0.16555555555555557,LONJAKAN_PENJUALAN,0.0803092237457218
2026-03-06,W1,Bubur instan 50g,Mi,5.0,5.0,5400.0,4780.0,4.813207276412925,0.0,0.11481481481481481,LONJAKAN_PENJUALAN,0.08035557186699083
2025-04-06,W5,Minyakita 1L,Sembako,11.0,11.0,17500.0,15440.0,5.053349859522717,0.0,0.11771428571428572,LONJAKAN_PENJUALAN,0.08037908565498597
2025-09-28,W1,Basreng 100g,Snack,13.0,13.0,7300.0,5554.0,5.004973449433526,0.0,0.23917808219178083,LONJAKAN_PENJUALAN,0.08042117010542504
2025-05-25,W3,Kopi ABC sachet,Sachet,7.0,7.0,2200.0,1603.0,4.580977469218121,0.0,0.27136363636363636,LONJAKAN_PENJUALAN,0.08044587042165519
2025-06-23,W3,Margarin Blue Band 500g,Sembako,4.0,6.0,18500.0,16800.0,4.592793267718459,0.0,0.0918918918918919,LONJAKAN_PENJUALAN,0.08061195898418527
2025-09-15,W3,Kratingdaeng 150ml,Minuman,7.0,7.0,8500.0,6741.0,5.200759365545603,0.0,0.20694117647058824,LONJAKAN_PENJUALAN,0.0806342105798088
2025-06-02,W2,Cuka 100ml,Bumbu,6.0,6.0,3900.0,3450.0,4.822675846870883,0.0,0.11538461538461539,LONJAKAN_PENJUALAN,0.08065844632133323
2026-01-06,W3,Tepung terigu Kompas 1kg,Sembako,5.0,5.0,15500.0,13655.0,4.907477288111819,0.0,0.11903225806451613,LONJAKAN_PENJUALAN,0.08077804950195044
2025-10-20,W2,Beras medium 1kg,Sembako,11.0,11.0,16000.0,14858.0,4.28846977957429,0.0,0.071375,LONJAKAN_PENJUALAN,0.08086052447732017
2025-08-05,W6,Mi goreng Sarimi,Mi,5.0,5.0,3000.0,2668.0,4.775764601913203,0.0,0.11066666666666666,LONJAKAN_PENJUALAN,0.08089512067796845
2025-07-05,W6,Merica bubuk Ladaku,Bumbu,4.0,7.0,1500.0,1349.0,4.68477017861437,0.0,0.10066666666666667,LONJAKAN_PENJUALAN,0.08090316192594316
2025-03-09,W4,Beras medium 1kg,Sembako,6.0,6.0,14000.0,12512.0,4.737050180937358,0.0,0.10628571428571429,LONJAKAN_PENJUALAN,0.0809324758917841
2025-05-01,W1,Pasta gigi Close Up 65g,Perawatan,5.0,5.0,7000.0,5906.0,5.299166805373163,0.0,0.15628571428571428,LONJAKAN_PENJUALAN,0.08098786920733814
2026-03-16,W2,Mi goreng Sarimi,Mi,17.0,17.0,3000.0,2750.0,4.433698817754102,0.0,0.08333333333333333,LONJAKAN_PENJUALAN,0.08111316577156591
2025-11-10,W3,Minyak goreng Fortune 1L,Sembako,6.0,6.0,24000.0,21337.0,4.766768079325642,0.0,0.11095833333333334,LONJAKAN_PENJUALAN,0.08114459100336213
2026-02-17,W3,Oatmeal Quaker 35g,Mi,5.0,5.0,3800.0,3335.0,5.0269632935804935,0.0,0.12236842105263158,LONJAKAN_PENJUALAN,0.08114801703211816
2026-04-14,W5,Minyakita 1L,Sembako,8.0,8.0,23000.0,20189.0,5.025008503491274,0.0,0.12221739130434782,LONJAKAN_PENJUALAN,0.08114801703211816
2025-04-25,W5,Cornetto,Frozen,5.0,5.0,12000.0,10246.0,5.299166805373164,0.0,0.14616666666666667,LONJAKAN_PENJUALAN,0.0812746980392407
2026-07-12,W6,Kopiko 78C 240ml,Minuman,8.0,8.0,6300.0,5150.0,5.274767362804482,0.0,0.18253968253968253,LONJAKAN_PENJUALAN,0.08127989973004346
2025-07-13,W5,Better,Snack,6.0,6.0,2700.0,1998.0,4.737050180937347,0.0,0.26,LONJAKAN_PENJUALAN,0.0813145989641264
2025-04-10,W3,Soklin sachet,Deterjen,5.0,5.0,2100.0,1746.0,5.2814981671795325,0.0,0.16857142857142857,LONJAKAN_PENJUALAN,0.08131519484285699
2025-03-31,W3,Spons (kebersihan),Deterjen,3.0,5.0,3100.0,2550.0,5.33762678915075,0.0,0.1774193548387097,LONJAKAN_PENJUALAN,0.0813851579412942
2025-09-06,W5,Pop Mie,Mi,8.0,8.0,6300.0,5534.0,4.997842173972594,0.0,0.12158730158730159,LONJAKAN_PENJUALAN,0.08142518520488184
2025-03-31,W1,Stabilo,ATK,2.0,5.0,8000.0,5700.0,4.246255899034601,0.0,0.2875,LONJAKAN_PENJUALAN,0.0814413824367034
2025-12-20,W5,Santan Kara 65ml,Sembako,7.0,7.0,4800.0,4233.0,4.846878998370474,0.0,0.118125,LONJAKAN_PENJUALAN,0.08147544167491916
2026-02-19,W6,Extra Joss,Minuman,10.0,11.0,2500.0,2050.0,5.335210011049878,0.0,0.18,LONJAKAN_PENJUALAN,0.08148437717038381
2026-03-18,W5,Kerupuk 100g,Snack,6.0,6.0,5500.0,4083.0,4.748878111509321,0.0,0.25763636363636366,LONJAKAN_PENJUALAN,0.08148486256406107
2026-01-31,W1,Keripik kentang Chitato 68g,Snack,10.0,10.0,12500.0,9394.0,4.7226567520372065,0.0,0.24848,LONJAKAN_PENJUALAN,0.08148493178876037
2026-03-20,W3,Oatmeal Quaker 35g,Mi,5.0,5.0,3800.0,3335.0,4.918142419770089,0.0,0.12236842105263158,LONJAKAN_PENJUALAN,0.08155886229060194
2025-07-25,W6,Sabun batang Lux,Perawatan,5.0,5.0,4400.0,3897.0,4.778948196482322,0.0,0.11431818181818182,LONJAKAN_PENJUALAN,0.08164735814924906
2025-04-22,W3,Es krim Magnum,Frozen,5.0,5.0,16000.0,12799.0,5.147395478702217,0.0,0.2000625,LONJAKAN_PENJUALAN,0.08166965014666039
2025-06-07,W3,Permen Relaxa,Snack,5.0,5.0,7200.0,5256.0,4.572988116080192,0.0,0.27,LONJAKAN_PENJUALAN,0.08168547463038911
2025-08-25,W1,Cokelat SilverQueen,Snack,7.0,7.0,12500.0,9385.0,4.711567911051606,0.0,0.2492,LONJAKAN_PENJUALAN,0.08181273239567433
2025-03-17,W1,Pasta gigi Sensodyne 40g,Perawatan,5.0,5.0,20000.0,16700.0,5.337626789150749,0.0,0.165,LONJAKAN_PENJUALAN,0.08188260152184346
2025-04-03,W2,Penyedap Royco,Bumbu,5.0,5.0,1500.0,1305.0,5.038695665719621,0.0,0.13,LONJAKAN_PENJUALAN,0.08191895227209423
2025-12-15,W1,Rinso sachet,Deterjen,5.0,5.0,2700.0,2248.0,5.364356046113431,0.0,0.1674074074074074,LONJAKAN_PENJUALAN,0.08197965718886202
2025-09-06,W6,Dancow sachet,Sachet,10.0,10.0,3400.0,2846.0,5.332579781527975,0.0,0.16294117647058823,LONJAKAN_PENJUALAN,0.08201941517705014
2026-03-21,W4,Gunting Joyko,ATK,3.0,5.0,7600.0,5400.0,4.014492379905945,0.0,0.2894736842105263,LONJAKAN_PENJUALAN,0.08212240280974481
2025-06-25,W6,Rinso 800g,Deterjen,5.0,5.0,17500.0,15353.0,5.019595207521447,0.0,0.12268571428571429,LONJAKAN_PENJUALAN,0.08212582508022648
2025-06-03,W2,Antangin sachet,Obat,7.0,8.0,3400.0,2915.0,5.1103710686635795,0.0,0.1426470588235294,LONJAKAN_PENJUALAN,0.08222699938485867
2026-01-25,W6,Tisu Paseo,Tisu,5.0,5.0,8400.0,7193.0,5.102520385624568,0.0,0.1436904761904762,LONJAKAN_PENJUALAN,0.08222699938485867
2025-09-10,W1,Cokelat SilverQueen,Snack,12.0,14.0,12500.0,9361.0,4.678507905230431,0.0,0.25112,LONJAKAN_PENJUALAN,0.08228733898728902
2025-10-26,W1,Kecap manis ABC 135ml,Bumbu,5.0,5.0,6200.0,5436.0,5.015503913178175,0.0,0.12322580645161291,LONJAKAN_PENJUALAN,0.0823772735442394
2025-05-09,W3,Djarum Super 16 batang,Rokok,6.0,6.0,33000.0,30273.0,4.362408398283685,0.0,0.08263636363636363,LONJAKAN_PENJUALAN,0.08239427273249722
2026-02-27,W5,Permen karet Big Babol,Snack,11.0,11.0,2200.0,1639.0,4.7236401367361145,0.0,0.255,LONJAKAN_PENJUALAN,0.0824150937980056
2025-04-16,W1,Garam Refina 500g,Sembako,6.0,6.0,4000.0,3690.0,4.26701997160417,0.0,0.0775,LONJAKAN_PENJUALAN,0.08243923334392511
2025-12-26,W1,Shampoo H&S sachet,Perawatan,5.0,5.0,2100.0,1800.0,5.094087457491067,0.0,0.14285714285714285,LONJAKAN_PENJUALAN,0.08250044053511063
2025-06-21,W5,Teh Botol Sosro 350ml,Minuman,12.0,12.0,5100.0,4133.0,5.217922537662772,0.0,0.1896078431372549,LONJAKAN_PENJUALAN,0.08252428608889184
2025-12-06,W4,Antangin sachet,Obat,6.0,6.0,3700.0,3100.0,5.306957047447083,0.0,0.16216216216216217,LONJAKAN_PENJUALAN,0.0825306424338138
2026-06-06,W5,Telur ayam 1 butir,Sembako,7.0,7.0,3100.0,2742.0,4.7690282629953415,0.0,0.11548387096774193,LONJAKAN_PENJUALAN,0.08263327367608164
2025-06-01,W3,Surya 12 batang,Rokok,6.0,6.0,26000.0,23775.0,4.4251768644460405,0.0,0.08557692307692308,LONJAKAN_PENJUALAN,0.08267479249506682
2025-12-07,W1,Sikat,Deterjen,6.0,6.0,7300.0,6286.0,5.050490413430072,0.0,0.1389041095890411,LONJAKAN_PENJUALAN,0.08269513250272764
2025-04-11,W3,Kopi susu Good Day sachet,Sachet,10.0,10.0,2100.0,1590.0,4.7475584680987835,0.0,0.24285714285714285,LONJAKAN_PENJUALAN,0.08276568352749403
2025-03-16,W4,Makaroni 200g,Mi,6.0,18.0,7000.0,6250.0,4.700096710803843,0.0,0.10714285714285714,LONJAKAN_PENJUALAN,0.08282226921937264
2025-07-29,W4,Deodoran Rexona sachet,Perawatan,5.0,5.0,4000.0,3489.0,5.0386956657196285,0.0,0.12775,LONJAKAN_PENJUALAN,0.08282817928250596
2025-11-16,W2,Mayones Maestro 100g,Bumbu,7.0,7.0,7100.0,6193.0,5.05756338254115,0.0,0.12774647887323945,LONJAKAN_PENJUALAN,0.08282817928250596
2026-02-08,W4,Diapet strip,Obat,5.0,5.0,7300.0,5950.0,5.201234235581547,0.0,0.18493150684931506,LONJAKAN_PENJUALAN,0.08286845332022408
2025-03-18,W4,Soklin sachet,Deterjen,5.0,5.0,2000.0,1750.0,5.009157448279935,0.0,0.125,LONJAKAN_PENJUALAN,0.08290398978752178
2025-08-16,W3,Kopi ABC sachet,Sachet,7.0,7.0,2200.0,1600.0,4.547189864054513,0.0,0.2727272727272727,LONJAKAN_PENJUALAN,0.08296628794309036
2025-09-08,W2,Bubur instan 50g,Mi,5.0,16.0,5000.0,4599.0,4.3296321189812765,0.0,0.0802,LONJAKAN_PENJUALAN,0.08297784458702628
2026-02-03,W2,Kopi susu Torabika sachet,Sachet,7.0,13.0,2000.0,1650.0,5.321880721247384,0.0,0.175,LONJAKAN_PENJUALAN,0.08300127033289917
2026-04-28,W4,Mama Lemon 400ml,Deterjen,6.0,6.0,8600.0,7442.0,4.877060004317587,0.0,0.13465116279069766,LONJAKAN_PENJUALAN,0.083090246290351
2026-02-01,W2,Teh Pucuk 350ml,Minuman,17.0,17.0,4100.0,3400.0,5.260118189034102,0.0,0.17073170731707318,LONJAKAN_PENJUALAN,0.08310375399436654
2026-01-31,W1,Extra Joss,Minuman,11.0,13.0,2700.0,2100.0,4.90402636001781,0.0,0.2222222222222222,LONJAKAN_PENJUALAN,0.08318313502768526
2026-02-08,W4,Minyak rambut Gatsby 75g,Perawatan,5.0,5.0,16000.0,13702.0,5.066334132580928,0.0,0.143625,LONJAKAN_PENJUALAN,0.0832150507451247
2025-10-11,W5,Mi goreng Indomie,Mi,10.0,10.0,3800.0,3292.0,4.9106325730661045,0.0,0.1336842105263158,LONJAKAN_PENJUALAN,0.08322678761762636
2025-10-14,W2,Balsem Geliga 20g,Obat,3.0,5.0,7800.0,6850.0,4.840691358041427,0.0,0.12179487179487179,LONJAKAN_PENJUALAN,0.08324314367078389
2025-04-10,W1,Pasta gigi Sensodyne 40g,Perawatan,6.0,6.0,20000.0,17033.0,5.132910888915605,0.0,0.14835,LONJAKAN_PENJUALAN,0.08331635288568362
2025-06-04,W2,Buku gambar,ATK,5.0,5.0,6800.0,4900.0,4.394703182707572,0.0,0.27941176470588236,LONJAKAN_PENJUALAN,0.08331914476163749
2025-10-03,W5,Mayones Maestro 100g,Bumbu,6.0,6.0,7400.0,6412.0,4.926083313341971,0.0,0.1335135135135135,LONJAKAN_PENJUALAN,0.08336329815437615
2025-09-02,W3,Kopi susu Torabika sachet,Sachet,7.0,7.0,2200.0,1600.0,4.529126517661764,0.0,0.2727272727272727,LONJAKAN_PENJUALAN,0.08337590340043888
2026-02-17,W4,Oralit sachet,Obat,3.0,5.0,2100.0,1750.0,5.281498167179533,0.0,0.16666666666666666,LONJAKAN_PENJUALAN,0.08343088407526034
2026-02-16,W2,Es krim Magnum,Frozen,8.0,8.0,16000.0,13973.0,4.8563870082108584,0.0,0.1266875,LONJAKAN_PENJUALAN,0.08343826514182329
2025-03-14,W2,Shampoo H&S sachet,Perawatan,5.0,5.0,1900.0,1705.0,4.610445876498739,0.0,0.10263157894736842,LONJAKAN_PENJUALAN,0.08352375421230274
2025-10-25,W6,Super Pell 450ml,Deterjen,6.0,6.0,8100.0,6990.0,4.8882251505754875,0.0,0.13703703703703704,LONJAKAN_PENJUALAN,0.08355308683007989
2026-02-01,W4,Chocolatos sachet,Sachet,20.0,20.0,2100.0,1699.0,5.136839910297162,0.0,0.19095238095238096,LONJAKAN_PENJUALAN,0.0837509105816363
2026-03-31,W6,Minyak goreng Sania 1L,Sembako,7.0,7.0,26000.0,24222.0,4.037030969365859,0.0,0.06838461538461539,LONJAKAN_PENJUALAN,0.08378372547873225
2026-01-10,W3,Gula pasir Gulaku 1kg,Sembako,4.0,5.0,23000.0,20782.0,4.594691065112811,0.0,0.09643478260869565,LONJAKAN_PENJUALAN,0.08379727455595976
2025-06-08,W6,Plastik kresek kecil,Plastik,5.0,5.0,4900.0,3750.0,4.96847202726495,0.0,0.23469387755102042,LONJAKAN_PENJUALAN,0.08391771230983391
2025-10-06,W3,Indomie Cup,Mi,5.0,5.0,6700.0,5919.0,4.793151047367444,0.0,0.11656716417910448,LONJAKAN_PENJUALAN,0.08392022247640107
2026-05-30,W6,Kacang atom Garuda 100g,Snack,5.0,5.0,7200.0,5552.0,4.918142419770088,0.0,0.2288888888888889,LONJAKAN_PENJUALAN,0.08402232590011904
2026-04-26,W5,Extra Joss sachet,Sachet,18.0,18.0,2200.0,1698.0,4.903247530388046,0.0,0.22818181818181818,LONJAKAN_PENJUALAN,0.08404209792368111
2025-12-26,W3,Sampoerna Mild 16 batang,Rokok,6.0,6.0,35000.0,32590.0,4.030286851591995,0.0,0.06885714285714285,LONJAKAN_PENJUALAN,0.08405646461427296
2025-03-08,W3,Oreo 119g,Snack,5.0,5.0,8200.0,5941.0,4.419240906459926,0.0,0.2754878048780488,LONJAKAN_PENJUALAN,0.08416810265148966
2025-06-11,W1,Makaroni 200g,Mi,6.0,6.0,7000.0,6381.0,4.447468558719246,0.0,0.08842857142857143,LONJAKAN_PENJUALAN,0.08421278841458535
2025-05-03,W6,Roma Kelapa 300g,Snack,7.0,7.0,8800.0,6848.0,4.846878998370468,0.0,0.22181818181818183,LONJAKAN_PENJUALAN,0.08427443645832466
2025-05-13,W6,Plastik klip,Plastik,5.0,5.0,4900.0,3646.0,4.67653718043597,0.0,0.2559183673469388,LONJAKAN_PENJUALAN,0.08430496436216361
2026-04-24,W3,Good Day 250ml,Minuman,10.0,10.0,5600.0,4330.0,4.869407972392427,0.0,0.22678571428571428,LONJAKAN_PENJUALAN,0.08431295379693482
2026-04-15,W1,Mi goreng Indomie,Mi,12.0,12.0,3700.0,3379.0,4.384510165193956,0.0,0.08675675675675676,LONJAKAN_PENJUALAN,0.0843149714709972
2025-07-06,W5,Kecap manis Sedap 135ml,Bumbu,5.0,5.0,5600.0,4808.0,5.019595207521453,0.0,0.14142857142857143,LONJAKAN_PENJUALAN,0.08433161267067102
2025-06-13,W4,Gunting Joyko,ATK,6.0,8.0,7000.0,5100.0,4.4995969367182544,0.0,0.2714285714285714,LONJAKAN_PENJUALAN,0.08433720212493578
2025-03-25,W3,Karbol 500ml,Deterjen,5.0,5.0,7200.0,5945.0,5.246015315620926,0.0,0.17430555555555555,LONJAKAN_PENJUALAN,0.08437354570656208
2025-05-22,W4,Diapet strip,Obat,3.0,6.0,7000.0,5765.0,5.220806433239264,0.0,0.17642857142857143,LONJAKAN_PENJUALAN,0.08442659351317017
2026-03-29,W6,Beng-Beng,Snack,5.0,5.0,2600.0,1999.0,5.03869566571962,0.0,0.23115384615384615,LONJAKAN_PENJUALAN,0.08443536140557406
2026-03-19,W1,Penyedap Masako,Bumbu,5.0,5.0,1800.0,1549.0,5.009157448279933,0.0,0.13944444444444445,LONJAKAN_PENJUALAN,0.08448654789548748
2026-02-28,W3,Good Day 250ml,Minuman,6.0,6.0,5600.0,4300.0,5.0393595714829225,0.0,0.23214285714285715,LONJAKAN_PENJUALAN,0.08450684057621216
2025-08-07,W1,Kacang kulit Garuda 100g,Snack,8.0,8.0,7000.0,5319.0,4.800237372999023,0.0,0.24014285714285713,LONJAKAN_PENJUALAN,0.08464344690567482
2026-03-22,W6,Kopiko 78C 240ml,Minuman,10.0,10.0,6100.0,5067.0,5.1873772325247085,0.0,0.16934426229508195,LONJAKAN_PENJUALAN,0.08477564823264294
2025-12-15,W5,Minyak rambut Gatsby 75g,Perawatan,5.0,5.0,16000.0,13311.0,5.201234235581547,0.0,0.1680625,LONJAKAN_PENJUALAN,0.08477564823264294
2026-04-07,W6,Kratingdaeng 150ml,Minuman,6.0,7.0,8400.0,6983.0,5.144510974832927,0.0,0.1686904761904762,LONJAKAN_PENJUALAN,0.08477564823264294
2025-05-20,W4,Teh Sariwangi 25 kantong,Sachet,8.0,21.0,8000.0,6421.0,5.19636330123689,0.0,0.197375,LONJAKAN_PENJUALAN,0.08488376363217465
2026-04-07,W6,Le Minerale 1.5L,Minuman,8.0,8.0,6100.0,5009.0,5.088150313006504,0.0,0.17885245901639343,LONJAKAN_PENJUALAN,0.08502194584570133
2025-08-25,W1,Keripik kentang Chitato 68g,Snack,8.0,8.0,12500.0,9350.0,4.595018530797502,0.0,0.252,LONJAKAN_PENJUALAN,0.08518692658734406
2025-06-01,W4,Kerupuk 100g,Snack,22.0,22.0,5000.0,3800.0,4.750004713385948,0.0,0.24,LONJAKAN_PENJUALAN,0.0851880269655032
2026-01-31,W1,Le Minerale 1.5L,Minuman,7.0,7.0,6200.0,5083.0,5.083312120242211,0.0,0.18016129032258066,LONJAKAN_PENJUALAN,0.08521608246002876
2026-03-19,W3,Indomilk 190ml,Minuman,11.0,11.0,5400.0,4245.0,4.951334596420877,0.0,0.21388888888888888,LONJAKAN_PENJUALAN,0.08526986202430065
2026-04-03,W3,Soklin sachet,Deterjen,5.0,5.0,2300.0,1804.0,5.0386956657196125,0.0,0.21565217391304348,LONJAKAN_PENJUALAN,0.08533098943230233
2026-02-01,W4,Makaroni 200g,Mi,8.0,10.0,7400.0,6560.0,4.684204430427356,0.0,0.11351351351351352,LONJAKAN_PENJUALAN,0.08542139095322865
2025-11-01,W5,Keripik kentang Chitato 68g,Snack,9.0,9.0,12500.0,9500.0,4.768316485434157,0.0,0.24,LONJAKAN_PENJUALAN,0.08546013282309828
2025-03-09,W4,Kerupuk 100g,Snack,16.0,17.0,5000.0,3750.0,4.6026841791360065,0.0,0.25,LONJAKAN_PENJUALAN,0.08547011708041385
2025-05-01,W5,Deodoran Rexona 45ml,Perawatan,5.0,5.0,18500.0,15232.0,5.147395478702217,0.0,0.17664864864864865,LONJAKAN_PENJUALAN,0.08553354894948628
2026-02-16,W5,Mi kari ayam Indomie,Mi,8.0,8.0,3800.0,3193.0,5.1025203856245795,0.0,0.15973684210526315,LONJAKAN_PENJUALAN,0.0855499756341167
2025-04-15,W4,Diapet strip,Obat,5.0,5.0,7000.0,5750.0,5.14739547870222,0.0,0.17857142857142858,LONJAKAN_PENJUALAN,0.08556618460989285
2026-05-16,W4,Shampoo Clear sachet,Perawatan,6.0,6.0,1600.0,1404.0,4.791178177160095,0.0,0.1225,LONJAKAN_PENJUALAN,0.08557043170068546
2026-07-04,W6,Minyak goreng Bimoli 1L,Sembako,5.0,5.0,29500.0,27195.0,4.249423738651118,0.0,0.07813559322033899,LONJAKAN_PENJUALAN,0.0855923714446577
2026-07-12,W5,Kerupuk 100g,Snack,6.0,6.0,5500.0,4076.0,4.607540728327984,0.0,0.2589090909090909,LONJAKAN_PENJUALAN,0.08564564654125228
2025-04-02,W6,Aqua 600ml,Minuman,18.0,18.0,3900.0,3206.0,5.128473426949078,0.0,0.17794871794871794,LONJAKAN_PENJUALAN,0.08564765049815537
2025-08-26,W2,Kacang atom Garuda 100g,Snack,14.0,16.0,6800.0,5360.0,4.999547435487241,0.0,0.21176470588235294,LONJAKAN_PENJUALAN,0.08566278602703115
2025-06-12,W4,Gula pasir Gulaku 1kg,Sembako,5.0,5.0,19000.0,17664.0,4.083267922029721,0.0,0.0703157894736842,LONJAKAN_PENJUALAN,0.08574656169133676
2025-05-02,W2,Lem Fox 10g,ATK,4.0,5.0,2900.0,2150.0,4.615512502964825,0.0,0.25862068965517243,LONJAKAN_PENJUALAN,0.0857614439383414
2025-09-26,W5,Attack sachet,Deterjen,4.0,5.0,2700.0,2155.0,5.015503913178177,0.0,0.20185185185185187,LONJAKAN_PENJUALAN,0.08580001195076059
2026-03-17,W6,Downy sachet,Deterjen,5.0,5.0,2200.0,1850.0,5.147395478702212,0.0,0.1590909090909091,LONJAKAN_PENJUALAN,0.08590896710786866
2025-08-28,W3,Deodoran Rexona sachet,Perawatan,5.0,5.0,4300.0,3543.0,5.102520385624569,0.0,0.17604651162790697,LONJAKAN_PENJUALAN,0.08594142802064442
2025-11-30,W3,Sunlight sachet,Deterjen,9.0,9.0,2200.0,1750.0,4.852154840213432,0.0,0.20454545454545456,LONJAKAN_PENJUALAN,0.08608064870227827
2025-12-16,W4,Deodoran Rexona 45ml,Perawatan,7.0,7.0,19000.0,16300.0,4.997118985643829,0.0,0.14210526315789473,LONJAKAN_PENJUALAN,0.08609737938296047
2025-12-14,W2,Bubur instan 50g,Mi,11.0,18.0,5000.0,4650.0,4.043266828261308,0.0,0.07,LONJAKAN_PENJUALAN,0.08615429668973318
2025-04-26,W2,Mi jumbo Indomie,Mi,23.0,25.0,4400.0,4092.0,4.026282564174566,0.0,0.07,LONJAKAN_PENJUALAN,0.08615429668973318
2026-01-31,W3,Tepung terigu Kompas 1kg,Sembako,1.0,6.0,15500.0,13655.0,4.744119374821926,0.0,0.11903225806451613,LONJAKAN_PENJUALAN,0.0861549676042922
2025-09-18,W1,Kopiko 78C 240ml,Minuman,13.0,13.0,6200.0,4966.0,5.0652985900715475,0.0,0.19903225806451613,LONJAKAN_PENJUALAN,0.08616792499502823
2026-01-31,W4,Kacang kulit Garuda 100g,Snack,11.0,15.0,7300.0,5700.0,4.847406526807469,0.0,0.2191780821917808,LONJAKAN_PENJUALAN,0.08618164004967899
2025-09-04,W4,Antangin sachet,Obat,6.0,6.0,3700.0,3050.0,5.169219998508547,0.0,0.17567567567567569,LONJAKAN_PENJUALAN,0.0861930408879561
2026-07-15,W6,Extra Joss,Minuman,10.0,10.0,2500.0,2100.0,5.18046847235132,0.0,0.16,LONJAKAN_PENJUALAN,0.08627777540018489
2026-02-19,W6,Saus tiram Saori 133ml,Bumbu,5.0,5.0,8700.0,7562.0,4.793151047367449,0.0,0.13080459770114944,LONJAKAN_PENJUALAN,0.08630589987274317
2026-06-07,W6,Le Minerale 1.5L,Minuman,8.0,8.0,6300.0,5195.0,5.1785195536976945,0.0,0.17539682539682538,LONJAKAN_PENJUALAN,0.0863288825246803
2025-10-18,W6,Downy sachet,Deterjen,5.0,5.0,2100.0,1800.0,5.038695665719619,0.0,0.14285714285714285,LONJAKAN_PENJUALAN,0.08636907516277936
2025-04-29,W3,Korek gas,Rokok,8.0,8.0,2100.0,1894.0,4.550388601445518,0.0,0.0980952380952381,LONJAKAN_PENJUALAN,0.08648801268114681
2025-12-25,W5,Gula pasir Rose Brand 1kg,Sembako,6.0,6.0,22500.0,20091.0,4.6356230954367055,0.0,0.10706666666666667,LONJAKAN_PENJUALAN,0.08650358942416803
2026-02-17,W5,Buavita 250ml,Minuman,15.0,15.0,7100.0,5659.0,5.00636737422598,0.0,0.20295774647887324,LONJAKAN_PENJUALAN,0.08661513389442199
2025-08-22,W6,Sunlight sachet,Deterjen,8.0,8.0,2100.0,1799.0,4.948129964722356,0.0,0.14333333333333334,LONJAKAN_PENJUALAN,0.08664064841980179
2026-01-29,W5,Attack sachet,Deterjen,6.0,6.0,2700.0,2151.0,4.879881645619924,0.0,0.20333333333333334,LONJAKAN_PENJUALAN,0.08669299706973299
2025-10-26,W3,Sikat,Deterjen,9.0,9.0,7500.0,6203.0,5.108771287985822,0.0,0.17293333333333333,LONJAKAN_PENJUALAN,0.08673583582188993
2026-03-01,W4,Mi kari ayam Indomie,Mi,16.0,28.0,3700.0,3394.0,4.2603658808653435,0.0,0.0827027027027027,LONJAKAN_PENJUALAN,0.08679357125647813
2026-05-20,W2,Es krim cone Wall's,Frozen,6.0,8.0,5200.0,4552.0,4.8064657156851025,0.0,0.12461538461538461,LONJAKAN_PENJUALAN,0.08687852688162345
2025-04-26,W5,Khong Guan 200g,Snack,7.0,7.0,9200.0,6718.0,4.422184334207959,0.0,0.2697826086956522,LONJAKAN_PENJUALAN,0.08698156730919981
2026-05-05,W5,Bakso 250g,Frozen,3.0,5.0,17000.0,13972.0,5.0709255283711,0.0,0.17811764705882352,LONJAKAN_PENJUALAN,0.08700426324892652
2026-05-22,W5,Tepung beras Rose Brand 500g,Sembako,6.0,6.0,11500.0,10105.0,4.748878111509319,0.0,0.12130434782608696,LONJAKAN_PENJUALAN,0.08706775904228281
2025-12-30,W3,Beras medium 1kg,Sembako,9.0,9.0,17000.0,14977.0,4.733604619228481,0.0,0.119,LONJAKAN_PENJUALAN,0.0871496351076505
2025-05-25,W3,Indomilk 190ml,Minuman,9.0,9.0,5200.0,4145.0,4.916427987659036,0.0,0.20288461538461539,LONJAKAN_PENJUALAN,0.08715793606772126
2025-04-30,W2,Shampoo H&S sachet,Perawatan,6.0,6.0,1900.0,1700.0,4.594747232183679,0.0,0.10526315789473684,LONJAKAN_PENJUALAN,0.08721027013194493
2026-02-01,W3,Kecap manis Sedap 135ml,Bumbu,5.0,5.0,6500.0,5408.0,5.066334132580929,0.0,0.168,LONJAKAN_PENJUALAN,0.08726487358494395
2026-07-14,W1,Sosis So Nice,Frozen,5.0,5.0,16500.0,13962.0,5.019595207521449,0.0,0.15381818181818183,LONJAKAN_PENJUALAN,0.08737602627582974
2025-07-06,W4,Bakso 250g,Frozen,6.0,6.0,15500.0,13115.0,5.044036844860242,0.0,0.15387096774193548,LONJAKAN_PENJUALAN,0.08737602627582974
2025-08-31,W6,Roma Kelapa 300g,Snack,5.0,5.0,9100.0,7052.0,4.793151047367452,0.0,0.22505494505494505,LONJAKAN_PENJUALAN,0.08738046999276528
2026-05-03,W1,Penyedap Masako,Bumbu,5.0,5.0,1800.0,1550.0,4.793151047367446,0.0,0.1388888888888889,LONJAKAN_PENJUALAN,0.08739221520500684
2026-03-22,W2,Diapet strip,Obat,2.0,6.0,6800.0,5900.0,4.74411937482192,0.0,0.1323529411764706,LONJAKAN_PENJUALAN,0.08739532811834239
2026-01-30,W2,Bihun Rose Brand 320g,Mi,13.0,13.0,8100.0,7498.0,4.151680262377274,0.0,0.07432098765432099,LONJAKAN_PENJUALAN,0.08742094895138874
2026-06-28,W3,Mi goreng Sedaap,Mi,6.0,6.0,3800.0,3386.0,4.60164972168517,0.0,0.10894736842105263,LONJAKAN_PENJUALAN,0.08751994363108007
2026-06-11,W3,Mi jumbo Indomie,Mi,5.0,5.0,4800.0,4192.0,4.754355487749744,0.0,0.12666666666666668,LONJAKAN_PENJUALAN,0.08757297545086995
2026-01-02,W3,Telur ayam 1kg,Sembako,3.0,7.0,38000.0,33456.0,4.728098590419492,0.0,0.11957894736842105,LONJAKAN_PENJUALAN,0.0876143233361083
2026-01-31,W1,Le Minerale 600ml,Minuman,16.0,16.0,4200.0,3389.0,4.97320208308029,0.0,0.1930952380952381,LONJAKAN_PENJUALAN,0.08761450667123183
2025-10-19,W3,Margarin Blue Band 200g,Sembako,9.0,9.0,9700.0,8663.0,4.5938175683521765,0.0,0.10690721649484536,LONJAKAN_PENJUALAN,0.08761701514018583
2025-03-16,W3,Sikat gigi Formula,Perawatan,5.0,5.0,7200.0,5872.0,5.0386956657196205,0.0,0.18444444444444444,LONJAKAN_PENJUALAN,0.0877126990955267
2026-06-08,W2,Saus tomat ABC 135ml,Bumbu,6.0,6.0,8000.0,7143.0,4.592793267718463,0.0,0.107125,LONJAKAN_PENJUALAN,0.0877525356659572
2025-05-25,W6,Pasta gigi Pepsodent 75g,Perawatan,5.0,5.0,6900.0,6143.0,4.5807294950440935,0.0,0.10971014492753624,LONJAKAN_PENJUALAN,0.0877708974452377
2025-09-20,W2,LA Bold 16 batang,Rokok,6.0,6.0,29000.0,29062.0,2.2917462425705284,0.0,-0.0021379310344827587,JUAL_DI_BAWAH_HPP,0.08777602550508945
2025-09-21,W4,Kopi ABC sachet,Sachet,19.0,20.0,2100.0,1601.0,4.76097121736679,0.0,0.23761904761904762,LONJAKAN_PENJUALAN,0.08786678200345666
2025-05-30,W2,Buku tulis Kiky,ATK,0.0,5.0,5800.0,4202.0,4.262360762187352,0.0,0.27551724137931033,LONJAKAN_PENJUALAN,0.08811777176035052
2025-04-10,W5,Tepung beras Rose Brand 500g,Sembako,6.0,6.0,8700.0,7622.0,4.74341649025257,0.0,0.1239080459770115,LONJAKAN_PENJUALAN,0.08814643094833297
2026-03-01,W3,Indomilk 190ml,Minuman,7.0,7.0,5400.0,4158.0,4.80092529962689,0.0,0.23,LONJAKAN_PENJUALAN,0.08817182626762055
2026-04-07,W6,Santan Kara 65ml,Sembako,8.0,8.0,5200.0,4789.0,4.102455759063542,0.0,0.07903846153846154,LONJAKAN_PENJUALAN,0.08817869514837773
2025-12-15,W4,Teh Tong Tji sachet,Sachet,20.0,20.0,1000.0,850.0,4.988846163216307,0.0,0.15,LONJAKAN_PENJUALAN,0.08821661682490811
2026-07-02,W6,Super Pell 450ml,Deterjen,6.0,6.0,8400.0,7150.0,5.044036844860256,0.0,0.1488095238095238,LONJAKAN_PENJUALAN,0.08821661682490811
2026-03-10,W1,Oatmeal Quaker 35g,Mi,5.0,5.0,3700.0,3299.0,4.5733701234116495,0.0,0.10837837837837838,LONJAKAN_PENJUALAN,0.08837868673057103
2026-03-22,W6,Molto sachet,Deterjen,5.0,5.0,2200.0,1844.0,5.0709255283711,0.0,0.1618181818181818,LONJAKAN_PENJUALAN,0.08840829085156321
2026-03-25,W2,Kaldu bubuk Royco 100g,Bumbu,6.0,6.0,6000.0,5464.0,4.330127018922179,0.0,0.08933333333333333,LONJAKAN_PENJUALAN,0.08843755905844841
2025-04-12,W2,Tisu basah Cussons,Tisu,5.0,5.0,8700.0,7502.0,4.7757646019132,0.0,0.13770114942528736,LONJAKAN_PENJUALAN,0.0885423127983247
2025-12-18,W4,Kukubima sachet,Minuman,9.0,19.0,2600.0,2100.0,5.017492670578781,0.0,0.19230769230769232,LONJAKAN_PENJUALAN,0.08869593734789871
2025-12-25,W3,Minyak goreng Bimoli 1L,Sembako,7.0,7.0,26000.0,23563.0,4.481764340951678,0.0,0.09373076923076923,LONJAKAN_PENJUALAN,0.08875786047207623
2025-12-17,W4,Sikat gigi Formula,Perawatan,5.0,7.0,7300.0,6198.0,4.876272665143635,0.0,0.15095890410958904,LONJAKAN_PENJUALAN,0.08885871478911156
2025-10-20,W3,Bubur instan 50g,Mi,5.0,5.0,5400.0,4547.0,5.066334132580925,0.0,0.15796296296296297,LONJAKAN_PENJUALAN,0.08887936411966368
2026-01-14,W3,Tepung terigu Segitiga Biru 1kg,Sembako,6.0,6.0,17500.0,15858.0,4.489619363336914,0.0,0.09382857142857143,LONJAKAN_PENJUALAN,0.08889312373341263
2025-04-24,W3,Rinso 800g,Deterjen,3.0,6.0,18500.0,15300.0,5.075554581632165,0.0,0.17297297297297298,LONJAKAN_PENJUALAN,0.08894656932476142
2025-08-01,W6,Saus sambal ABC 135ml,Bumbu,7.0,7.0,6900.0,6029.0,4.728438228296705,0.0,0.126231884057971,LONJAKAN_PENJUALAN,0.08897513799895385
2026-01-28,W1,Nescafe 220ml,Minuman,6.0,6.0,6200.0,5002.0,4.877943724087995,0.0,0.1932258064516129,LONJAKAN_PENJUALAN,0.08908350244998176
2026-01-01,W2,Body lotion Citra 100ml,Perawatan,4.0,5.0,10500.0,8950.0,5.009157448279933,0.0,0.14761904761904762,LONJAKAN_PENJUALAN,0.0890873099339683
2026-04-03,W2,Pulpen Standard AE7,ATK,5.0,5.0,2500.0,1800.0,4.168725805248832,0.0,0.28,LONJAKAN_PENJUALAN,0.08930496898197526
2025-11-02,W4,FreshCare 10ml,Obat,4.0,6.0,12500.0,10200.0,5.039359571482913,0.0,0.184,LONJAKAN_PENJUALAN,0.08936653675792072
2026-03-23,W3,Penyedap Masako,Bumbu,9.0,9.0,1700.0,1500.0,4.683592672515836,0.0,0.11764705882352941,LONJAKAN_PENJUALAN,0.089437839128374
2025-03-07,W6,Kacang kulit Garuda 100g,Snack,7.0,7.0,6900.0,5334.0,4.735738983482574,0.0,0.22695652173913045,LONJAKAN_PENJUALAN,0.0895840795008177
2026-07-09,W3,Chocolatos sachet,Sachet,8.0,8.0,2300.0,1699.0,4.552507778135012,0.0,0.26130434782608697,LONJAKAN_PENJUALAN,0.08966956711682106
2026-02-01,W2,Indomie Cup,Mi,18.0,18.0,6500.0,5982.0,4.217967441916273,0.0,0.07969230769230769,LONJAKAN_PENJUALAN,0.0896905204287165
2026-05-02,W3,Attack sachet,Deterjen,5.0,5.0,2800.0,2250.0,5.019595207521456,0.0,0.19642857142857142,LONJAKAN_PENJUALAN,0.08969185571327576
2026-03-07,W2,Buku tulis Kiky,ATK,3.0,5.0,6000.0,4350.0,4.236461797165419,0.0,0.275,LONJAKAN_PENJUALAN,0.08970311411647802
2025-11-29,W5,Mi kari ayam Indomie,Mi,8.0,8.0,3600.0,3192.0,4.594566204772614,0.0,0.11333333333333333,LONJAKAN_PENJUALAN,0.08972943581961135
2026-02-01,W6,Kecap manis ABC 135ml,Bumbu,9.0,9.0,6800.0,5867.0,4.733416968540265,0.0,0.13720588235294118,LONJAKAN_PENJUALAN,0.08977517753868769
2025-09-06,W1,Snack jagung Cheetos,Snack,7.0,13.0,3100.0,2254.0,4.261457729230925,0.0,0.2729032258064516,LONJAKAN_PENJUALAN,0.08983034240349341
2026-06-07,W6,Cappuccino Good Day sachet,Sachet,8.0,8.0,2600.0,2099.0,4.901382150509599,0.0,0.1926923076923077,LONJAKAN_PENJUALAN,0.08986027658904261
2025-09-18,W1,Daia sachet,Deterjen,5.0,5.0,2100.0,1800.0,4.818962569691497,0.0,0.14285714285714285,LONJAKAN_PENJUALAN,0.08988628223054329
2026-01-31,W2,Bihun Rose Brand 320g,Mi,15.0,15.0,8100.0,7498.0,4.059499293069771,0.0,0.07432098765432099,LONJAKAN_PENJUALAN,0.0899099582275189
2026-03-04,W3,Pocari Sweat 350ml,Minuman,8.0,8.0,7200.0,5616.0,4.724555912615337,0.0,0.22,LONJAKAN_PENJUALAN,0.09002471015659885
2026-02-16,W5,Teh Pucuk 350ml,Minuman,10.0,10.0,4300.0,3449.0,4.9377165800614655,0.0,0.19790697674418606,LONJAKAN_PENJUALAN,0.09009692228254107
2026-05-29,W1,Sendok plastik,Plastik,5.0,6.0,5200.0,3804.0,4.289648426906442,0.0,0.2684615384615385,LONJAKAN_PENJUALAN,0.09019907184891351
2025-11-30,W3,Korek gas,Rokok,6.0,6.0,2100.0,1948.0,4.06997196730786,0.0,0.07238095238095238,LONJAKAN_PENJUALAN,0.0902948612694704
2026-06-06,W5,Snack kentang Qtela 60g,Snack,6.0,6.0,8800.0,6475.0,4.492797207206873,0.0,0.26420454545454547,LONJAKAN_PENJUALAN,0.09039589398327241
2025-12-14,W2,Pocari Sweat 350ml,Minuman,34.0,34.0,7100.0,5903.0,5.0533646530718155,0.0,0.16859154929577463,LONJAKAN_PENJUALAN,0.09039779814789506
2025-04-18,W1,Paracetamol strip,Obat,5.0,6.0,3000.0,2496.0,5.059216117141086,0.0,0.168,LONJAKAN_PENJUALAN,0.09039779814789506
2025-10-05,W5,Nutrisari sachet,Sachet,18.0,18.0,2100.0,1600.0,4.692234761536397,0.0,0.23809523809523808,LONJAKAN_PENJUALAN,0.09043039557939736
2025-04-24,W3,Parfum Gatsby 100ml,Perawatan,5.0,5.0,26000.0,21401.0,5.019595207521451,0.0,0.1768846153846154,LONJAKAN_PENJUALAN,0.09045216337351425
2026-02-01,W1,Kacang kulit Garuda 100g,Snack,8.0,8.0,7300.0,5672.0,4.701766668828046,0.0,0.22301369863013698,LONJAKAN_PENJUALAN,0.0904636461425542
2026-02-11,W1,Shampoo Sunsilk sachet,Perawatan,5.0,5.0,1600.0,1350.0,5.026963293580488,0.0,0.15625,LONJAKAN_PENJUALAN,0.09048017531270725
2025-07-19,W6,Indomie Cup,Mi,6.0,6.0,6600.0,5917.0,4.505734375609999,0.0,0.10348484848484849,LONJAKAN_PENJUALAN,0.09048952870586935
2025-04-29,W6,Spons (kebersihan),Deterjen,2.0,6.0,2900.0,2450.0,4.9099025303098305,0.0,0.15517241379310345,LONJAKAN_PENJUALAN,0.090540249557446
2025-04-17,W3,Ultra Milk 250ml,Minuman,12.0,12.0,5700.0,4456.0,4.763789955669784,0.0,0.21824561403508771,LONJAKAN_PENJUALAN,0.0905442084135053
2026-07-09,W3,Attack sachet,Deterjen,2.0,7.0,2800.0,2291.0,5.061966075079551,0.0,0.18178571428571427,LONJAKAN_PENJUALAN,0.09056481198428701
2025-08-31,W1,Teh Gelas 350ml,Minuman,17.0,20.0,2600.0,2015.0,4.059096276298867,0.0,0.225,LONJAKAN_PENJUALAN,0.09059874437504034
2025-12-20,W3,Aqua 330ml,Minuman,6.0,9.0,3200.0,2450.0,4.715135577488027,0.0,0.234375,LONJAKAN_PENJUALAN,0.09061304627906397
2026-07-08,W4,Tisu basah Mitu,Tisu,5.0,5.0,8600.0,6903.0,4.918142419770088,0.0,0.19732558139534884,LONJAKAN_PENJUALAN,0.09061657964947956
2026-03-30,W5,Paracetamol Sanmol strip,Obat,5.0,5.0,4300.0,3444.0,4.88110519963715,0.0,0.19906976744186047,LONJAKAN_PENJUALAN,0.09075142376342948
2026-03-08,W6,Teh Sariwangi 1 kantong,Sachet,7.0,7.0,500.0,410.0,4.929503017546502,0.0,0.18,LONJAKAN_PENJUALAN,0.09083094120711588
2025-08-10,W6,Milo sachet,Sachet,6.0,6.0,3400.0,2790.0,4.926083313341959,0.0,0.17941176470588235,LONJAKAN_PENJUALAN,0.09083094120711588
2025-04-26,W6,Plastik kresek sedang,Plastik,5.0,5.0,6900.0,5060.0,4.322111782193378,0.0,0.26666666666666666,LONJAKAN_PENJUALAN,0.09090432174254981
2025-11-30,W4,Buku tulis Kiky,ATK,6.0,6.0,6200.0,4450.0,4.0089186286863665,0.0,0.28225806451612906,LONJAKAN_PENJUALAN,0.0910505048975464
2026-04-21,W2,Daia sachet,Deterjen,5.0,5.0,2000.0,1794.0,4.403995202673787,0.0,0.103,LONJAKAN_PENJUALAN,0.09106286253249896
2025-06-02,W2,Pulpen Pilot,ATK,2.0,6.0,3900.0,2900.0,4.5373212132756,0.0,0.2564102564102564,LONJAKAN_PENJUALAN,0.09127626577134318
2026-06-14,W2,Shampoo Sunsilk sachet,Perawatan,1.0,7.0,1600.0,1350.0,4.929503017546494,0.0,0.15625,LONJAKAN_PENJUALAN,0.0912889684703384
2025-04-22,W6,Super Pell 450ml,Deterjen,5.0,6.0,7800.0,6713.0,4.730917347340622,0.0,0.13935897435897435,LONJAKAN_PENJUALAN,0.09137286262380984
2026-06-03,W3,Korek gas,Rokok,8.0,8.0,2400.0,2157.0,4.438938825617462,0.0,0.10125,LONJAKAN_PENJUALAN,0.09151119055379608
2026-02-08,W2,Minyak kayu putih Cap Lang 30ml (Obat),Obat,5.0,5.0,10500.0,8800.0,5.026963293580479,0.0,0.1619047619047619,LONJAKAN_PENJUALAN,0.09153525813214791
2026-05-10,W6,Attack sachet,Deterjen,9.0,9.0,2600.0,2200.0,4.8346604708401975,0.0,0.15384615384615385,LONJAKAN_PENJUALAN,0.09154098938929478
2025-07-22,W6,Downy sachet,Deterjen,6.0,6.0,2100.0,1799.0,4.766768079325648,0.0,0.14333333333333334,LONJAKAN_PENJUALAN,0.0915764904801406
2025-08-24,W5,Daia sachet,Deterjen,5.0,5.0,2100.0,1799.0,4.780605152414691,0.0,0.14333333333333334,LONJAKAN_PENJUALAN,0.0915764904801406
2026-07-08,W3,Nutrisari sachet,Sachet,7.0,7.0,2300.0,1660.0,4.014269342422215,0.0,0.2782608695652174,LONJAKAN_PENJUALAN,0.09162079566727199
2025-04-09,W3,Kopi susu Good Day sachet,Sachet,7.0,7.0,2100.0,1550.0,4.4632646916037935,0.0,0.2619047619047619,LONJAKAN_PENJUALAN,0.09162114889993489
2025-12-30,W3,Snack jagung Cheetos,Snack,5.0,5.0,3300.0,2443.0,4.499999999999998,0.0,0.2596969696969697,LONJAKAN_PENJUALAN,0.0916894041071975
2025-03-17,W5,Saus tomat ABC 135ml,Bumbu,5.0,5.0,7100.0,6074.0,4.754355487749744,0.0,0.14450704225352112,LONJAKAN_PENJUALAN,0.09171111813099031
2025-12-07,W3,Kopi susu Good Day sachet,Sachet,8.0,8.0,2200.0,1600.0,4.235057766514433,0.0,0.2727272727272727,LONJAKAN_PENJUALAN,0.09178980736163855
2025-03-25,W4,Sikat gigi Formula,Perawatan,7.0,7.0,7000.0,6106.0,4.677100542885089,0.0,0.12771428571428572,LONJAKAN_PENJUALAN,0.09185045547643322
2025-09-27,W5,Wafer Tango 115g,Snack,8.0,8.0,7400.0,5352.0,4.104694176880207,0.0,0.27675675675675676,LONJAKAN_PENJUALAN,0.09191382610539722
2025-05-30,W2,FreshCare 10ml,Obat,8.0,8.0,11500.0,10055.0,4.678679834566125,0.0,0.12565217391304348,LONJAKAN_PENJUALAN,0.09192770644802029
2026-06-05,W1,Saus sambal sachet ABC,Bumbu,5.0,5.0,1700.0,1500.0,4.64273923351671,0.0,0.11764705882352941,LONJAKAN_PENJUALAN,0.09217186380603648
2026-04-13,W1,Milo sachet,Sachet,12.0,12.0,3700.0,2955.0,4.764982408299926,0.0,0.20135135135135135,LONJAKAN_PENJUALAN,0.09218414347778758
2026-01-28,W2,Snack jagung Cheetos,Snack,12.0,12.0,3000.0,2301.0,4.685371138202779,0.0,0.233,LONJAKAN_PENJUALAN,0.09221455082670049
2025-09-27,W5,Paracetamol Sanmol strip,Obat,6.0,6.0,4100.0,3350.0,4.8799590162213455,0.0,0.18292682926829268,LONJAKAN_PENJUALAN,0.09221852801544617
2025-07-30,W5,Telur ayam 1 butir,Sembako,10.0,10.0,2400.0,2152.0,4.45686380701453,0.0,0.10333333333333333,LONJAKAN_PENJUALAN,0.0922562247834432
2026-07-15,W3,Good Day 250ml,Minuman,9.0,9.0,5600.0,4250.0,4.588493569536667,0.0,0.24107142857142858,LONJAKAN_PENJUALAN,0.09225941177092101
2026-01-31,W5,Bubur instan 50g,Mi,5.0,5.0,5300.0,4678.0,4.61551250296481,0.0,0.11735849056603774,LONJAKAN_PENJUALAN,0.0923756652317348
2025-10-01,W1,Kacang atom Garuda 100g,Snack,11.0,11.0,7300.0,5460.0,4.355447716599299,0.0,0.25205479452054796,LONJAKAN_PENJUALAN,0.09246876828951944
2026-04-13,W1,Cokelat SilverQueen,Snack,11.0,11.0,13000.0,9626.0,4.457265230715763,0.0,0.25953846153846155,LONJAKAN_PENJUALAN,0.09249656207611623
2026-03-20,W5,Nutrisari sachet,Sachet,18.0,18.0,2100.0,1650.0,4.714846983977795,0.0,0.21428571428571427,LONJAKAN_PENJUALAN,0.09256531898191511
2025-11-03,W2,Sikat,Deterjen,5.0,5.0,7100.0,6250.0,4.615512502964827,0.0,0.11971830985915492,LONJAKAN_PENJUALAN,0.09262051185160347
2026-05-24,W2,Basreng 100g,Snack,24.0,24.0,7400.0,5884.0,4.708030614759498,0.0,0.20486486486486485,LONJAKAN_PENJUALAN,0.09265469503827539
2025-10-19,W3,Le Minerale 600ml,Minuman,6.0,6.0,4100.0,3251.0,4.748878111509317,0.0,0.2070731707317073,LONJAKAN_PENJUALAN,0.09270052118578787
2025-10-12,W6,Kaldu bubuk Royco 100g,Bumbu,6.0,6.0,5600.0,4895.0,4.650082998119594,0.0,0.12589285714285714,LONJAKAN_PENJUALAN,0.09273454217081012
2025-06-17,W1,Penyedap Masako,Bumbu,6.0,6.0,1500.0,1342.0,4.471561053433787,0.0,0.10533333333333333,LONJAKAN_PENJUALAN,0.09279748814783628
2026-04-14,W2,Sprite 390ml,Minuman,17.0,17.0,6000.0,5150.0,4.701223927327492,0.0,0.14166666666666666,LONJAKAN_PENJUALAN,0.09287534474356596
2026-05-04,W2,Mayones Maestro 100g,Bumbu,7.0,7.0,7600.0,6799.0,4.481764340951672,0.0,0.10539473684210526,LONJAKAN_PENJUALAN,0.09293184045963143
2026-03-01,W1,Keripik kentang Chitato 68g,Snack,14.0,14.0,12500.0,9386.0,4.4157592891661706,0.0,0.24912,LONJAKAN_PENJUALAN,0.09298552315212572
2026-03-31,W3,Kantong sampah,Deterjen,5.0,5.0,8500.0,7208.0,4.778948196482326,0.0,0.152,LONJAKAN_PENJUALAN,0.09303333144124326
2025-04-15,W3,Kopi susu Torabika sachet,Sachet,10.0,10.0,2100.0,1550.0,4.38074565593953,0.0,0.2619047619047619,LONJAKAN_PENJUALAN,0.09303789347805913
2025-04-14,W3,Indomilk 190ml,Minuman,9.0,9.0,5200.0,4042.0,4.607262281671458,0.0,0.2226923076923077,LONJAKAN_PENJUALAN,0.09308869829897626
2025-10-28,W4,Minyak rambut Gatsby 75g,Perawatan,10.0,10.0,16000.0,13350.0,4.8773799269132505,0.0,0.165625,LONJAKAN_PENJUALAN,0.09308943148940907
2025-03-16,W3,Snack kentang Qtela 60g,Snack,6.0,6.0,8200.0,6091.0,4.479266736799396,0.0,0.2571951219512195,LONJAKAN_PENJUALAN,0.09336727129922273
2025-06-08,W5,Bayclin 500ml,Deterjen,6.0,6.0,8200.0,6940.0,4.730917347340619,0.0,0.15365853658536585,LONJAKAN_PENJUALAN,0.09336734999459473
2025-08-17,W4,Sabun batang Lifebuoy,Perawatan,5.0,7.0,4000.0,3456.0,4.651700780242263,0.0,0.136,LONJAKAN_PENJUALAN,0.09341915028927339
2026-02-13,W5,Santan Kara 65ml,Sembako,5.0,5.0,4800.0,4289.0,4.474797148900666,0.0,0.10645833333333334,LONJAKAN_PENJUALAN,0.09346894680617135
2026-03-22,W4,Antangin sachet,Obat,2.0,5.0,3700.0,3150.0,4.793151047367447,0.0,0.14864864864864866,LONJAKAN_PENJUALAN,0.09349452937143676
2025-08-02,W2,Saus sambal sachet ABC,Bumbu,5.0,5.0,1500.0,1342.0,4.403995202673789,0.0,0.10533333333333333,LONJAKAN_PENJUALAN,0.0936031477017949
2025-04-07,W2,Shampoo Sunsilk sachet,Perawatan,3.0,6.0,1500.0,1342.0,4.4251768644460405,0.0,0.10533333333333333,LONJAKAN_PENJUALAN,0.0936031477017949
2025-04-01,W1,Shampoo Clear sachet,Perawatan,3.0,5.0,1500.0,1342.0,4.4218820674445345,0.0,0.10533333333333333,LONJAKAN_PENJUALAN,0.0936031477017949
2025-09-04,W3,Sikat,Deterjen,7.0,7.0,7500.0,6100.0,4.763789955669783,0.0,0.18666666666666668,LONJAKAN_PENJUALAN,0.09365429657304392
2026-01-23,W5,Teh Tong Tji sachet,Sachet,10.0,10.0,1100.0,850.0,4.639764186107766,0.0,0.22727272727272727,LONJAKAN_PENJUALAN,0.09366532392862892
2026-03-01,W3,Minyak goreng Bimoli 1L,Sembako,7.0,7.0,27000.0,24041.0,4.481989591363735,0.0,0.10959259259259259,LONJAKAN_PENJUALAN,0.09371614132364792
2025-10-07,W2,Shampoo Sunsilk sachet,Perawatan,9.0,9.0,1500.0,1343.0,4.361505161378039,0.0,0.10466666666666667,LONJAKAN_PENJUALAN,0.09372901349329743
2025-10-18,W3,Keripik kentang Chitato 68g,Snack,6.0,6.0,13000.0,9491.0,4.107919181288745,0.0,0.26992307692307693,LONJAKAN_PENJUALAN,0.09373178334016252
2025-12-15,W4,Kopi ABC sachet,Sachet,8.0,16.0,2100.0,1650.0,4.702144586332684,0.0,0.21428571428571427,LONJAKAN_PENJUALAN,0.09388268538351696
2026-05-16,W3,Oreo 119g,Snack,6.0,6.0,8800.0,6541.0,4.479266736799392,0.0,0.25670454545454546,LONJAKAN_PENJUALAN,0.09390151114954315
2025-11-30,W1,Le Minerale 1.5L,Minuman,9.0,9.0,6200.0,5050.0,4.769719369738388,0.0,0.18548387096774194,LONJAKAN_PENJUALAN,0.09392258451698232
2025-12-27,W5,Telur ayam 1 butir,Sembako,8.0,8.0,2700.0,2414.0,4.450431218226943,0.0,0.10592592592592592,LONJAKAN_PENJUALAN,0.09400556883945888
2025-08-28,W4,Sabun batang Lux,Perawatan,6.0,6.0,4500.0,3949.0,4.594747232183678,0.0,0.12244444444444444,LONJAKAN_PENJUALAN,0.09402743507266464
2025-04-02,W6,Merica bubuk Ladaku,Bumbu,3.0,9.0,1500.0,1300.0,4.64226932133706,0.0,0.13333333333333333,LONJAKAN_PENJUALAN,0.09414486383334086
2025-12-02,W5,Kopi susu Torabika sachet,Sachet,13.0,14.0,2100.0,1609.0,4.61394208226128,0.0,0.2338095238095238,LONJAKAN_PENJUALAN,0.09415127316311933
2025-08-16,W3,Kaldu bubuk Royco 100g,Bumbu,9.0,9.0,5900.0,4970.0,4.8712167125265315,0.0,0.1576271186440678,LONJAKAN_PENJUALAN,0.09420464628247416
2026-03-11,W3,Kopi susu Good Day sachet,Sachet,9.0,9.0,2200.0,1651.0,4.316720391854439,0.0,0.24954545454545454,LONJAKAN_PENJUALAN,0.09422487273493352
2025-04-06,W5,Snack kentang Qtela 60g,Snack,5.0,5.0,8200.0,6184.0,4.394810170603911,0.0,0.24585365853658536,LONJAKAN_PENJUALAN,0.09432609374148482
2025-03-03,W6,Karbol 500ml,Deterjen,5.0,5.0,6900.0,5865.0,4.780605152414691,0.0,0.15,LONJAKAN_PENJUALAN,0.09432704223930055
2026-02-01,W1,Permen karet Big Babol,Snack,8.0,8.0,2200.0,1641.0,4.349478571776929,0.0,0.2540909090909091,LONJAKAN_PENJUALAN,0.09449246892923668
2025-06-28,W4,Bayclin 500ml,Deterjen,5.0,5.0,8000.0,6645.0,4.813207276412921,0.0,0.169375,LONJAKAN_PENJUALAN,0.09454182753123297
2025-11-29,W2,Keripik kentang Chitato 68g,Snack,7.0,26.0,12000.0,9250.0,4.5898762821795405,0.0,0.22916666666666666,LONJAKAN_PENJUALAN,0.09458435854642533
2026-02-03,W1,Cuka 100ml,Bumbu,6.0,6.0,4600.0,3981.0,4.607540728327983,0.0,0.13456521739130434,LONJAKAN_PENJUALAN,0.09460487649874227
2025-08-22,W1,Nescafe 220ml,Minuman,15.0,15.0,6200.0,5011.0,4.759964713213149,0.0,0.1917741935483871,LONJAKAN_PENJUALAN,0.09465500381071135
2025-08-10,W2,Sampoerna A 16 batang,Rokok,4.0,4.0,35000.0,35189.0,2.032606438443411,0.0,-0.0054,JUAL_DI_BAWAH_HPP,0.09469269030301952
2026-03-25,W5,Kerupuk 100g,Snack,7.0,7.0,5500.0,4099.0,4.380951846243314,0.0,0.25472727272727275,LONJAKAN_PENJUALAN,0.09472108948836566
2025-08-10,W6,Snack jagung Chiki,Snack,5.0,5.0,3000.0,2292.0,4.594824775752356,0.0,0.236,LONJAKAN_PENJUALAN,0.094760850156972
2025-10-04,W1,Saus sambal ABC 135ml,Bumbu,7.0,7.0,7300.0,6350.0,4.5999413153987385,0.0,0.13013698630136986,LONJAKAN_PENJUALAN,0.09478202428769578
2025-04-09,W5,Sprite 390ml,Minuman,14.0,14.0,6100.0,4810.0,4.678133006990865,0.0,0.21147540983606558,LONJAKAN_PENJUALAN,0.09480346779172455
2026-02-01,W2,Buavita 250ml,Minuman,12.0,12.0,7100.0,6042.0,4.747507515607041,0.0,0.14901408450704226,LONJAKAN_PENJUALAN,0.0948628905208111
2026-07-09,W2,Cuka 100ml,Bumbu,5.0,5.0,4600.0,4001.0,4.594824775752358,0.0,0.1302173913043478,LONJAKAN_PENJUALAN,0.09491592907995905
2025-05-19,W4,Gula pasir Gulaku 1kg,Sembako,5.0,5.0,19000.0,17300.0,4.230125495584581,0.0,0.08947368421052632,LONJAKAN_PENJUALAN,0.0949558527993919
2025-04-27,W1,Keripik kentang Chitato 68g,Snack,15.0,16.0,12000.0,9240.0,4.602748539475848,0.0,0.23,LONJAKAN_PENJUALAN,0.09499017811364352
2026-01-31,W6,Le Minerale 600ml,Minuman,6.0,6.0,4100.0,3379.0,4.8226758468709,0.0,0.17585365853658536,LONJAKAN_PENJUALAN,0.09499677100828241
2025-06-03,W3,Kacang atom Garuda 100g,Snack,6.0,6.0,7200.0,5368.0,4.3582504952376775,0.0,0.2544444444444444,LONJAKAN_PENJUALAN,0.09501665999274134
2025-04-12,W4,Garam Refina 500g,Sembako,6.0,6.0,4000.0,3641.0,4.160801926343302,0.0,0.08975,LONJAKAN_PENJUALAN,0.09508971839274483
2026-03-07,W4,Sikat gigi Formula,Perawatan,7.0,7.0,7300.0,6331.0,4.59678526609725,0.0,0.13273972602739725,LONJAKAN_PENJUALAN,0.09513018275929785
2025-04-29,W2,Pasta gigi Sensodyne 40g,Perawatan,7.0,7.0,19500.0,17450.0,4.345471136485699,0.0,0.10512820512820513,LONJAKAN_PENJUALAN,0.09520291564128891
2025-08-27,W4,Basreng 100g,Snack,11.0,19.0,7300.0,5543.0,4.524698908807376,0.0,0.2406849315068493,LONJAKAN_PENJUALAN,0.09520968471982194
2025-12-07,W2,Permen Relaxa,Snack,6.0,14.0,7100.0,5550.0,4.62974606112045,0.0,0.21830985915492956,LONJAKAN_PENJUALAN,0.09533207252781872
2025-05-24,W6,Pasta gigi Close Up 65g,Perawatan,5.0,5.0,6900.0,6139.0,4.419240906459926,0.0,0.11028985507246376,LONJAKAN_PENJUALAN,0.09543386611962168
2025-12-30,W3,Margarin Blue Band 200g,Sembako,6.0,6.0,10000.0,8897.0,4.42517686444603,0.0,0.1103,LONJAKAN_PENJUALAN,0.09543386611962168
2026-04-26,W5,Kerupuk 100g,Snack,6.0,6.0,5500.0,4020.0,4.073121873237616,0.0,0.2690909090909091,LONJAKAN_PENJUALAN,0.09544004133559691
2026-07-01,W2,Kecap manis Bango 135ml,Bumbu,5.0,5.0,7800.0,6907.0,4.440333923202632,0.0,0.11448717948717949,LONJAKAN_PENJUALAN,0.09547160302406887
2025-10-14,W1,Cokelat SilverQueen,Snack,13.0,13.0,12500.0,9400.0,4.311480301086559,0.0,0.248,LONJAKAN_PENJUALAN,0.0954727904400331
2025-06-04,W3,Attack sachet,Deterjen,6.0,6.0,2700.0,2150.0,4.607540728327988,0.0,0.2037037037037037,LONJAKAN_PENJUALAN,0.09550781189495783
2026-02-16,W1,Kopiko 78C 240ml,Minuman,12.0,12.0,6400.0,5067.0,4.695895921659991,0.0,0.20828125,LONJAKAN_PENJUALAN,0.09556478619224973
2025-11-08,W6,Rinso 800g,Deterjen,5.0,5.0,18500.0,15941.0,4.572988116080186,0.0,0.13832432432432432,LONJAKAN_PENJUALAN,0.09564623975413122
2025-08-05,W5,Vitamin C CDR,Obat,5.0,5.0,3200.0,2550.0,4.692781773340922,0.0,0.203125,LONJAKAN_PENJUALAN,0.09570938337513257
2025-08-22,W5,Basreng 100g,Snack,5.0,5.0,7100.0,5447.0,4.594691065112816,0.0,0.2328169014084507,LONJAKAN_PENJUALAN,0.09572931683547392
2026-03-01,W3,Tepung terigu Segitiga Biru 1kg,Sembako,5.0,5.0,17500.0,15530.0,4.40399520267378,0.0,0.11257142857142857,LONJAKAN_PENJUALAN,0.09576065789688337
2025-08-24,W6,Good Day 250ml,Minuman,7.0,9.0,4900.0,4150.0,4.704365462371129,0.0,0.15306122448979592,LONJAKAN_PENJUALAN,0.09580636055615277
2025-10-25,W5,Extra Joss sachet,Sachet,18.0,18.0,2100.0,1591.0,4.442708422821235,0.0,0.2423809523809524,LONJAKAN_PENJUALAN,0.09581945038426021
2025-12-19,W2,Es krim cone Wall's,Frozen,8.0,8.0,5000.0,4500.0,4.2761798705987895,0.0,0.1,LONJAKAN_PENJUALAN,0.09586779248811672
2025-03-10,W5,Roma Kelapa 300g,Snack,7.0,7.0,9200.0,6846.0,4.3224765421791265,0.0,0.2558695652173913,LONJAKAN_PENJUALAN,0.09595758728562698
2026-07-09,W5,Roma Kelapa 300g,Snack,7.0,7.0,9800.0,7293.0,4.286085961877287,0.0,0.25581632653061226,LONJAKAN_PENJUALAN,0.09595758728562698
2025-09-07,W6,Cuka 100ml,Bumbu,12.0,12.0,4100.0,3650.0,4.371029026415253,0.0,0.10975609756097561,LONJAKAN_PENJUALAN,0.0959756592071841
2026-01-18,W3,Spons (kebersihan),Deterjen,7.0,7.0,3300.0,2736.0,4.827837098507345,0.0,0.1709090909090909,LONJAKAN_PENJUALAN,0.09599649533251986
2026-07-04,W1,Teh Sariwangi 1 kantong,Sachet,12.0,12.0,500.0,450.0,4.260281680828158,0.0,0.1,LONJAKAN_PENJUALAN,0.0960014524360221
2025-12-13,W6,Le Minerale 1.5L,Minuman,6.0,6.0,6100.0,4991.0,4.7911781771601,0.0,0.18180327868852458,LONJAKAN_PENJUALAN,0.09609728193666933
2025-11-28,W5,Indomie Cup,Mi,9.0,9.0,6800.0,5850.0,4.642269321337065,0.0,0.13970588235294118,LONJAKAN_PENJUALAN,0.0962141600780888
2025-05-22,W6,Nugget Fiesta 250g,Frozen,4.0,5.0,24500.0,21673.0,4.447428102256254,0.0,0.11538775510204081,LONJAKAN_PENJUALAN,0.09626192641682263
2026-05-08,W4,Sikat,Deterjen,6.0,6.0,7300.0,6229.0,4.730917347340618,0.0,0.14671232876712328,LONJAKAN_PENJUALAN,0.09636497091820617
2025-06-24,W6,Cokelat SilverQueen,Snack,6.0,6.0,12500.0,9429.0,4.331731043917257,0.0,0.24568,LONJAKAN_PENJUALAN,0.09643226270254068
2025-12-20,W5,Snack kentang Qtela 60g,Snack,5.0,5.0,8500.0,6494.0,4.573370123411651,0.0,0.236,LONJAKAN_PENJUALAN,0.09645296466171793
2026-04-03,W5,Minyak goreng Bimoli 1L,Sembako,5.0,5.0,30500.0,26329.0,4.594824775752355,0.0,0.13675409836065575,LONJAKAN_PENJUALAN,0.09645303203950162
2026-07-11,W5,Wipol 450ml,Deterjen,6.0,6.0,9800.0,8275.0,4.737050180937358,0.0,0.1556122448979592,LONJAKAN_PENJUALAN,0.09659239323263125
2026-03-01,W1,Rinso sachet,Deterjen,5.0,5.0,2700.0,2250.0,4.813207276412924,0.0,0.16666666666666666,LONJAKAN_PENJUALAN,0.09661143609942124
2025-03-13,W1,Pop Mie,Mi,6.0,6.0,6000.0,5392.0,4.303797254454886,0.0,0.10133333333333333,LONJAKAN_PENJUALAN,0.0966844153749723
2026-02-08,W6,Pocari Sweat 500ml,Minuman,8.0,8.0,9100.0,7498.0,4.767083760824516,0.0,0.17604395604395603,LONJAKAN_PENJUALAN,0.09669235431987
2026-02-19,W3,Teh Sariwangi 25 kantong,Sachet,6.0,6.0,8800.0,6658.0,4.3301270189221945,0.0,0.2434090909090909,LONJAKAN_PENJUALAN,0.09669929790645138
2026-03-10,W5,Mi ayam bawang Indomie,Mi,7.0,7.0,3800.0,3307.0,4.52912651766177,0.0,0.12973684210526315,LONJAKAN_PENJUALAN,0.0971098934154736
2025-10-18,W1,Milo sachet,Sachet,15.0,15.0,3500.0,2852.0,4.670200789089128,0.0,0.18514285714285714,LONJAKAN_PENJUALAN,0.09715105998581142
2025-11-28,W2,Salonpas 10 pcs,Obat,4.0,6.0,15000.0,12650.0,4.761452359462244,0.0,0.15666666666666668,LONJAKAN_PENJUALAN,0.09724030845401443
2025-12-16,W4,Keripik kentang Chitato 68g,Snack,23.0,23.0,13000.0,9726.0,4.240172434737361,0.0,0.25184615384615383,LONJAKAN_PENJUALAN,0.0972705923525341
2025-09-15,W6,Le Minerale 1.5L,Minuman,7.0,7.0,6100.0,4901.0,4.711622157013705,0.0,0.19655737704918033,LONJAKAN_PENJUALAN,0.09727989689535921
2026-04-25,W3,Ultra Milk 250ml,Minuman,8.0,8.0,5900.0,4457.0,4.306518767647936,0.0,0.24457627118644068,LONJAKAN_PENJUALAN,0.09733870546077039
2025-11-01,W6,Sabun batang Lifebuoy,Perawatan,5.0,5.0,3900.0,3464.0,4.391550328268398,0.0,0.1117948717948718,LONJAKAN_PENJUALAN,0.09734892345186907
2026-04-03,W4,Sabun cair Lifebuoy 250ml,Perawatan,6.0,7.0,13000.0,11313.0,4.515472054018269,0.0,0.12976923076923078,LONJAKAN_PENJUALAN,0.0973766230378621
2025-08-02,W6,Terasi ABC 20g,Bumbu,11.0,11.0,3000.0,2650.0,4.4845094204682034,0.0,0.11666666666666667,LONJAKAN_PENJUALAN,0.09751993009306203
2026-03-23,W6,Milo sachet,Sachet,8.0,8.0,3400.0,2845.0,4.7408831731632475,0.0,0.16323529411764706,LONJAKAN_PENJUALAN,0.09757265838010076
2025-06-17,W5,Daia sachet,Deterjen,7.0,7.0,2100.0,1705.0,4.651700780242263,0.0,0.1880952380952381,LONJAKAN_PENJUALAN,0.09758814852360065
2025-08-24,W1,Balsem Geliga 20g,Obat,5.0,5.0,8300.0,6939.0,4.775764601913201,0.0,0.16397590361445782,LONJAKAN_PENJUALAN,0.09770593387504989
2026-02-04,W1,Kukubima sachet,Minuman,7.0,7.0,2700.0,2105.0,4.549130992880643,0.0,0.22037037037037038,LONJAKAN_PENJUALAN,0.09777147659230845
2025-08-13,W1,Better,Snack,7.0,7.0,2600.0,1943.0,4.221567218305546,0.0,0.2526923076923077,LONJAKAN_PENJUALAN,0.09781459696478478
2025-05-04,W3,Pocari Sweat 500ml,Minuman,8.0,8.0,9300.0,7221.0,4.515690424174986,0.0,0.2235483870967742,LONJAKAN_PENJUALAN,0.09783249184173282
2025-02-28,W6,Body lotion Citra 100ml,Perawatan,4.0,5.0,9800.0,8500.0,4.524698908807362,0.0,0.1326530612244898,LONJAKAN_PENJUALAN,0.0978720742283169
2026-04-25,W3,Le Minerale 1.5L,Minuman,9.0,9.0,6600.0,5044.0,4.555296305148782,0.0,0.23575757575757575,LONJAKAN_PENJUALAN,0.09791581744219324
2025-10-08,W6,Teh Gelas 350ml,Minuman,10.0,10.0,2500.0,2137.0,4.6329031977253745,0.0,0.1452,LONJAKAN_PENJUALAN,0.09792379315093436
2026-03-24,W4,Deodoran Rexona 45ml,Perawatan,7.0,7.0,19000.0,16500.0,4.522269718978465,0.0,0.13157894736842105,LONJAKAN_PENJUALAN,0.09799522771047808
2025-04-26,W6,Makaroni 200g,Mi,6.0,6.0,6900.0,6178.0,4.261203080151714,0.0,0.10463768115942029,LONJAKAN_PENJUALAN,0.09804605272215683
2026-05-23,W2,Minyak kayu putih Cap Lang 30ml (Obat),Obat,6.0,6.0,10500.0,8850.0,4.766768079325644,0.0,0.15714285714285714,LONJAKAN_PENJUALAN,0.09814215226809997
2025-06-03,W2,Mama Lemon 400ml,Deterjen,3.0,6.0,8100.0,7050.0,4.4715610534337875,0.0,0.12962962962962962,LONJAKAN_PENJUALAN,0.09817609042229991
2026-03-13,W3,Saus tiram Saori 133ml,Bumbu,6.0,6.0,9300.0,7803.0,4.766768079325663,0.0,0.16096774193548388,LONJAKAN_PENJUALAN,0.09818833832332596
2025-11-02,W6,Downy sachet,Deterjen,7.0,7.0,2100.0,1800.0,4.628765418213602,0.0,0.14285714285714285,LONJAKAN_PENJUALAN,0.09819330669728021
2025-09-26,W2,Terasi ABC 20g,Bumbu,9.0,9.0,3000.0,2593.0,4.514050856316165,0.0,0.13566666666666666,LONJAKAN_PENJUALAN,0.09823135664594917
2025-03-25,W3,Surya 16 batang,Rokok,6.0,6.0,33000.0,29917.0,4.2485291572496005,0.0,0.09342424242424242,LONJAKAN_PENJUALAN,0.09848625308950631
2025-10-11,W5,Karbol 500ml,Deterjen,6.0,6.0,7400.0,6334.0,4.607540728327989,0.0,0.14405405405405405,LONJAKAN_PENJUALAN,0.0984871490562691
2026-05-26,W2,Pasta gigi Sensodyne 40g,Perawatan,7.0,7.0,20500.0,18033.0,4.481764340951676,0.0,0.12034146341463414,LONJAKAN_PENJUALAN,0.09851014679151571
2025-09-13,W6,Snack jagung Cheetos,Snack,6.0,6.0,3000.0,2291.0,4.557441771339344,0.0,0.23633333333333334,LONJAKAN_PENJUALAN,0.0985737127786449
2025-03-13,W3,Le Minerale 600ml,Minuman,5.0,5.0,4100.0,3245.0,4.594691065112811,0.0,0.20853658536585365,LONJAKAN_PENJUALAN,0.09878947395924509
2026-04-21,W1,Telur ayam 1 butir,Sembako,6.0,6.0,3100.0,2798.0,4.2485291572496005,0.0,0.09741935483870967,LONJAKAN_PENJUALAN,0.09885908910770735
2026-02-13,W4,Kacang sukro Garuda 80g,Snack,22.0,22.0,6200.0,4654.0,4.131060189933761,0.0,0.24935483870967742,LONJAKAN_PENJUALAN,0.09885984083391997
2025-09-17,W6,Attack sachet,Deterjen,7.0,7.0,2400.0,2149.0,4.258422639358071,0.0,0.10458333333333333,LONJAKAN_PENJUALAN,0.09887219816311721
2025-07-30,W4,Bakso 250g,Frozen,7.0,7.0,15500.0,13389.0,4.548320384595913,0.0,0.13619354838709677,LONJAKAN_PENJUALAN,0.09889983847534067
2025-06-29,W6,Telur ayam 1kg,Sembako,7.0,7.0,32500.0,29498.0,4.23429812462378,0.0,0.09236923076923077,LONJAKAN_PENJUALAN,0.09901835097605816
2025-10-04,W3,Bawang goreng 50g,Bumbu,11.0,11.0,7500.0,6207.0,4.764400003060467,0.0,0.1724,LONJAKAN_PENJUALAN,0.09904308940863704
2025-12-20,W4,Kerupuk 100g,Snack,2.0,15.0,5200.0,3857.0,4.235295291737983,0.0,0.25826923076923075,LONJAKAN_PENJUALAN,0.09929733645534011
2025-09-09,W2,Attack sachet,Deterjen,5.0,5.0,2500.0,2192.0,4.4672412165718995,0.0,0.1232,LONJAKAN_PENJUALAN,0.09930255882322869
2025-09-01,W4,Khong Guan 200g,Snack,14.0,14.0,9000.0,7000.0,4.468298302003767,0.0,0.2222222222222222,LONJAKAN_PENJUALAN,0.09932363964621826
2025-04-03,W2,Kacang atom Garuda 100g,Snack,22.0,22.0,6800.0,5248.0,4.4872790644933,0.0,0.22823529411764706,LONJAKAN_PENJUALAN,0.09933550934691338
2025-09-19,W4,Cuka 100ml,Bumbu,6.0,6.0,4200.0,3599.0,4.598567754945599,0.0,0.1430952380952381,LONJAKAN_PENJUALAN,0.0994180040538849
2026-05-12,W1,Penyedap Royco,Bumbu,6.0,6.0,1800.0,1544.0,4.598567754945598,0.0,0.14222222222222222,LONJAKAN_PENJUALAN,0.0994180040538849
2026-07-08,W3,Le Minerale 1.5L,Minuman,7.0,7.0,6600.0,5150.0,4.4958904101016595,0.0,0.2196969696969697,LONJAKAN_PENJUALAN,0.09950331647835564
2025-08-01,W6,Sikat gigi Formula,Perawatan,5.0,5.0,6900.0,6150.0,4.310249918473057,0.0,0.10869565217391304,LONJAKAN_PENJUALAN,0.0996054796637984
2026-02-08,W1,Kukubima sachet,Minuman,8.0,9.0,2700.0,2105.0,4.503033111811225,0.0,0.22037037037037038,LONJAKAN_PENJUALAN,0.09969665813533013
2025-08-22,W6,Saus tiram Saori 133ml,Bumbu,7.0,7.0,8100.0,6994.0,4.501442770155699,0.0,0.1365432098765432,LONJAKAN_PENJUALAN,0.09972027604905509
2025-04-24,W6,Attack sachet,Deterjen,6.0,6.0,2400.0,2100.0,4.472317450340862,0.0,0.125,LONJAKAN_PENJUALAN,0.09981456920439524
2026-07-05,W5,Shampoo Sunsilk sachet,Perawatan,5.0,5.0,1600.0,1400.0,4.467241216571899,0.0,0.125,LONJAKAN_PENJUALAN,0.09981456920439524
2025-11-16,W6,Aqua 600ml,Minuman,16.0,16.0,3900.0,3334.0,4.568543991976048,0.0,0.14512820512820512,LONJAKAN_PENJUALAN,0.09981649226994738
2025-04-23,W2,Spons (kebersihan),Deterjen,6.0,6.0,2900.0,2500.0,4.478115500968791,0.0,0.13793103448275862,LONJAKAN_PENJUALAN,0.09984811089569301
2025-08-10,W5,Tepung beras Rose Brand 500g,Sembako,5.0,5.0,9000.0,8124.0,4.236762064169764,0.0,0.09733333333333333,LONJAKAN_PENJUALAN,0.09990243842054947
2025-07-13,W6,Keripik kentang Chitato 68g,Snack,7.0,7.0,12500.0,9305.0,4.242640687119284,0.0,0.2556,LONJAKAN_PENJUALAN,0.09993073404532427
2026-01-02,W4,Sampoerna Mild 16 batang,Rokok,3.0,3.0,34000.0,35252.0,1.9258222162991083,0.0,-0.036823529411764706,JUAL_DI_BAWAH_HPP,0.09993685379284867
2025-05-18,W4,Sikat gigi Formula,Perawatan,7.0,7.0,7000.0,6118.0,4.4907311951024935,0.0,0.126,LONJAKAN_PENJUALAN,0.09994987419529222
2026-07-04,W3,Kopi susu Torabika sachet,Sachet,8.0,8.0,2300.0,1743.0,4.281939987944966,0.0,0.24217391304347827,LONJAKAN_PENJUALAN,0.09999462878852994
2025-07-22,W6,Pasta gigi Pepsodent 75g,Perawatan,6.0,6.0,6900.0,6246.0,4.1468083665905935,0.0,0.09478260869565218,LONJAKAN_PENJUALAN,0.10006141852162154
2025-12-17,W2,Kaldu bubuk Royco 100g,Bumbu,6.0,6.0,6000.0,5293.0,4.381811411704007,0.0,0.11783333333333333,LONJAKAN_PENJUALAN,0.1001369251412082
2025-12-30,W1,Nescafe 220ml,Minuman,12.0,12.0,6200.0,5050.0,4.581295136105269,0.0,0.18548387096774194,LONJAKAN_PENJUALAN,0.10014290567033779
2026-07-10,W6,Kuaci Rebo 100g,Snack,5.0,5.0,7500.0,5806.0,4.44033392320263,0.0,0.22586666666666666,LONJAKAN_PENJUALAN,0.10016568105165191
2025-09-14,W3,Kopi ABC sachet,Sachet,6.0,6.0,2200.0,1649.0,4.06997196730786,0.0,0.25045454545454543,LONJAKAN_PENJUALAN,0.10019420915778332
2025-06-30,W3,Wafer Tango 115g,Snack,6.0,6.0,7200.0,5302.0,4.073121873237616,0.0,0.26361111111111113,LONJAKAN_PENJUALAN,0.10022006140542128
2026-06-13,W3,Kopi ABC sachet,Sachet,8.0,8.0,2300.0,1694.0,4.126271852772803,0.0,0.2634782608695652,LONJAKAN_PENJUALAN,0.10022006140542128
2025-06-07,W5,Shampoo Pantene sachet,Perawatan,5.0,5.0,1500.0,1300.0,4.419240906459926,0.0,0.13333333333333333,LONJAKAN_PENJUALAN,0.10024554426122723
2025-12-17,W1,Permen Relaxa,Snack,7.0,7.0,7300.0,5505.0,4.2215672183055375,0.0,0.2458904109589041,LONJAKAN_PENJUALAN,0.10027412403405245
2026-03-10,W5,Teh Tong Tji sachet,Sachet,11.0,13.0,1100.0,850.0,4.469696624991793,0.0,0.22727272727272727,LONJAKAN_PENJUALAN,0.1002923940426017
2025-12-13,W3,Kopi ABC sachet,Sachet,6.0,6.0,2200.0,1650.0,4.0882765904638285,0.0,0.25,LONJAKAN_PENJUALAN,0.10031325817618564
2026-02-10,W1,Kacang atom Garuda 100g,Snack,7.0,7.0,7300.0,5467.0,4.038335328242758,0.0,0.2510958904109589,LONJAKAN_PENJUALAN,0.10033516893487637
2026-05-18,W5,Permen karet Big Babol,Snack,7.0,7.0,2200.0,1650.0,4.029234816503894,0.0,0.25,LONJAKAN_PENJUALAN,0.10044591565672167
2026-05-31,W3,Roma Kelapa 300g,Snack,7.0,7.0,9900.0,7305.0,4.094396720768795,0.0,0.26212121212121214,LONJAKAN_PENJUALAN,0.10050159086261767
2025-04-26,W2,Spidol Snowman,ATK,2.0,6.0,4800.0,3540.0,4.132427960473203,0.0,0.2625,LONJAKAN_PENJUALAN,0.10054380354285475
2026-04-25,W6,Sabun batang Lifebuoy,Perawatan,4.0,5.0,4100.0,3646.0,4.310249918473059,0.0,0.11073170731707317,LONJAKAN_PENJUALAN,0.10060725192092923
2025-04-30,W4,Minyak rambut Gatsby 75g,Perawatan,8.0,8.0,15000.0,12721.0,4.592403480886542,0.0,0.15193333333333334,LONJAKAN_PENJUALAN,0.1006418932377211
2025-04-01,W6,Cornetto,Frozen,6.0,6.0,12000.0,10205.0,4.612050347010681,0.0,0.14958333333333335,LONJAKAN_PENJUALAN,0.1006482393728595
2025-08-28,W4,Aqua 1.5L,Minuman,13.0,14.0,6000.0,4896.0,4.620388319035324,0.0,0.184,LONJAKAN_PENJUALAN,0.10069498121511533
2025-08-23,W1,Better,Snack,9.0,9.0,2600.0,1943.0,4.0827430985541096,0.0,0.2526923076923077,LONJAKAN_PENJUALAN,0.1007110943937698
2025-04-23,W4,Soklin sachet,Deterjen,5.0,5.0,2000.0,1750.0,4.403995202673787,0.0,0.125,LONJAKAN_PENJUALAN,0.10074333025525561
2025-04-25,W6,Permen karet Big Babol,Snack,6.0,6.0,2000.0,1507.0,4.146808366590592,0.0,0.2465,LONJAKAN_PENJUALAN,0.10080460978252825
2026-06-18,W1,Wipol 450ml,Deterjen,7.0,7.0,9600.0,8092.0,4.700096710803844,0.0,0.15708333333333332,LONJAKAN_PENJUALAN,0.10081772378638776
2026-04-21,W3,Mi jumbo Indomie,Mi,6.0,6.0,4800.0,4229.0,4.354527936264382,0.0,0.11895833333333333,LONJAKAN_PENJUALAN,0.10094815558170822
2025-07-26,W3,Tepung beras Rose Brand 500g,Sembako,7.0,7.0,9100.0,8023.0,4.346591439606116,0.0,0.11835164835164835,LONJAKAN_PENJUALAN,0.10096014552251997
2025-09-04,W5,Nutrisari sachet,Sachet,15.0,16.0,2100.0,1639.0,4.459832686452897,0.0,0.2195238095238095,LONJAKAN_PENJUALAN,0.10099024687872282
2025-04-13,W6,Kopi ABC sachet,Sachet,6.0,9.0,2000.0,1593.0,4.470449359176914,0.0,0.2035,LONJAKAN_PENJUALAN,0.1010220085452872
2026-02-01,W1,Extra Joss,Minuman,16.0,16.0,2700.0,2150.0,4.481595014897143,0.0,0.2037037037037037,LONJAKAN_PENJUALAN,0.1010220085452872
2026-05-01,W1,Sendok plastik,Plastik,5.0,5.0,5200.0,3847.0,4.104929822412037,0.0,0.26019230769230767,LONJAKAN_PENJUALAN,0.10106380955194538
2026-02-28,W3,Kecap manis ABC 135ml,Bumbu,6.0,6.0,7100.0,6034.0,4.607540728328001,0.0,0.15014084507042252,LONJAKAN_PENJUALAN,0.10107337584992859
2026-01-31,W2,Keripik kentang Chitato 68g,Snack,11.0,11.0,12000.0,9350.0,4.464785082734682,0.0,0.22083333333333333,LONJAKAN_PENJUALAN,0.10118310051326673
2026-06-28,W6,Pocari Sweat 500ml,Minuman,11.0,11.0,9100.0,7463.0,4.642090932929278,0.0,0.1798901098901099,LONJAKAN_PENJUALAN,0.10122478411850677
2025-08-12,W2,Sampoerna A 16 batang,Rokok,4.0,4.0,35000.0,35189.0,1.9224207025170272,0.0,-0.0054,JUAL_DI_BAWAH_HPP,0.1012657581361458
2026-02-19,W6,Kopi Good Day sachet,Sachet,8.0,8.0,2100.0,1650.0,4.492295354443416,0.0,0.21428571428571427,LONJAKAN_PENJUALAN,0.10134186404241685
2026-05-03,W2,Pomade Gatsby 80g,Perawatan,5.0,5.0,20500.0,18600.0,4.09236582650626,0.0,0.09268292682926829,LONJAKAN_PENJUALAN,0.10141223706074831
2025-02-28,W5,Santan Kara 65ml,Sembako,9.0,9.0,4100.0,3648.0,4.26271103931754,0.0,0.11024390243902439,LONJAKAN_PENJUALAN,0.10147320791673398
2025-03-09,W1,Oatmeal Quaker 35g,Mi,7.0,7.0,3500.0,3144.0,4.243903189955478,0.0,0.10171428571428572,LONJAKAN_PENJUALAN,0.1014872763564103
2025-12-16,W2,Sosis So Nice,Frozen,7.0,7.0,15000.0,13252.0,4.331731043917253,0.0,0.11653333333333334,LONJAKAN_PENJUALAN,0.10151628041714944
2026-02-28,W3,Sunlight sachet,Deterjen,7.0,7.0,2200.0,1750.0,4.398957470345365,0.0,0.20454545454545456,LONJAKAN_PENJUALAN,0.10168419810081297
2025-05-17,W6,Sabun batang Lux,Perawatan,5.0,5.0,4400.0,3800.0,4.422184334207959,0.0,0.13636363636363635,LONJAKAN_PENJUALAN,0.10172526211309285
2025-06-22,W6,Shampoo Pantene sachet,Perawatan,5.0,5.0,1500.0,1348.0,4.1687258052488305,0.0,0.10133333333333333,LONJAKAN_PENJUALAN,0.10175203197243177
2026-04-11,W6,Kratingdaeng 150ml,Minuman,9.0,9.0,8400.0,6800.0,4.574097876912935,0.0,0.19047619047619047,LONJAKAN_PENJUALAN,0.10179789524387961
2025-06-04,W6,Astor,Snack,5.0,5.0,2500.0,1949.0,4.4403339232026315,0.0,0.2204,LONJAKAN_PENJUALAN,0.1018451085168065
2025-05-25,W2,Dancow sachet,Sachet,14.0,34.0,3400.0,2799.0,4.6071975626178485,0.0,0.17676470588235293,LONJAKAN_PENJUALAN,0.10193948275548093
2025-10-23,W6,Chocolatos sachet,Sachet,7.0,7.0,2000.0,1559.0,4.398595331605177,0.0,0.2205,LONJAKAN_PENJUALAN,0.10210970276632814
2026-04-15,W2,Roma Kelapa 300g,Snack,21.0,27.0,9000.0,7063.0,4.448311278834324,0.0,0.21522222222222223,LONJAKAN_PENJUALAN,0.10214327789724464
2025-10-01,W1,Makaroni 200g,Mi,5.0,5.0,7000.0,6315.0,4.083267922029722,0.0,0.09785714285714285,LONJAKAN_PENJUALAN,0.1021526842961813
2026-04-19,W6,Mi ayam bawang Indomie,Mi,6.0,6.0,3600.0,3249.0,4.051701011591766,0.0,0.0975,LONJAKAN_PENJUALAN,0.10218011286949169
2025-03-02,W3,Snack jagung Chiki,Snack,5.0,5.0,3100.0,2300.0,4.104335931748747,0.0,0.25806451612903225,LONJAKAN_PENJUALAN,0.10218656415065608
2025-06-22,W3,Teh Tong Tji sachet,Sachet,9.0,9.0,1000.0,841.0,4.651710586563825,0.0,0.159,LONJAKAN_PENJUALAN,0.10224263911971965
2025-07-16,W2,Shampoo Sunsilk sachet,Perawatan,5.0,5.0,1500.0,1350.0,4.083267922029722,0.0,0.1,LONJAKAN_PENJUALAN,0.10227158179899243
2025-10-05,W4,Garam Refina 500g,Sembako,7.0,7.0,4700.0,4230.0,4.09271328382014,0.0,0.1,LONJAKAN_PENJUALAN,0.10227158179899243
2026-01-29,W4,Kuaci Rebo 100g,Snack,12.0,12.0,7300.0,5542.0,4.279421568829043,0.0,0.24082191780821918,LONJAKAN_PENJUALAN,0.10235903098050758
2025-07-27,W3,Sunlight 400ml,Deterjen,6.0,6.0,9300.0,7706.0,4.668837770182139,0.0,0.17139784946236558,LONJAKAN_PENJUALAN,0.10237294501202587
2025-08-27,W5,Mi ayam bawang Indomie,Mi,6.0,6.0,3600.0,3240.0,4.062140599762826,0.0,0.1,LONJAKAN_PENJUALAN,0.10240379767100694
2025-11-01,W4,Indomie Cup,Mi,22.0,29.0,6700.0,5996.0,4.175231744191755,0.0,0.10507462686567164,LONJAKAN_PENJUALAN,0.10244142167958048
2026-02-01,W2,Kacang atom Garuda 100g,Snack,12.0,12.0,7100.0,5658.0,4.493814430065884,0.0,0.20309859154929577,LONJAKAN_PENJUALAN,0.10244966397209676
2025-04-16,W2,Extra Joss sachet,Sachet,19.0,19.0,1900.0,1550.0,4.551170134313449,0.0,0.18421052631578946,LONJAKAN_PENJUALAN,0.10247454145463886
2026-03-20,W1,Mi goreng Sedaap,Mi,8.0,8.0,3700.0,3242.0,4.359463283524507,0.0,0.12378378378378378,LONJAKAN_PENJUALAN,0.1024943093805043
2025-06-21,W6,Kaldu bubuk Royco 100g,Bumbu,10.0,10.0,5400.0,4850.0,4.114935794858525,0.0,0.10185185185185185,LONJAKAN_PENJUALAN,0.10252597586087964
2025-05-25,W5,Makaroni 200g,Mi,8.0,8.0,7100.0,6395.0,4.00835395249106,0.0,0.09929577464788733,LONJAKAN_PENJUALAN,0.10253598372790029
2025-09-16,W2,Molto sachet,Deterjen,5.0,5.0,2000.0,1800.0,4.008301824524136,0.0,0.1,LONJAKAN_PENJUALAN,0.10253598372790029
2026-01-31,W4,Le Minerale 600ml,Minuman,7.0,13.0,4200.0,3350.0,4.495765753674178,0.0,0.20238095238095238,LONJAKAN_PENJUALAN,0.10256223408259468
2026-06-26,W6,Snack jagung Chiki,Snack,5.0,5.0,3200.0,2450.0,4.421882067444537,0.0,0.234375,LONJAKAN_PENJUALAN,0.10257696163610908
2025-04-04,W6,Spaghetti La Fonte 225g,Mi,5.0,5.0,9800.0,8807.0,4.104335931748747,0.0,0.10132653061224489,LONJAKAN_PENJUALAN,0.10263072815186791
2025-10-06,W6,Cokelat SilverQueen,Snack,7.0,7.0,12500.0,9540.0,4.450431218226952,0.0,0.2368,LONJAKAN_PENJUALAN,0.10264181333156319
2026-04-29,W1,Pop Mie,Mi,7.0,7.0,6400.0,5793.0,4.067226394338422,0.0,0.09484375,LONJAKAN_PENJUALAN,0.10264606571442636
2026-01-31,W3,Penyedap Royco,Bumbu,4.0,5.0,1700.0,1450.0,4.594824775752359,0.0,0.14705882352941177,LONJAKAN_PENJUALAN,0.10264868230835356
2026-07-17,W6,Sikat,Deterjen,5.0,5.0,7500.0,6397.0,4.5946910651128094,0.0,0.14706666666666668,LONJAKAN_PENJUALAN,0.10264868230835356
2026-04-22,W1,Sosis So Nice,Frozen,5.0,5.0,16500.0,13923.0,4.615512502964824,0.0,0.15618181818181817,LONJAKAN_PENJUALAN,0.1026595825344806
2026-04-28,W1,Beras medium 1kg,Sembako,6.0,6.0,19000.0,17163.0,4.044011232135433,0.0,0.09668421052631579,LONJAKAN_PENJUALAN,0.10268927861893062
2025-12-01,W1,Snack jagung Cheetos,Snack,10.0,10.0,3100.0,2349.0,4.211494729917539,0.0,0.24225806451612902,LONJAKAN_PENJUALAN,0.1027141529387896
2026-01-30,W5,Mayones Maestro 100g,Bumbu,5.0,5.0,8200.0,6749.0,4.594824775752364,0.0,0.1769512195121951,LONJAKAN_PENJUALAN,0.10273277997862196
2025-04-21,W5,Kerupuk 100g,Snack,6.0,7.0,5100.0,3800.0,4.049985302736412,0.0,0.2549019607843137,LONJAKAN_PENJUALAN,0.10281685625123005
2025-10-28,W2,Daia sachet,Deterjen,6.0,6.0,2000.0,1750.0,4.359017965341695,0.0,0.125,LONJAKAN_PENJUALAN,0.10287146595121177
2025-08-31,W4,Balsem Geliga 20g,Obat,5.0,5.0,8000.0,6756.0,4.580729495044105,0.0,0.1555,LONJAKAN_PENJUALAN,0.10298618025175632
2026-01-31,W3,Kaldu bubuk Royco 100g,Bumbu,5.0,5.0,6600.0,5570.0,4.5799352016827415,0.0,0.15606060606060607,LONJAKAN_PENJUALAN,0.10298618025175632
2025-05-04,W6,Basreng 100g,Snack,7.0,7.0,6900.0,5300.0,4.450431218226949,0.0,0.2318840579710145,LONJAKAN_PENJUALAN,0.10307719734258236
2025-04-30,W4,Sunlight sachet,Deterjen,6.0,6.0,2000.0,1746.0,4.354527936264377,0.0,0.127,LONJAKAN_PENJUALAN,0.1030874309617027
2025-08-31,W4,Aqua 1.5L,Minuman,15.0,18.0,6000.0,4900.0,4.574298573158438,0.0,0.18333333333333332,LONJAKAN_PENJUALAN,0.10329562681909354
2025-10-04,W3,Sunlight sachet,Deterjen,9.0,9.0,2200.0,1750.0,4.370466501828959,0.0,0.20454545454545456,LONJAKAN_PENJUALAN,0.1033857706485013
2026-05-17,W1,Coca-Cola 390ml,Minuman,6.0,14.0,6400.0,5053.0,4.490084901767872,0.0,0.21046875,LONJAKAN_PENJUALAN,0.10342414079586937
2025-12-20,W3,Attack sachet,Deterjen,4.0,5.0,2700.0,2155.0,4.419240906459929,0.0,0.20185185185185187,LONJAKAN_PENJUALAN,0.10348666081325886
2026-03-14,W1,Kecap manis ABC 135ml,Bumbu,5.0,5.0,6800.0,5825.0,4.4672412165718995,0.0,0.14338235294117646,LONJAKAN_PENJUALAN,0.10350435174682149
2026-03-01,W4,Indomie Cup,Mi,0.0,25.0,6700.0,6011.0,4.044706221235334,0.0,0.10283582089552239,LONJAKAN_PENJUALAN,0.1036686112563523
2026-04-27,W3,Le Minerale 600ml,Minuman,7.0,8.0,4300.0,3353.0,4.349478571776962,0.0,0.22023255813953488,LONJAKAN_PENJUALAN,0.1037386237909349
2026-04-14,W5,Aqua 330ml,Minuman,12.0,13.0,3300.0,2550.0,4.28652457894707,0.0,0.22727272727272727,LONJAKAN_PENJUALAN,0.10382989095045769
2025-04-16,W3,Sabun cair Lifebuoy 250ml,Perawatan,5.0,5.0,12500.0,10400.0,4.594824775752357,0.0,0.168,LONJAKAN_PENJUALAN,0.10384801123778575
2025-06-06,W1,Karbol 500ml,Deterjen,5.0,5.0,7000.0,6012.0,4.394703182707571,0.0,0.14114285714285715,LONJAKAN_PENJUALAN,0.10390633762437118
2025-06-01,W1,Mayones Maestro 100g,Bumbu,5.0,5.0,7000.0,6050.0,4.34205576609307,0.0,0.1357142857142857,LONJAKAN_PENJUALAN,0.10393952203952472
2026-04-25,W6,Cornetto,Frozen,6.0,6.0,13000.0,11015.0,4.506395337818145,0.0,0.15269230769230768,LONJAKAN_PENJUALAN,0.1039632946382909
2026-02-08,W4,Roma Kelapa 300g,Snack,6.0,28.0,9300.0,7150.0,4.380109253648509,0.0,0.23118279569892472,LONJAKAN_PENJUALAN,0.10400224890713561
2025-06-01,W2,Snack kentang Qtela 60g,Snack,22.0,22.0,7800.0,6300.0,4.527444720268364,0.0,0.19230769230769232,LONJAKAN_PENJUALAN,0.10403186707464285
2025-10-13,W5,Kecap asin ABC 135ml,Bumbu,5.0,5.0,6500.0,5471.0,4.610445876498739,0.0,0.15830769230769232,LONJAKAN_PENJUALAN,0.10412154884256308
2025-08-06,W1,Permen Relaxa,Snack,5.0,5.0,7000.0,5358.0,4.3465914396061125,0.0,0.23457142857142857,LONJAKAN_PENJUALAN,0.10412687628101613
2025-03-08,W6,Sabun batang Lifebuoy,Perawatan,6.0,6.0,3900.0,3391.0,4.308794992305191,0.0,0.1305128205128205,LONJAKAN_PENJUALAN,0.10416223651498369
2025-09-06,W1,Permen Relaxa,Snack,4.0,6.0,7000.0,5440.0,4.267019971604168,0.0,0.22285714285714286,LONJAKAN_PENJUALAN,0.10422953772619836
2025-05-13,W4,FreshCare 10ml,Obat,6.0,6.0,12000.0,9750.0,4.492797207206875,0.0,0.1875,LONJAKAN_PENJUALAN,0.10438579302548245
2026-04-22,W3,Teh Sariwangi 25 kantong,Sachet,7.0,7.0,8800.0,6904.0,4.358869470710577,0.0,0.21545454545454545,LONJAKAN_PENJUALAN,0.10439811148344569
2025-07-03,W6,Rinso 800g,Deterjen,8.0,8.0,17500.0,15439.0,4.260271514371355,0.0,0.11777142857142857,LONJAKAN_PENJUALAN,0.10443478352646829
2025-09-09,W5,Minyak rambut Gatsby 75g,Perawatan,5.0,5.0,16000.0,13232.0,4.580729495044094,0.0,0.173,LONJAKAN_PENJUALAN,0.10444987138648876
2025-08-28,W6,Chocolatos sachet,Sachet,7.0,7.0,2000.0,1557.0,4.289648426906444,0.0,0.2215,LONJAKAN_PENJUALAN,0.10450576225858788
2025-03-31,W2,Snack kentang Qtela 60g,Snack,7.0,21.0,7800.0,5993.0,4.38232432735023,0.0,0.23166666666666666,LONJAKAN_PENJUALAN,0.10450983252855939
2025-08-13,W4,Shampoo Clear sachet,Perawatan,5.0,5.0,1500.0,1349.0,4.040285258279564,0.0,0.10066666666666667,LONJAKAN_PENJUALAN,0.10451242268651761
2025-04-12,W3,Margarin Blue Band 200g,Sembako,7.0,7.0,8200.0,7351.0,4.029234816503895,0.0,0.10353658536585365,LONJAKAN_PENJUALAN,0.10455803785842077
2025-12-20,W4,Kopi susu Good Day sachet,Sachet,13.0,35.0,2100.0,1600.0,4.261668156625406,0.0,0.23809523809523808,LONJAKAN_PENJUALAN,0.10467517198970744
2025-09-14,W6,Minyak kayu putih Cap Lang 30ml (Obat),Obat,3.0,6.0,9800.0,8400.0,4.436215023694787,0.0,0.14285714285714285,LONJAKAN_PENJUALAN,0.10469072212708208
2026-02-01,W4,Extra Joss sachet,Sachet,21.0,21.0,2100.0,1641.0,4.365950819704972,0.0,0.21857142857142858,LONJAKAN_PENJUALAN,0.10472313818529155
2026-02-02,W4,Sikat gigi Formula,Perawatan,6.0,7.0,7300.0,6209.0,4.548320384595922,0.0,0.14945205479452056,LONJAKAN_PENJUALAN,0.10484508334083886
2026-05-02,W5,Minyak goreng Sania 1L,Sembako,6.0,6.0,27500.0,24155.0,4.2829033908699845,0.0,0.12163636363636364,LONJAKAN_PENJUALAN,0.10491320527540593
2026-06-14,W3,Mi goreng Sarimi,Mi,6.0,6.0,3300.0,2759.0,4.595836625220076,0.0,0.16393939393939394,LONJAKAN_PENJUALAN,0.10492113475633669
2026-04-07,W1,Oatmeal Quaker 35g,Mi,6.0,6.0,3700.0,3300.0,4.151799419967844,0.0,0.10810810810810811,LONJAKAN_PENJUALAN,0.10495147082797096
2025-07-24,W6,Pop Mie,Mi,5.0,5.0,6100.0,5441.0,4.142549249642578,0.0,0.1080327868852459,LONJAKAN_PENJUALAN,0.10495147082797096
2025-09-18,W1,Teh Pucuk 350ml,Minuman,18.0,18.0,4000.0,3293.0,4.540528373495269,0.0,0.17675,LONJAKAN_PENJUALAN,0.10497350067973454
2025-12-13,W6,Sabun batang Nuvo,Perawatan,5.0,5.0,3600.0,3199.0,4.246255899034601,0.0,0.11138888888888888,LONJAKAN_PENJUALAN,0.10498355796050518
2025-04-18,W3,Kantong sampah,Deterjen,8.0,8.0,8200.0,6891.0,4.577524237240828,0.0,0.15963414634146342,LONJAKAN_PENJUALAN,0.10499597962981289
2026-02-09,W3,Sunlight 400ml,Deterjen,5.0,5.0,10000.0,8095.0,4.500000000000005,0.0,0.1905,LONJAKAN_PENJUALAN,0.105017394418496
2025-03-19,W1,Karbol 500ml,Deterjen,6.0,6.0,7000.0,5930.0,4.4715610534337875,0.0,0.15285714285714286,LONJAKAN_PENJUALAN,0.10515803697896564
2025-05-27,W2,FreshCare 10ml,Obat,6.0,6.0,11500.0,10081.0,4.289779298788125,0.0,0.12339130434782608,LONJAKAN_PENJUALAN,0.10517094840835373
2025-10-17,W2,Mayones Maestro 100g,Bumbu,4.0,5.0,7100.0,6343.0,4.11036364397535,0.0,0.10661971830985915,LONJAKAN_PENJUALAN,0.10521023561113052
2025-02-28,W5,Teh Botol Sosro 350ml,Minuman,11.0,11.0,5100.0,3999.0,4.370976244316385,0.0,0.21588235294117647,LONJAKAN_PENJUALAN,0.1052489290495301
2026-05-02,W1,Astor,Snack,14.0,15.0,2700.0,2050.0,4.182227134634788,0.0,0.24074074074074073,LONJAKAN_PENJUALAN,0.1053307716959152
2025-12-13,W4,Soklin sachet,Deterjen,5.0,5.0,2100.0,1800.0,4.39470318270757,0.0,0.14285714285714285,LONJAKAN_PENJUALAN,0.10534877701192502
2025-04-23,W4,Antangin sachet,Obat,2.0,5.0,3500.0,2950.0,4.594824775752356,0.0,0.15714285714285714,LONJAKAN_PENJUALAN,0.10535202651332543
2026-01-02,W6,Korek kayu,Rokok,3.0,3.0,2000.0,2061.0,1.8592819925263697,0.0,-0.0305,JUAL_DI_BAWAH_HPP,0.10536508495304553
2025-04-28,W1,Mi jumbo Indomie,Mi,7.0,7.0,4500.0,4002.0,4.21164381032838,0.0,0.11066666666666666,LONJAKAN_PENJUALAN,0.10540187304566706
2026-06-29,W6,Le Minerale 600ml,Minuman,9.0,9.0,4100.0,3452.0,4.585591539767287,0.0,0.15804878048780488,LONJAKAN_PENJUALAN,0.10541797761498228
2025-05-06,W2,Shampoo Sunsilk sachet,Perawatan,5.0,5.0,1500.0,1303.0,4.268947942163891,0.0,0.13133333333333333,LONJAKAN_PENJUALAN,0.1054257265429216
2025-11-28,W3,Pocari Sweat 500ml,Minuman,6.0,6.0,9600.0,7409.0,4.255796193691145,0.0,0.22822916666666668,LONJAKAN_PENJUALAN,0.10548058671367055
2026-02-17,W1,Pop Mie,Mi,7.0,7.0,6400.0,5692.0,4.242640687119285,0.0,0.110625,LONJAKAN_PENJUALAN,0.10553338302654403
2025-05-24,W5,Downy sachet,Deterjen,2.0,5.0,2000.0,1750.0,4.283698252836893,0.0,0.125,LONJAKAN_PENJUALAN,0.10563891262461222
2025-08-25,W2,Beng-Beng,Snack,23.0,23.0,2500.0,1990.0,4.291748846589908,0.0,0.204,LONJAKAN_PENJUALAN,0.10565239273597737
2026-02-01,W2,Snack jagung Cheetos,Snack,16.0,16.0,3000.0,2342.0,4.319693791358539,0.0,0.21933333333333332,LONJAKAN_PENJUALAN,0.10581246077964013
2025-12-13,W6,Frestea 350ml,Minuman,5.0,5.0,4100.0,3396.0,4.572988116080181,0.0,0.17170731707317075,LONJAKAN_PENJUALAN,0.10586740442823717
2025-08-24,W4,Soklin sachet,Deterjen,5.0,5.0,2100.0,1750.0,4.5807294950440935,0.0,0.16666666666666666,LONJAKAN_PENJUALAN,0.10588519771211158
2026-07-03,W6,Pop Mie,Mi,5.0,5.0,6300.0,5636.0,4.085285845514417,0.0,0.10539682539682539,LONJAKAN_PENJUALAN,0.10589253583246294
2025-08-26,W5,Indomie Cup,Mi,9.0,9.0,6800.0,5949.0,4.275699735975187,0.0,0.12514705882352942,LONJAKAN_PENJUALAN,0.10590179603604521
2025-11-02,W5,Diapet strip,Obat,3.0,7.0,7100.0,5829.0,4.5222697189784675,0.0,0.17901408450704226,LONJAKAN_PENJUALAN,0.10592035688710666
2025-09-20,W3,Sabun cair Lifebuoy 250ml,Perawatan,5.0,5.0,13000.0,10594.0,4.394810170603909,0.0,0.18507692307692308,LONJAKAN_PENJUALAN,0.10605955273687195
2025-04-19,W2,Teh Sariwangi 25 kantong,Sachet,16.0,20.0,7800.0,6300.0,4.453270250620158,0.0,0.19230769230769232,LONJAKAN_PENJUALAN,0.10606215756472004
2025-12-02,W1,Mi jumbo Indomie,Mi,7.0,7.0,4700.0,4198.0,4.087905578370549,0.0,0.10680851063829787,LONJAKAN_PENJUALAN,0.10628664495051354
2025-04-11,W6,Milo sachet,Sachet,8.0,8.0,3400.0,2790.0,4.522554236772251,0.0,0.17941176470588235,LONJAKAN_PENJUALAN,0.10637044349667579
2026-03-12,W5,Ultra Milk 250ml,Minuman,1.0,6.0,6000.0,4754.0,4.365197023611301,0.0,0.20766666666666667,LONJAKAN_PENJUALAN,0.10637229387383929
2025-08-12,W6,Better,Snack,5.0,5.0,2500.0,1988.0,4.283698252836893,0.0,0.2048,LONJAKAN_PENJUALAN,0.10644066914873229
2026-05-23,W2,Extra Joss sachet,Sachet,13.0,14.0,2100.0,1700.0,4.415716490395651,0.0,0.19047619047619047,LONJAKAN_PENJUALAN,0.10646332687314186
2025-06-12,W4,Rinso 800g,Deterjen,5.0,5.0,18000.0,15518.0,4.2623607621873525,0.0,0.1378888888888889,LONJAKAN_PENJUALAN,0.10648759933699592
2025-04-22,W1,Sabun batang Lux,Perawatan,5.0,5.0,4500.0,3851.0,4.391550328268399,0.0,0.14422222222222222,LONJAKAN_PENJUALAN,0.1065148666266662
2025-10-26,W6,Pocari Sweat 500ml,Minuman,10.0,10.0,8800.0,7244.0,4.498904709731852,0.0,0.17681818181818182,LONJAKAN_PENJUALAN,0.1065268338514036
2025-03-17,W6,Terasi ABC 20g,Bumbu,5.0,10.0,2900.0,2592.0,4.0425801554483245,0.0,0.10620689655172413,LONJAKAN_PENJUALAN,0.1065492362632765
2025-05-10,W2,Oreo 119g,Snack,9.0,27.0,7800.0,6046.0,4.2202256396606,0.0,0.22487179487179487,LONJAKAN_PENJUALAN,0.10658053495347553
2026-04-22,W3,Kaldu bubuk Royco 100g,Bumbu,9.0,9.0,6800.0,5656.0,4.534121223492027,0.0,0.16823529411764707,LONJAKAN_PENJUALAN,0.10660971301367461
2026-02-27,W4,Kratingdaeng 150ml,Minuman,14.0,14.0,8000.0,6645.0,4.52955038434542,0.0,0.169375,LONJAKAN_PENJUALAN,0.10660971301367461
2025-11-28,W6,Kacang kulit Garuda 100g,Snack,6.0,6.0,7200.0,5592.0,4.2474591335184275,0.0,0.22333333333333333,LONJAKAN_PENJUALAN,0.1066670751739427
2025-09-11,W5,Masker,Obat,5.0,6.0,1000.0,845.0,4.4896193633369155,0.0,0.155,LONJAKAN_PENJUALAN,0.10667945635438825
2026-03-22,W5,Kecap manis Sedap 135ml,Bumbu,5.0,5.0,6400.0,5472.0,4.391550328268403,0.0,0.145,LONJAKAN_PENJUALAN,0.10677735502153318
2025-12-30,W3,Teh Pucuk 350ml,Minuman,8.0,8.0,4300.0,3338.0,4.204384591974206,0.0,0.22372093023255815,LONJAKAN_PENJUALAN,0.10679829984751144
2025-03-12,W6,Permen karet Big Babol,Snack,6.0,6.0,2000.0,1540.0,4.255796193691145,0.0,0.23,LONJAKAN_PENJUALAN,0.10686168238627602
2025-11-30,W5,Mi goreng Sarimi,Mi,5.0,5.0,3300.0,2846.0,4.26894794216388,0.0,0.13757575757575757,LONJAKAN_PENJUALAN,0.10698854927519919
2025-04-25,W2,Korek gas,Rokok,8.0,8.0,1950.0,1990.0,1.8254564467391048,0.0,-0.020512820512820513,JUAL_DI_BAWAH_HPP,0.10703403635671693
2026-02-08,W4,Kopi susu Good Day sachet,Sachet,22.0,22.0,2100.0,1600.0,4.177537616816538,0.0,0.23809523809523808,LONJAKAN_PENJUALAN,0.10711085055476177
2025-08-26,W2,Balsem Geliga 20g,Obat,5.0,5.0,7800.0,6626.0,4.419240906459927,0.0,0.1505128205128205,LONJAKAN_PENJUALAN,0.10721402105665734
2025-10-01,W6,Merica bubuk Ladaku,Bumbu,6.0,6.0,1600.0,1350.0,4.4927972072068805,0.0,0.15625,LONJAKAN_PENJUALAN,0.1072574342255177
2026-02-28,W5,Kopi susu Torabika sachet,Sachet,15.0,15.0,2100.0,1645.0,4.223196796733163,0.0,0.21666666666666667,LONJAKAN_PENJUALAN,0.10742083192789564
2025-12-26,W3,Spons (kebersihan),Deterjen,5.0,5.0,3300.0,2650.0,4.440333923202641,0.0,0.19696969696969696,LONJAKAN_PENJUALAN,0.10742258538334037
2025-04-14,W3,Kecap manis Sedap 135ml,Bumbu,8.0,8.0,5700.0,4842.0,4.397129263816547,0.0,0.15052631578947367,LONJAKAN_PENJUALAN,0.10747619416375653
2025-03-20,W6,Kopi ABC sachet,Sachet,6.0,6.0,2000.0,1596.0,4.342964947799501,0.0,0.202,LONJAKAN_PENJUALAN,0.10757371830829432
2025-12-24,W6,Extra Joss,Minuman,11.0,11.0,2500.0,2058.0,4.4580338837001054,0.0,0.1768,LONJAKAN_PENJUALAN,0.10757605584817054
2025-06-12,W3,Beras medium 1kg,Sembako,11.0,11.0,15000.0,13231.0,4.201250173235181,0.0,0.11793333333333333,LONJAKAN_PENJUALAN,0.10760454496256955
2025-10-05,W5,Kecap manis Sedap 135ml,Bumbu,6.0,6.0,5800.0,4938.0,4.44117394097844,0.0,0.14862068965517242,LONJAKAN_PENJUALAN,0.10761887926417524
2026-03-07,W4,Pocari Sweat 350ml,Minuman,8.0,24.0,7300.0,5810.0,4.254456198135888,0.0,0.20410958904109588,LONJAKAN_PENJUALAN,0.10764825836315617
2025-04-25,W6,Saus tiram Saori 133ml,Bumbu,5.0,5.0,7800.0,6945.0,4.0,0.0,0.10961538461538461,LONJAKAN_PENJUALAN,0.10771154956895201
2026-05-03,W3,Teh Gelas 350ml,Minuman,9.0,9.0,2700.0,2103.0,4.172535268742507,0.0,0.22111111111111112,LONJAKAN_PENJUALAN,0.10777151788107797
2025-06-01,W1,Wipol 450ml,Deterjen,5.0,5.0,9000.0,7657.0,4.404857126949257,0.0,0.14922222222222223,LONJAKAN_PENJUALAN,0.10790803045358299
2025-12-07,W3,Teh Gelas 350ml,Minuman,6.0,6.0,2700.0,2050.0,4.019363071819406,0.0,0.24074074074074073,LONJAKAN_PENJUALAN,0.10793623847262523
2026-06-13,W6,Nescafe 220ml,Minuman,6.0,6.0,6300.0,5186.0,4.425176864446056,0.0,0.17682539682539683,LONJAKAN_PENJUALAN,0.10796902630486216
2026-05-27,W1,Teh Tong Tji sachet,Sachet,16.0,16.0,1000.0,811.0,4.3782428481544216,0.0,0.189,LONJAKAN_PENJUALAN,0.1079791082666347
2025-09-21,W5,Kopi ABC sachet,Sachet,12.0,18.0,2100.0,1644.0,4.195905747028341,0.0,0.21714285714285714,LONJAKAN_PENJUALAN,0.10798784275742712
2025-08-05,W4,Sabun batang Lifebuoy,Perawatan,5.0,5.0,4000.0,3550.0,4.085285845514418,0.0,0.1125,LONJAKAN_PENJUALAN,0.1080054825954172
2025-06-12,W4,Sabun cair Lifebuoy 250ml,Perawatan,6.0,6.0,12500.0,10659.0,4.4556639433950345,0.0,0.14728,LONJAKAN_PENJUALAN,0.10802653446857158
2025-12-20,W5,Good Day 250ml,Minuman,11.0,11.0,5300.0,4202.0,4.306960965576164,0.0,0.2071698113207547,LONJAKAN_PENJUALAN,0.10807677138856897
2026-05-17,W5,Rinso sachet,Deterjen,5.0,5.0,2800.0,2249.0,4.394703182707575,0.0,0.19678571428571429,LONJAKAN_PENJUALAN,0.10807756143559988
2026-02-01,W1,Good Day 250ml,Minuman,11.0,11.0,5200.0,4215.0,4.3922942355491985,0.0,0.18942307692307692,LONJAKAN_PENJUALAN,0.10822152008292185
2026-02-17,W5,Saus tomat ABC 135ml,Bumbu,6.0,6.0,8100.0,6923.0,4.377951157240596,0.0,0.14530864197530866,LONJAKAN_PENJUALAN,0.10830775539259785
2025-09-17,W4,Sabun batang Lifebuoy,Perawatan,9.0,9.0,4000.0,3508.0,4.174528543221755,0.0,0.123,LONJAKAN_PENJUALAN,0.10834251376833104
2026-02-02,W3,Sikat,Deterjen,6.0,6.0,7500.0,6200.0,4.506395337818146,0.0,0.17333333333333334,LONJAKAN_PENJUALAN,0.10834426460812996
2025-05-24,W3,Le Minerale 600ml,Minuman,6.0,6.0,4100.0,3195.0,4.24622787045391,0.0,0.22073170731707317,LONJAKAN_PENJUALAN,0.10837252320084412
2026-04-19,W6,Cappuccino Good Day sachet,Sachet,7.0,7.0,2600.0,2100.0,4.391550328268401,0.0,0.19230769230769232,LONJAKAN_PENJUALAN,0.10840564321735513
2025-10-11,W4,Le Minerale 600ml,Minuman,20.0,21.0,4200.0,3400.0,4.3690700956027415,0.0,0.19047619047619047,LONJAKAN_PENJUALAN,0.1084127941046239
2025-05-06,W3,Buavita 250ml,Minuman,10.0,10.0,7200.0,5692.0,4.279986866290195,0.0,0.20944444444444443,LONJAKAN_PENJUALAN,0.10842825427693215
2026-02-28,W2,Chocolatos sachet,Sachet,7.0,12.0,2100.0,1699.0,4.3631524089474,0.0,0.19095238095238096,LONJAKAN_PENJUALAN,0.10843992988101858
2026-02-13,W1,Kukubima sachet,Minuman,7.0,12.0,2700.0,2100.0,4.069962965451403,0.0,0.2222222222222222,LONJAKAN_PENJUALAN,0.10848212264381529
2025-09-13,W2,Shampoo Clear sachet,Perawatan,5.0,5.0,1500.0,1306.0,4.2367620641697705,0.0,0.12933333333333333,LONJAKAN_PENJUALAN,0.10852554531716285
2026-06-27,W6,Bakso 250g,Frozen,5.0,5.0,16000.0,13948.0,4.249423738651124,0.0,0.12825,LONJAKAN_PENJUALAN,0.10852554531716285
2025-07-27,W3,Garam Refina 500g,Sembako,6.0,6.0,4300.0,3750.0,4.2485291572496005,0.0,0.12790697674418605,LONJAKAN_PENJUALAN,0.10852554531716285
2025-09-28,W1,Mi jumbo Indomie,Mi,6.0,6.0,4700.0,4098.0,4.240196065373758,0.0,0.12808510638297874,LONJAKAN_PENJUALAN,0.10852554531716285
2026-01-01,W6,Kaldu bubuk Royco 100g,Bumbu,6.0,6.0,6100.0,5312.0,4.2427504848881545,0.0,0.12918032786885245,LONJAKAN_PENJUALAN,0.10852554531716285
2026-04-02,W4,Kecap manis ABC 135ml,Bumbu,5.0,5.0,6800.0,5923.0,4.230459666611378,0.0,0.12897058823529411,LONJAKAN_PENJUALAN,0.10852554531716285
2025-07-13,W6,Saus sambal sachet ABC,Bumbu,10.0,10.0,1600.0,1350.0,4.4563082214753,0.0,0.15625,LONJAKAN_PENJUALAN,0.10856702021027209
2026-03-18,W1,Kukubima sachet,Minuman,8.0,8.0,2700.0,2100.0,4.066031074112962,0.0,0.2222222222222222,LONJAKAN_PENJUALAN,0.10861293801811367
2025-07-02,W5,Deodoran Rexona 45ml,Perawatan,5.0,5.0,18500.0,15704.0,4.379213917168631,0.0,0.15113513513513513,LONJAKAN_PENJUALAN,0.10879356959662179
2025-09-20,W2,Kecap manis Bango 135ml,Bumbu,6.0,6.0,7100.0,6200.0,4.174064093890729,0.0,0.1267605633802817,LONJAKAN_PENJUALAN,0.10881788246681101
2025-05-30,W3,Kantong sampah,Deterjen,8.0,8.0,8200.0,6706.0,4.412324391433803,0.0,0.1821951219512195,LONJAKAN_PENJUALAN,0.10881995368193709
2025-05-30,W3,Kopiko 78C 240ml,Minuman,9.0,9.0,6200.0,4894.0,4.260271514371355,0.0,0.21064516129032257,LONJAKAN_PENJUALAN,0.10886340587366006
2025-05-27,W5,Masker,Obat,7.0,7.0,1000.0,800.0,4.291522377708484,0.0,0.2,LONJAKAN_PENJUALAN,0.10889391927065917
2025-04-06,W1,Better,Snack,12.0,12.0,2500.0,1905.0,4.07025044927909,0.0,0.238,LONJAKAN_PENJUALAN,0.10892451385704882
2025-09-09,W3,Rinso sachet,Deterjen,6.0,6.0,2700.0,2200.0,4.330127018922192,0.0,0.18518518518518517,LONJAKAN_PENJUALAN,0.10895331646138096
2025-06-21,W3,Sunlight sachet,Deterjen,7.0,7.0,2100.0,1740.0,4.501442770155702,0.0,0.17142857142857143,LONJAKAN_PENJUALAN,0.10898485288591186
2026-07-12,W1,Aqua 330ml,Minuman,9.0,9.0,3300.0,2644.0,4.364703845491508,0.0,0.1987878787878788,LONJAKAN_PENJUALAN,0.10899620812011379
2025-12-17,W2,Teh Sariwangi 25 kantong,Sachet,6.0,21.0,8100.0,6780.0,4.485155407219026,0.0,0.16296296296296298,LONJAKAN_PENJUALAN,0.10902915258420254
2025-07-31,W5,Bubur instan 50g,Mi,5.0,5.0,5100.0,4489.0,4.131810603600747,0.0,0.11980392156862744,LONJAKAN_PENJUALAN,0.10906868746581677
2026-03-31,W6,Kopi Kapal Api sachet,Sachet,9.0,9.0,2200.0,1749.0,4.172535268742501,0.0,0.205,LONJAKAN_PENJUALAN,0.10908767221621918
2026-04-03,W6,Makaroni 200g,Mi,6.0,6.0,7500.0,6547.0,4.174064093890729,0.0,0.12706666666666666,LONJAKAN_PENJUALAN,0.1091737148381482
2026-03-16,W4,Teh Tong Tji sachet,Sachet,6.0,17.0,1100.0,850.0,4.048086841689082,0.0,0.22727272727272727,LONJAKAN_PENJUALAN,0.10917453138191535
2026-02-01,W4,Kratingdaeng 150ml,Minuman,7.0,11.0,8000.0,6600.0,4.446255206361226,0.0,0.175,LONJAKAN_PENJUALAN,0.10926722418708801
2026-03-19,W3,Penyedap Masako,Bumbu,4.0,6.0,1700.0,1461.0,4.267019971604169,0.0,0.14058823529411765,LONJAKAN_PENJUALAN,0.1093254925882321
2026-04-19,W3,Nutrisari sachet,Sachet,6.0,6.0,2200.0,1689.0,4.247459133518417,0.0,0.23227272727272727,LONJAKAN_PENJUALAN,0.10932968616725247
2025-10-28,W3,Parfum Gatsby 100ml,Perawatan,5.0,5.0,27000.0,22420.0,4.403995202673791,0.0,0.16962962962962963,LONJAKAN_PENJUALAN,0.10933562404485242
2025-04-02,W6,Daia sachet,Deterjen,7.0,7.0,2000.0,1745.0,4.221567218305547,0.0,0.1275,LONJAKAN_PENJUALAN,0.10941016464651743
2025-08-02,W5,Pop Mie,Mi,7.0,7.0,6300.0,5393.0,4.30942171288332,0.0,0.14396825396825397,LONJAKAN_PENJUALAN,0.1094499157205635
2025-09-02,W2,Teh Tong Tji sachet,Sachet,14.0,15.0,1000.0,800.0,4.280182339697308,0.0,0.2,LONJAKAN_PENJUALAN,0.10954723711740522
2025-05-18,W1,Kecap manis ABC 135ml,Bumbu,7.0,7.0,6000.0,5224.0,4.14094264515731,0.0,0.12933333333333333,LONJAKAN_PENJUALAN,0.10955179266398651
2025-09-22,W1,Penyedap Royco,Bumbu,4.0,5.0,1600.0,1350.0,4.394703182707571,0.0,0.15625,LONJAKAN_PENJUALAN,0.10961256455990942
2025-07-09,W3,Sprite 390ml,Minuman,8.0,8.0,6400.0,4902.0,4.167986866069945,0.0,0.2340625,LONJAKAN_PENJUALAN,0.10961876533001536
2025-07-19,W3,Kecap manis Sedap 135ml,Bumbu,8.0,8.0,5900.0,4850.0,4.37575739126985,0.0,0.17796610169491525,LONJAKAN_PENJUALAN,0.10964995334123406
2026-01-31,W4,Kopi Kapal Api sachet,Sachet,19.0,19.0,2100.0,1613.0,4.203669458238421,0.0,0.2319047619047619,LONJAKAN_PENJUALAN,0.10972147054295689
2025-05-03,W5,Bakso 250g,Frozen,5.0,5.0,16000.0,13218.0,4.403995202673789,0.0,0.173875,LONJAKAN_PENJUALAN,0.10978960078248379
2026-03-01,W5,Kopi susu Good Day sachet,Sachet,2.0,12.0,2100.0,1650.0,4.200568550847279,0.0,0.21428571428571427,LONJAKAN_PENJUALAN,0.10983755734210687
2025-11-28,W3,Teh Sariwangi 25 kantong,Sachet,8.0,8.0,8500.0,6549.0,4.150049913641314,0.0,0.22952941176470587,LONJAKAN_PENJUALAN,0.10989468790862034
2025-04-22,W5,Indomie Cup,Mi,8.0,8.0,6600.0,5751.0,4.130443370378966,0.0,0.12863636363636363,LONJAKAN_PENJUALAN,0.10994342681629987
2025-08-08,W4,Terasi ABC 20g,Bumbu,8.0,8.0,3100.0,2600.0,4.452400384422833,0.0,0.16129032258064516,LONJAKAN_PENJUALAN,0.11002447718084662
2026-01-17,W5,Mi goreng Indomie,Mi,9.0,9.0,3800.0,3356.0,4.065320280967424,0.0,0.1168421052631579,LONJAKAN_PENJUALAN,0.11003082325011682
2025-03-09,W6,Dancow sachet,Sachet,8.0,8.0,3400.0,2717.0,4.255248859601851,0.0,0.20088235294117648,LONJAKAN_PENJUALAN,0.11008110120321546
2025-10-11,W2,Kentang frozen 500g,Frozen,7.0,7.0,20500.0,18061.0,4.037030969365859,0.0,0.11897560975609756,LONJAKAN_PENJUALAN,0.11021269985904736
2025-07-01,W6,Karbol 500ml,Deterjen,8.0,8.0,6900.0,6089.0,4.029086791404573,0.0,0.11753623188405797,LONJAKAN_PENJUALAN,0.11022450076960999
2025-03-08,W3,Saus tiram Saori 133ml,Bumbu,9.0,9.0,8200.0,6712.0,4.384596166616008,0.0,0.18146341463414634,LONJAKAN_PENJUALAN,0.11026399320623059
2025-12-02,W5,Pop Mie,Mi,7.0,7.0,6500.0,5699.0,4.140708922790301,0.0,0.12323076923076923,LONJAKAN_PENJUALAN,0.11027699499715671
2025-09-22,W6,Basreng 100g,Snack,5.0,5.0,7200.0,5502.0,4.104335931748746,0.0,0.23583333333333334,LONJAKAN_PENJUALAN,0.11032356005044242
2026-01-18,W1,Pop Mie,Mi,5.0,5.0,6400.0,5646.0,4.0144923799059535,0.0,0.1178125,LONJAKAN_PENJUALAN,0.11035492323181795
2025-07-19,W3,Pocari Sweat 350ml,Minuman,10.0,10.0,7200.0,5701.0,4.227586917523801,0.0,0.20819444444444443,LONJAKAN_PENJUALAN,0.11045794526774022
2025-05-24,W2,Salonpas 10 pcs,Obat,6.0,6.0,14500.0,12420.0,4.276762135704482,0.0,0.14344827586206896,LONJAKAN_PENJUALAN,0.11049386855963861
2026-02-13,W6,Es krim Magnum,Frozen,5.0,5.0,15500.0,13642.0,4.092365826506263,0.0,0.11987096774193548,LONJAKAN_PENJUALAN,0.11052921510790825
2025-11-06,W2,Sikat,Deterjen,6.0,6.0,7100.0,6250.0,4.051851851079267,0.0,0.11971830985915492,LONJAKAN_PENJUALAN,0.11065956885601458
2025-08-02,W5,Bubur instan 50g,Mi,6.0,6.0,5100.0,4489.0,4.030286851592,0.0,0.11980392156862744,LONJAKAN_PENJUALAN,0.11065956885601458
2026-01-27,W1,Bubur instan 50g,Mi,7.0,7.0,5400.0,4700.0,4.038335328242772,0.0,0.12962962962962962,LONJAKAN_PENJUALAN,0.11075052446076461
2025-07-06,W6,Terasi ABC 20g,Bumbu,8.0,8.0,3000.0,2641.0,4.020422005641733,0.0,0.11966666666666667,LONJAKAN_PENJUALAN,0.11078989320891508
2026-05-12,W3,Minyak goreng Fortune 1L,Sembako,5.0,5.0,27500.0,24100.0,4.110363643975339,0.0,0.12363636363636364,LONJAKAN_PENJUALAN,0.11079846107382862
2026-05-02,W3,Indomilk 190ml,Minuman,11.0,11.0,5400.0,4348.0,4.290114988628142,0.0,0.1948148148148148,LONJAKAN_PENJUALAN,0.11091983488420765
2025-12-06,W3,Mi soto Indomie,Mi,5.0,5.0,3800.0,3291.0,4.104335931748746,0.0,0.13394736842105262,LONJAKAN_PENJUALAN,0.11094557840771879
2026-06-27,W3,Sikat gigi Formula,Perawatan,5.0,5.0,7800.0,6550.0,4.421882067444531,0.0,0.16025641025641027,LONJAKAN_PENJUALAN,0.11097336009622316
2026-02-01,W1,Pocari Sweat 500ml,Minuman,13.0,13.0,9300.0,7650.0,4.333203727078436,0.0,0.1774193548387097,LONJAKAN_PENJUALAN,0.11099455454098173
2025-10-31,W2,Es krim Magnum,Frozen,5.0,8.0,15500.0,13692.0,4.007834990707739,0.0,0.11664516129032258,LONJAKAN_PENJUALAN,0.11103521638686398
2025-08-24,W3,Teh Pucuk 350ml,Minuman,9.0,9.0,4100.0,3294.0,4.331853254087981,0.0,0.19658536585365854,LONJAKAN_PENJUALAN,0.11109155679384974
2025-08-29,W5,Santan Kara 65ml,Sembako,6.0,6.0,4300.0,3734.0,4.044011232135439,0.0,0.13162790697674417,LONJAKAN_PENJUALAN,0.11109471243032376
2025-09-06,W3,Kratingdaeng 150ml,Minuman,5.0,5.0,8500.0,6690.0,4.236762064169764,0.0,0.21294117647058824,LONJAKAN_PENJUALAN,0.11113251290608728
2026-04-30,W6,Karbol 500ml,Deterjen,5.0,5.0,7200.0,6352.0,4.0,0.0,0.11777777777777777,LONJAKAN_PENJUALAN,0.11113962003343203
2025-12-15,W5,Santan Kara 65ml,Sembako,5.0,5.0,4800.0,4233.0,4.0,0.0,0.118125,LONJAKAN_PENJUALAN,0.11113962003343203
2026-07-15,W3,Kaldu bubuk Royco 100g,Bumbu,9.0,9.0,6800.0,5651.0,4.38619581757309,0.0,0.16897058823529412,LONJAKAN_PENJUALAN,0.11114525742937664
2026-04-06,W5,Mi goreng Sarimi,Mi,6.0,6.0,3400.0,2890.0,4.330127018922187,0.0,0.15,LONJAKAN_PENJUALAN,0.11118340657911074
2025-09-07,W4,FreshCare 10ml,Obat,5.0,5.0,12500.0,10150.0,4.262360762187345,0.0,0.188,LONJAKAN_PENJUALAN,0.1112075801998017
2025-04-20,W6,Es krim cup Wall's,Frozen,5.0,5.0,4900.0,4250.0,4.092365826506261,0.0,0.1326530612244898,LONJAKAN_PENJUALAN,0.11123476792164022
2026-01-01,W6,Djarum Super 12 batang,Rokok,3.0,3.0,23500.0,23513.0,1.7398329326519753,0.0,-0.0005531914893617022,JUAL_DI_BAWAH_HPP,0.1112563928689213
2026-02-09,W5,Gula pasir Rose Brand 1kg,Sembako,5.0,5.0,22500.0,19577.0,4.086550304375559,0.0,0.12991111111111112,LONJAKAN_PENJUALAN,0.11128678235960932
2026-07-08,W6,Snack jagung Chiki,Snack,5.0,5.0,3200.0,2450.0,4.023351044835213,0.0,0.234375,LONJAKAN_PENJUALAN,0.11129442507359921
2026-03-20,W6,Karbol 500ml,Deterjen,6.0,6.0,7200.0,6210.0,4.107919181288746,0.0,0.1375,LONJAKAN_PENJUALAN,0.11129804619313122
2026-04-03,W3,Sunlight 400ml,Deterjen,2.0,5.0,10000.0,8044.0,4.262360762187356,0.0,0.1956,LONJAKAN_PENJUALAN,0.11134378106976384
2025-05-04,W4,Nugget Fiesta 250g,Frozen,7.0,8.0,25000.0,21775.0,4.016731577214791,0.0,0.129,LONJAKAN_PENJUALAN,0.11140174989803853
2025-10-15,W3,Tepung terigu Kompas 1kg,Sembako,5.0,5.0,15000.0,13074.0,4.008301824524139,0.0,0.1284,LONJAKAN_PENJUALAN,0.11140174989803853
2025-08-29,W2,Kecap manis Bango 135ml,Bumbu,5.0,5.0,7100.0,6205.0,4.0923658265062635,0.0,0.126056338028169,LONJAKAN_PENJUALAN,0.11141918100423365
2025-11-01,W6,Saus tiram Saori 133ml,Bumbu,5.0,5.0,8100.0,6962.0,4.249423738651122,0.0,0.14049382716049383,LONJAKAN_PENJUALAN,0.11160153988929622
2025-05-22,W3,Mi goreng Sedaap,Mi,5.0,5.0,3600.0,3158.0,4.092365826506262,0.0,0.12277777777777778,LONJAKAN_PENJUALAN,0.11162534188643025
2025-12-15,W3,Pop Mie,Mi,5.0,5.0,6400.0,5534.0,4.09236582650626,0.0,0.1353125,LONJAKAN_PENJUALAN,0.11167381590296299
2025-06-29,W6,Teh Gelas 350ml,Minuman,14.0,14.0,2500.0,2050.0,4.312226777193224,0.0,0.18,LONJAKAN_PENJUALAN,0.1117397795129762
2026-01-09,W3,Shampoo Pantene sachet,Perawatan,5.0,5.0,1600.0,1400.0,4.0923658265062635,0.0,0.125,LONJAKAN_PENJUALAN,0.1118070681557094
2025-07-12,W6,Kukubima sachet,Minuman,4.0,9.0,2400.0,2048.0,4.333011815602172,0.0,0.14666666666666667,LONJAKAN_PENJUALAN,0.11182178466410053
2025-10-05,W4,Cuka 100ml,Bumbu,7.0,7.0,4200.0,3640.0,4.03595021979824,0.0,0.13333333333333333,LONJAKAN_PENJUALAN,0.11186615327454053
2025-10-08,W3,Deodoran Rexona sachet,Perawatan,6.0,6.0,4300.0,3597.0,4.366156080142856,0.0,0.16348837209302325,LONJAKAN_PENJUALAN,0.1119081644985257
2026-03-19,W6,Saus sambal ABC 135ml,Bumbu,4.0,6.0,7800.0,6809.0,4.072171065008609,0.0,0.12705128205128205,LONJAKAN_PENJUALAN,0.11191666462526795
2025-12-30,W3,Penyedap Royco,Bumbu,5.0,7.0,1700.0,1450.0,4.3289111230363515,0.0,0.14705882352941177,LONJAKAN_PENJUALAN,0.11195184693345217
2025-04-04,W6,Shampoo Pantene sachet,Perawatan,4.0,5.0,1500.0,1300.0,4.0083018245241355,0.0,0.13333333333333333,LONJAKAN_PENJUALAN,0.11199620553862233
2025-08-25,W3,Pocari Sweat 500ml,Minuman,6.0,6.0,9300.0,7411.0,4.1576092031015,0.0,0.20311827956989248,LONJAKAN_PENJUALAN,0.11205812665043757
2026-04-16,W1,Saus sambal sachet ABC,Bumbu,5.0,5.0,1700.0,1451.0,4.34205576609307,0.0,0.14647058823529413,LONJAKAN_PENJUALAN,0.11208187987332752
2026-04-12,W3,Pocari Sweat 500ml,Minuman,7.0,7.0,9600.0,7530.0,4.037030969365859,0.0,0.215625,LONJAKAN_PENJUALAN,0.11208469786093755
2025-12-02,W5,Tepung terigu Segitiga Biru 1kg,Sembako,5.0,5.0,17500.0,15348.0,4.0,0.0,0.12297142857142856,LONJAKAN_PENJUALAN,0.11213317061866424
2025-03-10,W1,Teh Sariwangi 1 kantong,Sachet,13.0,13.0,500.0,400.0,4.222025193552637,0.0,0.2,LONJAKAN_PENJUALAN,0.11218011468426259
2025-09-13,W6,Teh Sariwangi 1 kantong,Sachet,6.0,9.0,500.0,400.0,4.250520260981407,0.0,0.2,LONJAKAN_PENJUALAN,0.11218011468426259
2025-12-16,W1,Pop Mie,Mi,5.0,5.0,6400.0,5605.0,4.083267922029721,0.0,0.12421875,LONJAKAN_PENJUALAN,0.112184844627217
2026-07-01,W6,Kratingdaeng 150ml,Minuman,8.0,8.0,8400.0,7045.0,4.36862831680408,0.0,0.16130952380952382,LONJAKAN_PENJUALAN,0.11222205046777711
2025-04-24,W2,Mayones Maestro 100g,Bumbu,6.0,6.0,6800.0,5946.0,4.05839603669744,0.0,0.12558823529411764,LONJAKAN_PENJUALAN,0.11222661789198118
2026-02-16,W2,Astor,Snack,19.0,19.0,2600.0,2049.0,4.0682049536852505,0.0,0.21192307692307694,LONJAKAN_PENJUALAN,0.1123459448558648
2025-06-23,W3,Soklin sachet,Deterjen,6.0,6.0,2200.0,1750.0,4.056484823640285,0.0,0.20454545454545456,LONJAKAN_PENJUALAN,0.11235109412187216
2026-03-24,W6,Extra Joss,Minuman,9.0,9.0,2500.0,2100.0,4.37283610419205,0.0,0.16,LONJAKAN_PENJUALAN,0.11238816128449136
2025-05-31,W6,Beng-Beng,Snack,5.0,5.0,2400.0,1901.0,4.0852858455144165,0.0,0.20791666666666667,LONJAKAN_PENJUALAN,0.11239113192573591
2026-07-09,W5,Mi goreng Indomie,Mi,7.0,7.0,4000.0,3440.0,4.128978343497122,0.0,0.14,LONJAKAN_PENJUALAN,0.11244898725099339
2025-05-10,W3,Pocari Sweat 500ml,Minuman,10.0,10.0,9300.0,7400.0,4.0083018245241355,0.0,0.20430107526881722,LONJAKAN_PENJUALAN,0.11248103703017209
2025-09-10,W4,Kukubima sachet,Minuman,8.0,23.0,2600.0,2050.0,4.030361736852505,0.0,0.21153846153846154,LONJAKAN_PENJUALAN,0.11250697824796518
2025-12-25,W1,Kecap manis ABC 135ml,Bumbu,6.0,6.0,6800.0,5698.0,4.3582504952376775,0.0,0.16205882352941176,LONJAKAN_PENJUALAN,0.11265403795665208
2025-09-08,W2,Astor,Snack,21.0,21.0,2500.0,1994.0,4.148039708314082,0.0,0.2024,LONJAKAN_PENJUALAN,0.11266934411982299
2025-12-14,W1,Pasta gigi Close Up 65g,Perawatan,5.0,5.0,7300.0,6295.0,4.014492379905952,0.0,0.13767123287671232,LONJAKAN_PENJUALAN,0.11275295529770102
2026-07-11,W3,Super Pell 450ml,Deterjen,5.0,5.0,8800.0,7156.0,4.2462558990346,0.0,0.18681818181818183,LONJAKAN_PENJUALAN,0.11275887192295897
2025-05-03,W3,Milo sachet,Sachet,7.0,7.0,3600.0,2839.0,4.019606923444692,0.0,0.21138888888888888,LONJAKAN_PENJUALAN,0.11276676446514933
2025-06-10,W3,Le Minerale 600ml,Minuman,7.0,7.0,4100.0,3244.0,4.07769539412175,0.0,0.20878048780487804,LONJAKAN_PENJUALAN,0.11299737250114827
2025-04-17,W2,Roma Kelapa 300g,Snack,22.0,31.0,8700.0,6844.0,4.062193732502606,0.0,0.21333333333333335,LONJAKAN_PENJUALAN,0.11324912448378865
2025-03-16,W5,Sabun batang Lux,Perawatan,7.0,7.0,4600.0,3751.0,4.226660816074001,0.0,0.18456521739130435,LONJAKAN_PENJUALAN,0.11327810007059924
2025-06-13,W6,Kukubima sachet,Minuman,9.0,9.0,2400.0,2000.0,4.360788287934893,0.0,0.16666666666666666,LONJAKAN_PENJUALAN,0.11331368978789369
2025-09-03,W3,Sikat,Deterjen,5.0,5.0,7500.0,6094.0,4.236762064169764,0.0,0.18746666666666667,LONJAKAN_PENJUALAN,0.11331418079981315
2026-07-04,W3,Sunlight 400ml,Deterjen,6.0,6.0,10000.0,8153.0,4.160801926343306,0.0,0.1847,LONJAKAN_PENJUALAN,0.11340783393595966
2026-02-27,W1,Milo sachet,Sachet,11.0,11.0,3700.0,2948.0,4.073403939773011,0.0,0.20324324324324325,LONJAKAN_PENJUALAN,0.11345581063074195
2026-01-31,W1,Coca-Cola 390ml,Minuman,6.0,6.0,6200.0,4999.0,4.247459133518433,0.0,0.19370967741935483,LONJAKAN_PENJUALAN,0.11350804972155637
2025-10-24,W1,Aqua 330ml,Minuman,13.0,13.0,3100.0,2500.0,4.240196065373747,0.0,0.1935483870967742,LONJAKAN_PENJUALAN,0.11350804972155637
2025-12-02,W4,Le Minerale 600ml,Minuman,17.0,17.0,4200.0,3350.0,4.11036364397534,0.0,0.20238095238095238,LONJAKAN_PENJUALAN,0.11357782733004329
2026-04-25,W5,Vitamin C CDR,Obat,6.0,6.0,3300.0,2600.0,4.06218405364827,0.0,0.21212121212121213,LONJAKAN_PENJUALAN,0.11358239740848552
2025-09-30,W2,LA Bold 16 batang,Rokok,5.0,5.0,29000.0,29062.0,1.6315172653038956,0.0,-0.0021379310344827587,JUAL_DI_BAWAH_HPP,0.11360965565133152
2026-01-31,W4,Nescafe 220ml,Minuman,11.0,16.0,6200.0,5123.0,4.311431953744784,0.0,0.17370967741935484,LONJAKAN_PENJUALAN,0.11370299270176243
2026-01-13,W5,Karbol 500ml,Deterjen,6.0,6.0,7700.0,6261.0,4.151799419967845,0.0,0.18688311688311687,LONJAKAN_PENJUALAN,0.11377762963695459
2025-12-17,W4,Teh Sariwangi 25 kantong,Sachet,0.0,14.0,8300.0,6748.0,4.153331139879626,0.0,0.1869879518072289,LONJAKAN_PENJUALAN,0.11383290822082825
2025-03-31,W1,Nescafe 220ml,Minuman,11.0,13.0,6000.0,4802.0,4.1934217416987085,0.0,0.19966666666666666,LONJAKAN_PENJUALAN,0.11383954309335931
2026-02-12,W3,Milo sachet,Sachet,5.0,5.0,3800.0,2994.0,4.0083018245241275,0.0,0.21210526315789474,LONJAKAN_PENJUALAN,0.11384169865912708
2025-09-04,W2,Permen Relaxa,Snack,12.0,12.0,6800.0,5545.0,4.16864651020629,0.0,0.18455882352941178,LONJAKAN_PENJUALAN,0.11392647690916424
2025-12-07,W4,Oralit sachet,Obat,4.0,9.0,2100.0,1700.0,4.2156752493781084,0.0,0.19047619047619047,LONJAKAN_PENJUALAN,0.1139361293690061
2025-10-18,W2,Penyedap Royco,Bumbu,7.0,7.0,1600.0,1350.0,4.286085961877297,0.0,0.15625,LONJAKAN_PENJUALAN,0.11394297723064395
2026-07-08,W2,Sampoerna A 16 batang,Rokok,3.0,3.0,40000.0,40109.0,1.5814829265386072,0.0,-0.002725,JUAL_DI_BAWAH_HPP,0.11397574628548535
2026-05-19,W6,Milo sachet,Sachet,7.0,7.0,3600.0,2857.0,4.059499293069696,0.0,0.2063888888888889,LONJAKAN_PENJUALAN,0.11402771083910046
2025-12-13,W1,Le Minerale 600ml,Minuman,14.0,14.0,4200.0,3400.0,4.191887355587933,0.0,0.19047619047619047,LONJAKAN_PENJUALAN,0.1140657148465607
2025-11-16,W4,Oralit sachet,Obat,3.0,8.0,2100.0,1701.0,4.167399082202615,0.0,0.19,LONJAKAN_PENJUALAN,0.11413547321567685
2025-04-27,W6,Good Day 250ml,Minuman,8.0,8.0,4900.0,3998.0,4.172708612725833,0.0,0.1840816326530612,LONJAKAN_PENJUALAN,0.11426216266930156
2025-06-24,W1,Teh Pucuk 350ml,Minuman,11.0,16.0,4000.0,3250.0,4.1412861457557915,0.0,0.1875,LONJAKAN_PENJUALAN,0.11446145227453897
2025-11-01,W6,Super Pell 450ml,Deterjen,7.0,7.0,8100.0,6954.0,4.016731577214793,0.0,0.14148148148148149,LONJAKAN_PENJUALAN,0.11448068932820821
2025-08-07,W5,Saus tomat ABC 135ml,Bumbu,7.0,7.0,7400.0,6350.0,4.04945824844235,0.0,0.14189189189189189,LONJAKAN_PENJUALAN,0.11450776130778206
2025-06-02,W6,Kacang kulit Garuda 100g,Snack,5.0,5.0,6900.0,5536.0,4.225121104968276,0.0,0.19768115942028985,LONJAKAN_PENJUALAN,0.11451398919671973
2025-09-26,W3,Soklin sachet,Deterjen,5.0,5.0,2200.0,1754.0,4.086550304375547,0.0,0.20272727272727273,LONJAKAN_PENJUALAN,0.11452854699436321
2025-07-06,W5,Karbol 500ml,Deterjen,5.0,5.0,7400.0,6023.0,4.110363643975346,0.0,0.18608108108108107,LONJAKAN_PENJUALAN,0.11455491863713119
2025-09-02,W4,Indomilk 190ml,Minuman,6.0,13.0,5200.0,4196.0,4.104804353742376,0.0,0.1930769230769231,LONJAKAN_PENJUALAN,0.11457849129709197
2026-07-13,W3,Sunlight sachet,Deterjen,10.0,10.0,2300.0,1841.0,4.1407089227903136,0.0,0.19956521739130434,LONJAKAN_PENJUALAN,0.11485638887590532
2025-12-17,W1,Aqua 600ml,Minuman,22.0,28.0,4000.0,3265.0,4.23004393856988,0.0,0.18375,LONJAKAN_PENJUALAN,0.11488076591028618
2025-06-01,W4,Balsem Geliga 20g,Obat,8.0,8.0,8000.0,6693.0,4.301943286839514,0.0,0.163375,LONJAKAN_PENJUALAN,0.11491857387406956
2025-04-11,W3,Sikat,Deterjen,8.0,8.0,7200.0,5850.0,4.115329393281212,0.0,0.1875,LONJAKAN_PENJUALAN,0.114979145191339
2025-08-27,W5,Kopiko 78C 240ml,Minuman,14.0,14.0,6100.0,4889.0,4.152922292831034,0.0,0.19852459016393442,LONJAKAN_PENJUALAN,0.11500480728479678
2026-05-23,W3,Tempura 250g,Frozen,5.0,5.0,17000.0,14305.0,4.310249918473063,0.0,0.1585294117647059,LONJAKAN_PENJUALAN,0.11506568457144939
2026-06-20,W1,Karbol 500ml,Deterjen,6.0,6.0,7600.0,6430.0,4.24275048488815,0.0,0.15394736842105264,LONJAKAN_PENJUALAN,0.11525984576306969
2026-03-23,W3,Kecap manis Sedap 135ml,Bumbu,7.0,7.0,6500.0,5456.0,4.287315606583748,0.0,0.1606153846153846,LONJAKAN_PENJUALAN,0.11551618395217889
2026-01-01,W6,Sprite 390ml,Minuman,8.0,8.0,6100.0,4968.0,4.068026172775029,0.0,0.1855737704918033,LONJAKAN_PENJUALAN,0.1157432928322436
2025-07-13,W1,Le Minerale 600ml,Minuman,12.0,12.0,4000.0,3253.0,4.0324026926569925,0.0,0.18675,LONJAKAN_PENJUALAN,0.1157432928322436
2025-12-16,W5,Buavita 250ml,Minuman,14.0,14.0,7100.0,5724.0,4.109581675217071,0.0,0.19380281690140846,LONJAKAN_PENJUALAN,0.11585696207959595
2025-04-10,W4,Bakso 250g,Frozen,5.0,5.0,15000.0,12735.0,4.236762064169767,0.0,0.151,LONJAKAN_PENJUALAN,0.11613986176031788
2025-07-26,W4,Kratingdaeng 150ml,Minuman,8.0,8.0,8000.0,6495.0,4.077461404681993,0.0,0.188125,LONJAKAN_PENJUALAN,0.11616664114159259
2025-04-26,W1,Teh Pucuk 350ml,Minuman,19.0,19.0,4000.0,3250.0,4.065209780269519,0.0,0.1875,LONJAKAN_PENJUALAN,0.11629572363128815
2025-04-26,W2,Frestea 350ml,Minuman,17.0,23.0,3900.0,3250.0,4.2860374901051905,0.0,0.16666666666666666,LONJAKAN_PENJUALAN,0.11631676195385188
2025-09-16,W6,Sunlight sachet,Deterjen,5.0,10.0,2100.0,1800.0,4.082075944814679,0.0,0.14285714285714285,LONJAKAN_PENJUALAN,0.1163526018588954
2025-04-29,W5,Diapet strip,Obat,5.0,5.0,7100.0,5700.0,4.131810603600744,0.0,0.19718309859154928,LONJAKAN_PENJUALAN,0.1164144707884135
2025-08-17,W5,Indomilk 190ml,Minuman,14.0,14.0,5100.0,4146.0,4.051701011591767,0.0,0.18705882352941178,LONJAKAN_PENJUALAN,0.1164247770124508
2026-06-06,W1,Le Minerale 1.5L,Minuman,13.0,13.0,6400.0,5150.0,4.057513356003447,0.0,0.1953125,LONJAKAN_PENJUALAN,0.1165597471701818
2025-03-14,W6,Le Minerale 600ml,Minuman,8.0,8.0,3900.0,3152.0,4.0204220056417315,0.0,0.19179487179487179,LONJAKAN_PENJUALAN,0.11678550580607272
2025-03-13,W6,Molto sachet,Deterjen,7.0,8.0,2000.0,1700.0,4.213267541543424,0.0,0.15,LONJAKAN_PENJUALAN,0.11679879984841612
2025-11-03,W3,Sunlight 400ml,Deterjen,6.0,6.0,9600.0,7869.0,4.1079191812887474,0.0,0.1803125,LONJAKAN_PENJUALAN,0.11679886790894145
2025-10-25,W3,Kantong sampah,Deterjen,6.0,6.0,8500.0,7011.0,4.174064093890729,0.0,0.1751764705882353,LONJAKAN_PENJUALAN,0.11683299391082369
2025-10-29,W5,Kecap asin ABC 135ml,Bumbu,6.0,6.0,6500.0,5413.0,4.26701997160417,0.0,0.16723076923076924,LONJAKAN_PENJUALAN,0.11688476183346097
2025-12-13,W2,Dancow sachet,Sachet,22.0,22.0,3600.0,2907.0,4.0619580356560805,0.0,0.1925,LONJAKAN_PENJUALAN,0.11689594590001284
2026-03-24,W5,Mi goreng Sarimi,Mi,5.0,5.0,3400.0,2890.0,4.23676206416976,0.0,0.15,LONJAKAN_PENJUALAN,0.11692773978421067
2025-07-17,W3,Teh Tong Tji sachet,Sachet,11.0,11.0,1000.0,850.0,4.241671614291632,0.0,0.15,LONJAKAN_PENJUALAN,0.11692773978421067
2026-02-28,W2,Kratingdaeng 150ml,Minuman,10.0,35.0,8100.0,6893.0,4.220237431484755,0.0,0.14901234567901234,LONJAKAN_PENJUALAN,0.1170566506436187
2025-04-24,W2,Korek gas,Rokok,7.0,7.0,1950.0,1990.0,1.483725532553457,0.0,-0.020512820512820513,JUAL_DI_BAWAH_HPP,0.11706247663745228
2025-04-29,W6,Good Day 250ml,Minuman,2.0,10.0,4900.0,3998.0,4.028252870917238,0.0,0.1840816326530612,LONJAKAN_PENJUALAN,0.117367632977178
2025-07-16,W6,Daia sachet,Deterjen,4.0,7.0,2100.0,1793.0,4.21117443806158,0.0,0.1461904761904762,LONJAKAN_PENJUALAN,0.1175597669172721
2026-03-26,W3,Rinso 800g,Deterjen,5.0,5.0,19500.0,16226.0,4.246255899034601,0.0,0.1678974358974359,LONJAKAN_PENJUALAN,0.1177002691898591
2025-11-01,W5,Saus tomat ABC 135ml,Bumbu,5.0,5.0,7400.0,6273.0,4.092365826506264,0.0,0.1522972972972973,LONJAKAN_PENJUALAN,0.11771078642722865
2026-02-08,W4,Frestea 350ml,Minuman,11.0,17.0,4200.0,3448.0,4.036266891990879,0.0,0.17904761904761904,LONJAKAN_PENJUALAN,0.11779900275983168
2025-04-05,W4,Sunlight sachet,Deterjen,5.0,5.0,2000.0,1708.0,4.235462788810287,0.0,0.146,LONJAKAN_PENJUALAN,0.11781727454993685
2026-06-17,W6,Frestea 350ml,Minuman,7.0,7.0,4100.0,3494.0,4.168416969371799,0.0,0.14780487804878048,LONJAKAN_PENJUALAN,0.11790461109940609
2025-08-18,W4,Hansaplast 10 pcs,Obat,5.0,5.0,8300.0,6850.0,4.142549249642578,0.0,0.1746987951807229,LONJAKAN_PENJUALAN,0.11797324777505258
2025-09-30,W3,Spons (kebersihan),Deterjen,7.0,7.0,3300.0,2650.0,4.06432565210281,0.0,0.19696969696969696,LONJAKAN_PENJUALAN,0.11811385905845262
2025-09-07,W6,Kopiko 78C 240ml,Minuman,8.0,8.0,6100.0,4901.0,4.008353952491062,0.0,0.19655737704918033,LONJAKAN_PENJUALAN,0.11824250244400036
2025-07-01,W6,Nescafe 220ml,Minuman,6.0,6.0,5900.0,4985.0,4.132427960473204,0.0,0.15508474576271186,LONJAKAN_PENJUALAN,0.11827731395522612
2026-07-11,W4,Nugget Fiesta 250g,Frozen,5.0,5.0,28000.0,23829.0,4.131810603600725,0.0,0.14896428571428572,LONJAKAN_PENJUALAN,0.11832508322569213
2025-07-29,W5,Saus tomat ABC 135ml,Bumbu,6.0,6.0,7400.0,6239.0,4.220603281936373,0.0,0.1568918918918919,LONJAKAN_PENJUALAN,0.11834086108105524
2025-04-06,W1,Es krim cup Wall's,Frozen,5.0,5.0,5000.0,4252.0,4.110363643975347,0.0,0.1496,LONJAKAN_PENJUALAN,0.11845367897948422
2025-10-26,W6,Kopiko 78C 240ml,Minuman,8.0,8.0,6100.0,5025.0,4.02709975882551,0.0,0.1762295081967213,LONJAKAN_PENJUALAN,0.11866855168099621
2025-09-18,W1,Tempura 250g,Frozen,5.0,5.0,15500.0,12990.0,4.236762064169768,0.0,0.16193548387096773,LONJAKAN_PENJUALAN,0.11881219451821634
2026-03-11,W3,Pop Mie,Mi,5.0,5.0,6400.0,5467.0,4.104335931748745,0.0,0.14578125,LONJAKAN_PENJUALAN,0.11882708290048838
2025-09-27,W6,Dancow sachet,Sachet,11.0,11.0,3400.0,2842.0,4.189936739544184,0.0,0.16411764705882353,LONJAKAN_PENJUALAN,0.11903131363575215
2025-06-01,W5,Saus tiram Saori 133ml,Bumbu,9.0,9.0,8200.0,6849.0,4.207769404941224,0.0,0.16475609756097562,LONJAKAN_PENJUALAN,0.11903131363575215
2026-05-09,W6,Daia sachet,Deterjen,5.0,5.0,2200.0,1850.0,4.225121104968276,0.0,0.1590909090909091,LONJAKAN_PENJUALAN,0.11905512140242358
2025-08-21,W1,Extra Joss,Minuman,11.0,11.0,2600.0,2089.0,4.001375568389393,0.0,0.19653846153846155,LONJAKAN_PENJUALAN,0.1191334572448488
2026-02-02,W2,Sprite 390ml,Minuman,14.0,14.0,6000.0,5050.0,4.221200794655163,0.0,0.15833333333333333,LONJAKAN_PENJUALAN,0.1191773696663786
2026-05-25,W5,Wipol 450ml,Deterjen,5.0,5.0,9800.0,8325.0,4.0852858455144165,0.0,0.15051020408163265,LONJAKAN_PENJUALAN,0.11921086587788499
2025-04-10,W6,Minyak kayu putih Cap Lang 30ml (Obat),Obat,5.0,5.0,9800.0,8217.0,4.199654363658222,0.0,0.16153061224489795,LONJAKAN_PENJUALAN,0.11923955756463878
2026-05-18,W3,Saus tiram Saori 133ml,Bumbu,9.0,9.0,9600.0,8064.0,4.2188180987239905,0.0,0.16,LONJAKAN_PENJUALAN,0.11940364590278696
2026-05-23,W5,Mi goreng Sarimi,Mi,9.0,9.0,3400.0,2890.0,4.08015206716844,0.0,0.15,LONJAKAN_PENJUALAN,0.11963398185941643
2025-12-18,W2,Pasta gigi Sensodyne 40g,Perawatan,5.0,5.0,20500.0,17426.0,4.092365826506264,0.0,0.14995121951219512,LONJAKAN_PENJUALAN,0.11963398185941643
2026-04-06,W4,Oralit sachet,Obat,6.0,6.0,2100.0,1750.0,4.197959184639514,0.0,0.16666666666666666,LONJAKAN_PENJUALAN,0.11981748350720589
2025-11-30,W2,Antangin sachet,Obat,5.0,5.0,3600.0,3000.0,4.1996543636582375,0.0,0.16666666666666666,LONJAKAN_PENJUALAN,0.11981748350720589
2026-06-21,W3,Kecap manis ABC 135ml,Bumbu,7.0,7.0,7100.0,6042.0,4.059499293069705,0.0,0.14901408450704226,LONJAKAN_PENJUALAN,0.11989055411275562
2025-08-13,W2,Sprite 390ml,Minuman,8.0,16.0,6000.0,4950.0,4.013845662723081,0.0,0.175,LONJAKAN_PENJUALAN,0.11992456328185142
2026-02-01,W3,Es krim Magnum,Frozen,5.0,5.0,16500.0,13829.0,4.142549249642578,0.0,0.16187878787878787,LONJAKAN_PENJUALAN,0.11994850123932632
2025-09-06,W4,Nugget Fiesta 250g,Frozen,5.0,5.0,26000.0,21974.0,4.0,0.0,0.15484615384615386,LONJAKAN_PENJUALAN,0.12032008833782604
2025-08-26,W2,Ultra Milk 250ml,Minuman,16.0,16.0,5500.0,4550.0,4.014269342422241,0.0,0.17272727272727273,LONJAKAN_PENJUALAN,0.1203206859939927
2025-04-21,W5,Super Pell 450ml,Deterjen,3.0,5.0,8200.0,6812.0,4.092365826506261,0.0,0.16926829268292684,LONJAKAN_PENJUALAN,0.12053098130465212
2026-05-30,W2,Teh Botol Sosro 350ml,Minuman,24.0,24.0,5000.0,4200.0,4.148120143678609,0.0,0.16,LONJAKAN_PENJUALAN,0.12053877308542371
2026-07-04,W6,Kukubima sachet,Minuman,7.0,7.0,2500.0,2108.0,4.094396720768794,0.0,0.1568,LONJAKAN_PENJUALAN,0.12055172624449273
2026-02-08,W2,Ultra Milk 250ml,Minuman,20.0,20.0,5500.0,4629.0,4.134884153871331,0.0,0.15836363636363637,LONJAKAN_PENJUALAN,0.12056921418392941
2025-10-30,W3,Kecap manis ABC 135ml,Bumbu,6.0,6.0,6400.0,5318.0,4.055072012006253,0.0,0.1690625,LONJAKAN_PENJUALAN,0.12065907962105527
2025-04-26,W2,Korek gas,Rokok,7.0,7.0,1950.0,1990.0,1.2566388533632025,0.0,-0.020512820512820513,JUAL_DI_BAWAH_HPP,0.12067652960032693
2025-02-28,W1,Kantong sampah,Deterjen,5.0,5.0,8000.0,6729.0,4.12108332720764,0.0,0.158875,LONJAKAN_PENJUALAN,0.12070347023843464
2025-07-05,W1,Wipol 450ml,Deterjen,5.0,5.0,9000.0,7565.0,4.08655030437555,0.0,0.15944444444444444,LONJAKAN_PENJUALAN,0.12115776573148362
2025-12-27,W4,Minyak rambut Gatsby 75g,Perawatan,5.0,5.0,16000.0,13483.0,4.083267922029725,0.0,0.1573125,LONJAKAN_PENJUALAN,0.1214180185081769
2025-06-20,W3,Es krim cup Wall's,Frozen,5.0,5.0,5200.0,4350.0,4.086550304375549,0.0,0.16346153846153846,LONJAKAN_PENJUALAN,0.12159974004179397
2026-04-02,W2,Teh Botol Sosro 350ml,Minuman,22.0,22.0,5000.0,4204.0,4.013194106768747,0.0,0.1592,LONJAKAN_PENJUALAN,0.12213467533913125
2026-01-31,W2,Sprite 390ml,Minuman,9.0,9.0,6000.0,5003.0,4.013194106768668,0.0,0.16616666666666666,LONJAKAN_PENJUALAN,0.12229212284916369
2026-02-01,W2,Sprite 390ml,Minuman,6.0,11.0,6000.0,5003.0,4.023885203699374,0.0,0.16616666666666666,LONJAKAN_PENJUALAN,0.12229212284916369
2025-12-02,W6,Kukubima sachet,Minuman,6.0,7.0,2500.0,2100.0,4.064325652102807,0.0,0.16,LONJAKAN_PENJUALAN,0.12235362800271843
2025-05-10,W6,Kratingdaeng 150ml,Minuman,7.0,10.0,7800.0,6550.0,4.076356945316897,0.0,0.16025641025641027,LONJAKAN_PENJUALAN,0.12260897381576785
2026-01-04,W5,Korek gas,Rokok,7.0,7.0,2100.0,2147.0,1.2260120676657777,0.0,-0.02238095238095238,JUAL_DI_BAWAH_HPP,0.12284234537098127
2026-01-02,W6,Korek gas,Rokok,3.0,3.0,2100.0,2151.0,1.181342295972325,0.0,-0.024285714285714285,JUAL_DI_BAWAH_HPP,0.12432357380646342
2025-06-29,W2,Korek gas,Rokok,7.0,7.0,1950.0,1999.0,1.1854769082802548,0.0,-0.025128205128205128,JUAL_DI_BAWAH_HPP,0.12492733979518911
2026-01-03,W5,Djarum Super 12 batang,Rokok,6.0,6.0,25500.0,25754.0,1.17648792108454,0.0,-0.00996078431372549,JUAL_DI_BAWAH_HPP,0.12515465671912007
2025-09-16,W2,LA Bold 16 batang,Rokok,4.0,4.0,29000.0,29296.0,1.1666666666666667,0.0,-0.010206896551724139,JUAL_DI_BAWAH_HPP,0.12553573775758675
2026-01-02,W5,Gudang Garam Filter 12 batang,Rokok,6.0,6.0,23500.0,24163.0,1.0584403556965398,0.0,-0.02821276595744681,JUAL_DI_BAWAH_HPP,0.12651420703589367
2025-08-14,W2,Sampoerna A 16 batang,Rokok,3.0,3.0,35000.0,35189.0,1.1067535746061425,0.0,-0.0054,JUAL_DI_BAWAH_HPP,0.12683737752179147
2026-01-04,W6,Korek gas,Rokok,3.0,3.0,2100.0,2151.0,1.0720590090067652,0.0,-0.024285714285714285,JUAL_DI_BAWAH_HPP,0.1272419528545503
2026-05-24,W2,LA Bold 16 batang,Rokok,3.0,3.0,33000.0,33036.0,1.0987005311470714,0.0,-0.001090909090909091,JUAL_DI_BAWAH_HPP,0.12746967100310946
2026-05-21,W2,LA Bold 16 batang,Rokok,3.0,3.0,33000.0,33036.0,1.0199380158769469,0.0,-0.001090909090909091,JUAL_DI_BAWAH_HPP,0.12810849883013387
2026-05-19,W2,LA Bold 16 batang,Rokok,3.0,3.0,33000.0,33036.0,0.9819805060619659,0.0,-0.001090909090909091,JUAL_DI_BAWAH_HPP,0.12822213066634947
2025-12-22,W2,Gudang Garam 16 batang,Rokok,3.0,3.0,29000.0,29037.0,1.003059562986026,0.0,-0.0012758620689655173,JUAL_DI_BAWAH_HPP,0.12834250633400712
2025-12-31,W6,Djarum Super 12 batang,Rokok,2.0,2.0,23500.0,23513.0,0.9499031731666063,0.0,-0.0005531914893617022,JUAL_DI_BAWAH_HPP,0.12838007743070312
2025-09-19,W2,LA Bold 16 batang,Rokok,4.0,4.0,29000.0,29296.0,1.0389534672141227,0.0,-0.010206896551724139,JUAL_DI_BAWAH_HPP,0.12849269005273933
2025-12-26,W6,Djarum Super 12 batang,Rokok,2.0,2.0,23500.0,23575.0,0.9048387445499965,0.0,-0.0031914893617021275,JUAL_DI_BAWAH_HPP,0.128929341144992
2025-12-28,W6,Djarum Super 12 batang,Rokok,2.0,2.0,23500.0,23575.0,0.9101427593541499,0.0,-0.0031914893617021275,JUAL_DI_BAWAH_HPP,0.12905554560318389
2026-01-03,W6,Korek kayu,Rokok,2.0,2.0,2000.0,2061.0,0.8621612291634744,0.0,-0.0305,JUAL_DI_BAWAH_HPP,0.12912053881876473
2025-06-22,W2,Korek gas,Rokok,6.0,6.0,1950.0,1995.0,0.8823980661941503,0.0,-0.023076923076923078,JUAL_DI_BAWAH_HPP,0.1293512532472395
2025-12-27,W6,Djarum Super 12 batang,Rokok,2.0,2.0,23500.0,23575.0,0.8429272304235245,0.0,-0.0031914893617021275,JUAL_DI_BAWAH_HPP,0.129398988490516
2025-09-01,W2,Sampoerna A 16 batang,Rokok,3.0,3.0,35000.0,35357.0,0.938314863256836,0.0,-0.0102,JUAL_DI_BAWAH_HPP,0.12941570079553344
2025-12-14,W6,Djarum Super 12 batang,Rokok,2.0,2.0,23500.0,23575.0,0.8806039062422907,0.0,-0.0031914893617021275,JUAL_DI_BAWAH_HPP,0.12947736256284237
2025-12-21,W6,Djarum Super 12 batang,Rokok,2.0,2.0,23500.0,23575.0,0.9250183155225825,0.0,-0.0031914893617021275,JUAL_DI_BAWAH_HPP,0.12954179557799883
2026-01-03,W2,Korek gas,Rokok,1.0,1.0,2050.0,2223.0,-1.036378609557314,0.0,-0.08439024390243903,JUAL_DI_BAWAH_HPP,0.1300883751883094
2026-06-28,W2,Sampoerna A 16 batang,Rokok,2.0,2.0,40000.0,40109.0,0.8215838362577487,0.0,-0.002725,JUAL_DI_BAWAH_HPP,0.13075225983777905
2026-01-04,W6,Korek kayu,Rokok,2.0,2.0,2000.0,2061.0,0.8027018340487521,0.0,-0.0305,JUAL_DI_BAWAH_HPP,0.13075225983777905
2026-07-05,W2,Sampoerna A 16 batang,Rokok,2.0,2.0,40000.0,40109.0,0.8027018340487512,0.0,-0.002725,JUAL_DI_BAWAH_HPP,0.13087805322171364
2026-07-06,W2,Sampoerna A 16 batang,Rokok,2.0,2.0,40000.0,40109.0,0.8027018340487512,0.0,-0.002725,JUAL_DI_BAWAH_HPP,0.13087805322171364
2026-07-08,W2,Esse 16 batang,Rokok,3.0,3.0,38000.0,38077.0,0.7674723305110561,0.0,-0.0020263157894736842,JUAL_DI_BAWAH_HPP,0.13347842804318677
2026-01-03,W1,LA Bold 16 batang,Rokok,3.0,3.0,31000.0,32631.0,0.6485706801208171,0.0,-0.05261290322580645,JUAL_DI_BAWAH_HPP,0.1375195305498086
2025-09-10,W2,Sampoerna A 16 batang,Rokok,2.0,2.0,35000.0,35357.0,0.5669467095138405,0.0,-0.0102,JUAL_DI_BAWAH_HPP,0.1398232808178106
2025-09-12,W2,Sampoerna A 16 batang,Rokok,2.0,2.0,35000.0,35357.0,0.5793404518208803,0.0,-0.0102,JUAL_DI_BAWAH_HPP,0.1411228986060722
2025-04-23,W2,Korek gas,Rokok,5.0,5.0,1950.0,1990.0,0.560518534520195,0.0,-0.020512820512820513,JUAL_DI_BAWAH_HPP,0.14160190719327703
2026-01-04,W5,Korek kayu,Rokok,2.0,2.0,2100.0,2172.0,-0.9569896267612543,0.0,-0.03428571428571429,JUAL_DI_BAWAH_HPP,0.14260150263278848
2025-09-11,W2,Sampoerna A 16 batang,Rokok,2.0,2.0,35000.0,35357.0,0.5373158267633042,0.0,-0.0102,JUAL_DI_BAWAH_HPP,0.14385854559321487
2026-07-04,W2,LA Bold 16 batang,Rokok,2.0,2.0,33000.0,33300.0,0.4972451580988454,0.0,-0.00909090909090909,JUAL_DI_BAWAH_HPP,0.14454506435233483
2026-06-30,W2,LA Bold 16 batang,Rokok,2.0,2.0,33000.0,33300.0,0.4972451580988454,0.0,-0.00909090909090909,JUAL_DI_BAWAH_HPP,0.14454506435233483
2025-09-08,W2,Sampoerna A 16 batang,Rokok,2.0,2.0,35000.0,35357.0,0.4972451580988466,0.0,-0.0102,JUAL_DI_BAWAH_HPP,0.14454506435233483
2025-09-13,W2,LA Bold 16 batang,Rokok,3.0,3.0,29000.0,29296.0,0.5,0.0,-0.010206896551724139,JUAL_DI_BAWAH_HPP,0.14479040280773703
2025-09-21,W2,LA Bold 16 batang,Rokok,1.0,1.0,29000.0,29062.0,-0.9486832980505138,0.0,-0.0021379310344827587,JUAL_DI_BAWAH_HPP,0.14485562845343392
2026-01-03,W5,Surya 16 batang,Rokok,7.0,7.0,33500.0,33886.0,0.48761570958577005,0.0,-0.011522388059701492,JUAL_DI_BAWAH_HPP,0.14492821381891674
2025-12-28,W2,Gudang Garam 16 batang,Rokok,2.0,2.0,29000.0,29037.0,0.47245559126153386,0.0,-0.0012758620689655173,JUAL_DI_BAWAH_HPP,0.14659083569092468
2025-06-28,W2,Korek gas,Rokok,5.0,5.0,1950.0,1999.0,0.4395588536320046,0.0,-0.025128205128205128,JUAL_DI_BAWAH_HPP,0.14705870703315738
2025-09-18,W2,LA Bold 16 batang,Rokok,3.0,3.0,29000.0,29296.0,0.41871789467931186,0.0,-0.010206896551724139,JUAL_DI_BAWAH_HPP,0.1472135649436661
2025-12-26,W2,Gudang Garam 16 batang,Rokok,2.0,2.0,29000.0,29037.0,0.4038105109089518,0.0,-0.0012758620689655173,JUAL_DI_BAWAH_HPP,0.14723599673825216
2025-12-27,W2,Gudang Garam 16 batang,Rokok,2.0,2.0,29000.0,29037.0,0.4038105109089518,0.0,-0.0012758620689655173,JUAL_DI_BAWAH_HPP,0.14723599673825216
2025-09-04,W2,Sampoerna A 16 batang,Rokok,2.0,2.0,35000.0,35357.0,0.4227704822713627,0.0,-0.0102,JUAL_DI_BAWAH_HPP,0.14756162613933976
2025-09-28,W2,LA Bold 16 batang,Rokok,3.0,3.0,29000.0,29062.0,0.4553436987145471,0.0,-0.0021379310344827587,JUAL_DI_BAWAH_HPP,0.14764317466331078
2026-01-03,W6,Korek gas,Rokok,2.0,2.0,2100.0,2151.0,0.4297097345034805,0.0,-0.024285714285714285,JUAL_DI_BAWAH_HPP,0.14778334117008163
2026-06-25,W2,LA Bold 16 batang,Rokok,2.0,2.0,33000.0,33300.0,0.38061688781732983,0.0,-0.00909090909090909,JUAL_DI_BAWAH_HPP,0.14784347684832366
2025-12-19,W2,Gudang Garam 16 batang,Rokok,2.0,2.0,29000.0,29037.0,0.37525707639540445,0.0,-0.0012758620689655173,JUAL_DI_BAWAH_HPP,0.14796541610570368
2025-09-23,W2,LA Bold 16 batang,Rokok,3.0,3.0,29000.0,29062.0,0.36667939881128464,0.0,-0.0021379310344827587,JUAL_DI_BAWAH_HPP,0.14876272987668848
2026-01-03,W6,Marlboro 16 batang,Rokok,2.0,2.0,41000.0,44054.0,0.33885734177559906,0.0,-0.07448780487804878,JUAL_DI_BAWAH_HPP,0.15085313533004308
2025-12-23,W2,Gudang Garam 16 batang,Rokok,2.0,2.0,29000.0,29037.0,0.34318414068335934,0.0,-0.0012758620689655173,JUAL_DI_BAWAH_HPP,0.15097364514977263
2025-10-22,W2,Marlboro 16 batang,Rokok,1.0,1.0,40500.0,40554.0,-0.8495630942913605,0.0,-0.0013333333333333333,JUAL_DI_BAWAH_HPP,0.1516424590904244
2026-06-23,W2,LA Bold 16 batang,Rokok,2.0,2.0,33000.0,33300.0,0.33264957192955713,0.0,-0.00909090909090909,JUAL_DI_BAWAH_HPP,0.1521274995313957
2025-10-23,W2,Marlboro 16 batang,Rokok,1.0,1.0,40500.0,40554.0,-0.8242919625296977,0.0,-0.0013333333333333333,JUAL_DI_BAWAH_HPP,0.15492680851649476
2025-09-15,W2,LA Bold 16 batang,Rokok,1.0,1.0,29000.0,29296.0,-0.816026113253443,0.0,-0.010206896551724139,JUAL_DI_BAWAH_HPP,0.15531931390947162
2025-10-27,W2,Marlboro 16 batang,Rokok,1.0,1.0,40500.0,40554.0,-0.8053523985619241,0.0,-0.0013333333333333333,JUAL_DI_BAWAH_HPP,0.15587401936906697
2026-05-22,W2,LA Bold 16 batang,Rokok,2.0,2.0,33000.0,33036.0,0.1889822365046136,0.0,-0.001090909090909091,JUAL_DI_BAWAH_HPP,0.15609655163049707
2025-09-27,W2,LA Bold 16 batang,Rokok,1.0,1.0,29000.0,29062.0,-0.7889028280900433,0.0,-0.0021379310344827587,JUAL_DI_BAWAH_HPP,0.15827848475363615
2025-09-26,W2,LA Bold 16 batang,Rokok,1.0,1.0,29000.0,29062.0,-0.7889028280900433,0.0,-0.0021379310344827587,JUAL_DI_BAWAH_HPP,0.15827848475363615
2026-07-10,W2,Esse 16 batang,Rokok,2.0,2.0,38000.0,38077.0,0.14237369936287478,0.0,-0.0020263157894736842,JUAL_DI_BAWAH_HPP,0.15900986650766735
2025-12-15,W6,Djarum Super 12 batang,Rokok,1.0,1.0,23500.0,23575.0,0.11821656093586512,0.0,-0.0031914893617021275,JUAL_DI_BAWAH_HPP,0.15929978379046406
2025-06-27,W2,Korek gas,Rokok,4.0,4.0,1950.0,1999.0,0.1157771532375767,0.0,-0.025128205128205128,JUAL_DI_BAWAH_HPP,0.15977005918204124
2025-06-24,W2,Korek gas,Rokok,4.0,4.0,1950.0,1999.0,0.1136139866834679,0.0,-0.025128205128205128,JUAL_DI_BAWAH_HPP,0.16006058431651493
2025-06-23,W2,Korek gas,Rokok,4.0,4.0,1950.0,1995.0,0.1136139866834679,0.0,-0.023076923076923078,JUAL_DI_BAWAH_HPP,0.16006058431651493
2025-10-21,W2,Marlboro 16 batang,Rokok,3.0,3.0,40500.0,40554.0,0.11515770343367336,0.0,-0.0013333333333333333,JUAL_DI_BAWAH_HPP,0.16017976857533134
2025-12-13,W6,Djarum Super 12 batang,Rokok,1.0,1.0,23500.0,23575.0,0.11264088922239578,0.0,-0.0031914893617021275,JUAL_DI_BAWAH_HPP,0.16017976857533134
2025-12-11,W6,Djarum Super 12 batang,Rokok,1.0,1.0,23500.0,23575.0,0.11264088922239578,0.0,-0.0031914893617021275,JUAL_DI_BAWAH_HPP,0.16017976857533134
2025-06-25,W2,Korek gas,Rokok,4.0,4.0,1950.0,1999.0,0.08895643519302514,0.0,-0.025128205128205128,JUAL_DI_BAWAH_HPP,0.16100722077373342
2025-10-29,W2,Marlboro 16 batang,Rokok,1.0,1.0,40500.0,40554.0,-0.7822125144063988,0.0,-0.0013333333333333333,JUAL_DI_BAWAH_HPP,0.16108667802361798
2025-10-28,W2,Marlboro 16 batang,Rokok,3.0,3.0,40500.0,40554.0,0.1093018877003835,0.0,-0.0013333333333333333,JUAL_DI_BAWAH_HPP,0.16110400819163084
2025-12-17,W6,Djarum Super 12 batang,Rokok,1.0,1.0,23500.0,23575.0,0.08951790150218536,0.0,-0.0031914893617021275,JUAL_DI_BAWAH_HPP,0.16112619156286523
2025-12-24,W6,Djarum Super 12 batang,Rokok,1.0,1.0,23500.0,23575.0,0.08951790150218536,0.0,-0.0031914893617021275,JUAL_DI_BAWAH_HPP,0.16112619156286523
2026-01-03,W5,Korek gas,Rokok,4.0,4.0,2100.0,2147.0,0.08282832108387975,0.0,-0.02238095238095238,JUAL_DI_BAWAH_HPP,0.1611596124337611
2026-07-11,W2,Esse 16 batang,Rokok,2.0,2.0,38000.0,38077.0,0.10367122587759522,0.0,-0.0020263157894736842,JUAL_DI_BAWAH_HPP,0.16122749258420044
2025-07-01,W2,Korek gas,Rokok,1.0,2.0,1950.0,1999.0,-0.7348469228349536,0.0,-0.025128205128205128,JUAL_DI_BAWAH_HPP,0.16275508237324499
2026-05-13,W2,LA Bold 16 batang,Rokok,1.0,1.0,33000.0,33036.0,-0.7482698938894857,0.0,-0.001090909090909091,JUAL_DI_BAWAH_HPP,0.16301667531957054
2025-10-30,W2,Marlboro 16 batang,Rokok,1.0,1.0,40500.0,40554.0,-0.7430450027902361,0.0,-0.0013333333333333333,JUAL_DI_BAWAH_HPP,0.16322922852278965
2026-05-15,W2,LA Bold 16 batang,Rokok,1.0,1.0,33000.0,33036.0,-0.6937651912834524,0.0,-0.001090909090909091,JUAL_DI_BAWAH_HPP,0.164130850723605
2026-05-14,W2,LA Bold 16 batang,Rokok,1.0,1.0,33000.0,33036.0,-0.7205766921228919,0.0,-0.001090909090909091,JUAL_DI_BAWAH_HPP,0.1641319074594516
2026-06-30,W2,Sampoerna A 16 batang,Rokok,1.0,1.0,40000.0,40109.0,-0.028994869435913707,0.0,-0.002725,JUAL_DI_BAWAH_HPP,0.16441358549713714
2026-07-02,W2,Sampoerna A 16 batang,Rokok,1.0,1.0,40000.0,40109.0,-0.028994869435913707,0.0,-0.002725,JUAL_DI_BAWAH_HPP,0.16441358549713714
2025-12-18,W6,Djarum Super 12 batang,Rokok,1.0,1.0,23500.0,23575.0,0.06032258296999975,0.0,-0.0031914893617021275,JUAL_DI_BAWAH_HPP,0.16455535165965207
2026-06-27,W2,Sampoerna A 16 batang,Rokok,1.0,1.0,40000.0,40109.0,0.02899486943591362,0.0,-0.002725,JUAL_DI_BAWAH_HPP,0.16473507919243846
2026-07-13,W2,Esse 16 batang,Rokok,2.0,2.0,38000.0,38077.0,0.06357818107487564,0.0,-0.0020263157894736842,JUAL_DI_BAWAH_HPP,0.16479166635928855
2026-07-14,W2,Esse 16 batang,Rokok,2.0,2.0,38000.0,38077.0,0.02172544511366886,0.0,-0.0020263157894736842,JUAL_DI_BAWAH_HPP,0.16518992958744916
2026-07-04,W2,Sampoerna A 16 batang,Rokok,1.0,1.0,40000.0,40109.0,-0.05878963512522147,0.0,-0.002725,JUAL_DI_BAWAH_HPP,0.16574951229122914
2026-01-02,W6,Djarum Super 12 batang,Rokok,1.0,1.0,23500.0,23513.0,-0.058789635125221514,0.0,-0.0005531914893617022,JUAL_DI_BAWAH_HPP,0.16574951229122914
2026-05-17,W2,LA Bold 16 batang,Rokok,1.0,1.0,33000.0,33036.0,-0.6210590034081183,0.0,-0.001090909090909091,JUAL_DI_BAWAH_HPP,0.16593799264255416
2026-07-15,W2,Esse 16 batang,Rokok,1.0,1.0,38000.0,38077.0,-0.6123724356957944,0.0,-0.0020263157894736842,JUAL_DI_BAWAH_HPP,0.16619173604040638
2025-12-29,W2,Gudang Garam 16 batang,Rokok,1.0,1.0,29000.0,29037.0,-0.10182663499531966,0.0,-0.0012758620689655173,JUAL_DI_BAWAH_HPP,0.1662005600670634
2025-06-16,W2,Korek gas,Rokok,2.0,2.0,1950.0,1995.0,-0.622695046351176,0.0,-0.023076923076923078,JUAL_DI_BAWAH_HPP,0.1663514134026084
2026-01-04,W5,Surya 16 batang,Rokok,5.0,5.0,33500.0,33886.0,-0.11158416878654041,0.0,-0.011522388059701492,JUAL_DI_BAWAH_HPP,0.1664594807668709
2025-06-26,W2,Korek gas,Rokok,2.0,2.0,1950.0,1999.0,-0.652940516311212,0.0,-0.025128205128205128,JUAL_DI_BAWAH_HPP,0.16648596686696038
2025-06-15,W2,Korek gas,Rokok,2.0,2.0,1950.0,1995.0,-0.652940516311212,0.0,-0.023076923076923078,JUAL_DI_BAWAH_HPP,0.16648596686696038
2026-07-07,W2,Sampoerna A 16 batang,Rokok,1.0,1.0,40000.0,40109.0,-0.08951790150218537,0.0,-0.002725,JUAL_DI_BAWAH_HPP,0.16668676546154348
2026-05-16,W2,LA Bold 16 batang,Rokok,1.0,1.0,33000.0,33036.0,-0.6480518092282119,0.0,-0.001090909090909091,JUAL_DI_BAWAH_HPP,0.166767659174076
2026-07-16,W2,Esse 16 batang,Rokok,1.0,1.0,38000.0,38077.0,-0.5865870180690576,0.0,-0.0020263157894736842,JUAL_DI_BAWAH_HPP,0.1669321467683228
2026-01-04,W5,Djarum Super 12 batang,Rokok,3.0,3.0,25500.0,25754.0,-0.15130688316720053,0.0,-0.00996078431372549,JUAL_DI_BAWAH_HPP,0.16703668367009883
2025-08-09,W2,Sampoerna A 16 batang,Rokok,1.0,1.0,35000.0,35189.0,-0.12854205088829138,0.0,-0.0054,JUAL_DI_BAWAH_HPP,0.16717322834595172
2026-01-02,W2,Marlboro 16 batang,Rokok,1.0,1.0,40500.0,43252.0,-0.5171962364154632,0.0,-0.06795061728395062,JUAL_DI_BAWAH_HPP,0.16739357176540448
2026-01-04,W2,Marlboro 16 batang,Rokok,1.0,1.0,40500.0,43252.0,-0.5171962364154632,0.0,-0.06795061728395062,JUAL_DI_BAWAH_HPP,0.16739357176540448
2025-06-17,W2,Korek gas,Rokok,2.0,2.0,1950.0,1995.0,-0.5753421369731274,0.0,-0.023076923076923078,JUAL_DI_BAWAH_HPP,0.16763733848620976
2026-01-02,W3,Djarum Super 12 batang,Rokok,1.0,1.0,24500.0,24953.0,-0.13665003573854403,0.0,-0.018489795918367347,JUAL_DI_BAWAH_HPP,0.16776086492724196
2026-01-04,W5,Gudang Garam Filter 12 batang,Rokok,2.0,2.0,23500.0,24163.0,-0.5785348011571702,0.0,-0.02821276595744681,JUAL_DI_BAWAH_HPP,0.16783513825848273
2026-05-18,W2,LA Bold 16 batang,Rokok,1.0,1.0,33000.0,33036.0,-0.5772870152569031,0.0,-0.001090909090909091,JUAL_DI_BAWAH_HPP,0.16795256932940295
2026-05-23,W2,LA Bold 16 batang,Rokok,1.0,1.0,33000.0,33036.0,-0.5669467095138409,0.0,-0.001090909090909091,JUAL_DI_BAWAH_HPP,0.16807264571131952
2026-05-20,W2,LA Bold 16 batang,Rokok,1.0,1.0,33000.0,33036.0,-0.5669467095138409,0.0,-0.001090909090909091,JUAL_DI_BAWAH_HPP,0.16807264571131952
2026-07-09,W2,Sampoerna A 16 batang,Rokok,1.0,1.0,40000.0,40109.0,-0.14299339195139965,0.0,-0.002725,JUAL_DI_BAWAH_HPP,0.16826926317965807
2025-11-02,W2,Sampoerna A 16 batang,Rokok,1.0,1.0,35000.0,35067.0,-0.5330874715167312,0.0,-0.0019142857142857143,JUAL_DI_BAWAH_HPP,0.1684023596810611
2026-07-17,W2,Esse 16 batang,Rokok,1.0,1.0,38000.0,38077.0,-0.5345224838248485,0.0,-0.0020263157894736842,JUAL_DI_BAWAH_HPP,0.1684023596810611
2025-06-21,W2,Korek gas,Rokok,3.0,3.0,1950.0,1995.0,-0.16156584310597122,0.0,-0.023076923076923078,JUAL_DI_BAWAH_HPP,0.16855896849054963
2026-06-28,W2,LA Bold 16 batang,Rokok,1.0,1.0,33000.0,33300.0,-0.31417576561303584,0.0,-0.00909090909090909,JUAL_DI_BAWAH_HPP,0.16887132949014905
2026-01-04,W1,Sampoerna Mild 16 batang,Rokok,2.0,2.0,34000.0,36025.0,-0.33037463700334235,0.0,-0.05955882352941176,JUAL_DI_BAWAH_HPP,0.16894283434045043
2026-01-04,W6,Marlboro 16 batang,Rokok,1.0,1.0,41000.0,44054.0,-0.2617272835609374,0.0,-0.07448780487804878,JUAL_DI_BAWAH_HPP,0.1690902780178467
2025-06-30,W2,Korek gas,Rokok,3.0,3.0,1950.0,1999.0,-0.3517044007696322,0.0,-0.025128205128205128,JUAL_DI_BAWAH_HPP,0.16918121534882413
2026-06-27,W2,LA Bold 16 batang,Rokok,1.0,1.0,33000.0,33300.0,-0.33824071260127225,0.0,-0.00909090909090909,JUAL_DI_BAWAH_HPP,0.1692368968690271
2025-09-14,W2,LA Bold 16 batang,Rokok,2.0,2.0,29000.0,29296.0,-0.16666666666666666,0.0,-0.010206896551724139,JUAL_DI_BAWAH_HPP,0.16934295254180265
2025-10-20,W2,Marlboro 16 batang,Rokok,2.0,2.0,40500.0,40554.0,-0.3454731103010201,0.0,-0.0013333333333333333,JUAL_DI_BAWAH_HPP,0.1693540118386958
2026-01-01,W5,Djarum Super 12 batang,Rokok,2.0,2.0,25500.0,25754.0,-0.48666426339228713,0.0,-0.00996078431372549,JUAL_DI_BAWAH_HPP,0.16937856640117566
2026-01-02,W6,Marlboro 16 batang,Rokok,1.0,1.0,41000.0,44054.0,-0.21926063291362285,0.0,-0.07448780487804878,JUAL_DI_BAWAH_HPP,0.16951143205994135
2026-07-10,W2,Sampoerna A 16 batang,Rokok,1.0,1.0,40000.0,40109.0,-0.17450251522413307,0.0,-0.002725,JUAL_DI_BAWAH_HPP,0.16957710824489902
2025-08-08,W2,Sampoerna A 16 batang,Rokok,1.0,1.0,35000.0,35189.0,-0.17476551841063884,0.0,-0.0054,JUAL_DI_BAWAH_HPP,0.16957710824489902
2025-06-20,W2,Korek gas,Rokok,2.0,2.0,1950.0,1995.0,-0.5095538128726784,0.0,-0.023076923076923078,JUAL_DI_BAWAH_HPP,0.1696118649324242
2026-07-16,W2,Marlboro 16 batang,Rokok,1.0,1.0,45500.0,45698.0,-0.298784289396779,0.0,-0.0043516483516483516,JUAL_DI_BAWAH_HPP,0.16964372205953504
2026-07-05,W2,LA Bold 16 batang,Rokok,1.0,1.0,33000.0,33300.0,-0.25154192658957597,0.0,-0.00909090909090909,JUAL_DI_BAWAH_HPP,0.16980985641405077
2025-09-09,W2,Sampoerna A 16 batang,Rokok,1.0,1.0,35000.0,35357.0,-0.2515419265895766,0.0,-0.0102,JUAL_DI_BAWAH_HPP,0.16980985641405077
2025-09-03,W2,Sampoerna A 16 batang,Rokok,1.0,1.0,35000.0,35357.0,-0.2905059834471296,0.0,-0.0102,JUAL_DI_BAWAH_HPP,0.16982193953200264
2026-07-12,W2,Esse 16 batang,Rokok,1.0,1.0,38000.0,38077.0,-0.4997429966419768,0.0,-0.0020263157894736842,JUAL_DI_BAWAH_HPP,0.1699473534426975
2025-09-05,W2,Sampoerna A 16 batang,Rokok,1.0,1.0,35000.0,35357.0,-0.2854626658629979,0.0,-0.0102,JUAL_DI_BAWAH_HPP,0.16998595758802792
2025-09-02,W2,Sampoerna A 16 batang,Rokok,1.0,1.0,35000.0,35357.0,-0.33044196183758623,0.0,-0.0102,JUAL_DI_BAWAH_HPP,0.16999901119814775
2026-07-17,W2,Marlboro 16 batang,Rokok,1.0,1.0,45500.0,45698.0,-0.3324981955522413,0.0,-0.0043516483516483516,JUAL_DI_BAWAH_HPP,0.17011595430848836
2025-10-25,W2,Marlboro 16 batang,Rokok,2.0,2.0,40500.0,40554.0,-0.33301271007390765,0.0,-0.0013333333333333333,JUAL_DI_BAWAH_HPP,0.17011595430848836
2025-12-16,W2,Gudang Garam 16 batang,Rokok,1.0,1.0,29000.0,29037.0,-0.2645533580634969,0.0,-0.0012758620689655173,JUAL_DI_BAWAH_HPP,0.1701461551956961
2025-09-07,W2,Sampoerna A 16 batang,Rokok,1.0,1.0,35000.0,35357.0,-0.25784397701617234,0.0,-0.0102,JUAL_DI_BAWAH_HPP,0.1701461551956961
2026-07-02,W2,LA Bold 16 batang,Rokok,1.0,1.0,33000.0,33300.0,-0.2229755702710725,0.0,-0.00909090909090909,JUAL_DI_BAWAH_HPP,0.17029834613765926
2025-12-24,W2,Gudang Garam 16 batang,Rokok,1.0,1.0,29000.0,29037.0,-0.22433917272719553,0.0,-0.0012758620689655173,JUAL_DI_BAWAH_HPP,0.17041522174697055
2025-09-17,W2,LA Bold 16 batang,Rokok,2.0,2.0,29000.0,29296.0,-0.21096325392232307,0.0,-0.010206896551724139,JUAL_DI_BAWAH_HPP,0.17051088631659672
2025-08-13,W2,Sampoerna A 16 batang,Rokok,1.0,1.0,35000.0,35189.0,-0.21193153556287833,0.0,-0.0054,JUAL_DI_BAWAH_HPP,0.1706277139973874
2025-08-22,W2,Sampoerna A 16 batang,Rokok,1.0,1.0,35000.0,35189.0,-0.20541973587288226,0.0,-0.0054,JUAL_DI_BAWAH_HPP,0.1706277139973874
2025-08-24,W2,Sampoerna A 16 batang,Rokok,1.0,1.0,35000.0,35189.0,-0.20541973587288226,0.0,-0.0054,JUAL_DI_BAWAH_HPP,0.1706277139973874
2025-06-18,W2,Korek gas,Rokok,3.0,3.0,1950.0,1995.0,-0.21735147396762594,0.0,-0.023076923076923078,JUAL_DI_BAWAH_HPP,0.17068326839082493
2025-10-24,W2,Marlboro 16 batang,Rokok,2.0,2.0,40500.0,40554.0,-0.38626125927212834,0.0,-0.0013333333333333333,JUAL_DI_BAWAH_HPP,0.17089746073535406
2026-07-09,W2,Esse 16 batang,Rokok,1.0,1.0,38000.0,38077.0,-0.4271210980886243,0.0,-0.0020263157894736842,JUAL_DI_BAWAH_HPP,0.1709063747511086
