tanggal,warung_id,produk,kategori,prediction
2026-07-18,W1,Aluminium foil,Plastik,0.20989937
2026-07-19,W1,Aluminium foil,Plastik,0.21359624
2026-07-20,W1,Aluminium foil,Plastik,0.20180455
2026-07-21,W1,Aluminium foil,Plastik,0.20180455
2026-07-22,W1,Aluminium foil,Plastik,0.20180455
2026-07-23,W1,Aluminium foil,Plastik,0.20180455
2026-07-24,W1,Aluminium foil,Plastik,0.20056292
2026-07-18,W1,Amplop,ATK,0.19029851
2026-07-19,W1,Amplop,ATK,0.19101259
2026-07-20,W1,Amplop,ATK,0.1794513
2026-07-21,W1,Amplop,ATK,0.1794513
2026-07-22,W1,Amplop,ATK,0.17643002
2026-07-23,W1,Amplop,ATK,0.17833403
2026-07-24,W1,Amplop,ATK,0.17833403
2026-07-18,W1,Aqua 330ml,Minuman,1.8767906
2026-07-19,W1,Aqua 330ml,Minuman,2.1653798
2026-07-20,W1,Aqua 330ml,Minuman,1.6677861
2026-07-21,W1,Aqua 330ml,Minuman,1.8449655
2026-07-22,W1,Aqua 330ml,Minuman,1.8590484
2026-07-23,W1,Aqua 330ml,Minuman,1.9388251
2026-07-24,W1,Aqua 330ml,Minuman,2.2303243
2026-07-18,W1,Aqua 600ml,Minuman,8.692716
2026-07-19,W1,Aqua 600ml,Minuman,8.443028
2026-07-20,W1,Aqua 600ml,Minuman,7.0852656
2026-07-21,W1,Aqua 600ml,Minuman,7.1871223
2026-07-22,W1,Aqua 600ml,Minuman,7.258945
2026-07-23,W1,Aqua 600ml,Minuman,7.4093785
2026-07-24,W1,Aqua 600ml,Minuman,7.4011087
2026-07-18,W1,Astor,Snack,1.0893779
2026-07-19,W1,Astor,Snack,1.0789955
2026-07-20,W1,Astor,Snack,0.9372213
2026-07-21,W1,Astor,Snack,0.9408609
2026-07-22,W1,Astor,Snack,1.035955
2026-07-23,W1,Astor,Snack,1.0185786
2026-07-24,W1,Astor,Snack,1.0407604
2026-07-18,W1,Baby oil My Baby 50ml,Bayi,0.16898799
2026-07-19,W1,Baby oil My Baby 50ml,Bayi,0.16964409
2026-07-20,W1,Baby oil My Baby 50ml,Bayi,0.16799092
2026-07-21,W1,Baby oil My Baby 50ml,Bayi,0.16734122
2026-07-22,W1,Baby oil My Baby 50ml,Bayi,0.16734122
2026-07-23,W1,Baby oil My Baby 50ml,Bayi,0.16734122
2026-07-24,W1,Baby oil My Baby 50ml,Bayi,0.16734122
2026-07-18,W1,Balsem Geliga 20g,Obat,0.6382521
2026-07-19,W1,Balsem Geliga 20g,Obat,0.72513527
2026-07-20,W1,Balsem Geliga 20g,Obat,0.65840733
2026-07-21,W1,Balsem Geliga 20g,Obat,0.6544787
2026-07-22,W1,Balsem Geliga 20g,Obat,0.51829946
2026-07-23,W1,Balsem Geliga 20g,Obat,0.6063545
2026-07-24,W1,Balsem Geliga 20g,Obat,0.6965878
2026-07-18,W1,Basreng 100g,Snack,1.688093
2026-07-19,W1,Basreng 100g,Snack,1.8787228
2026-07-20,W1,Basreng 100g,Snack,1.7388644
2026-07-21,W1,Basreng 100g,Snack,1.7878317
2026-07-22,W1,Basreng 100g,Snack,1.8477111
2026-07-23,W1,Basreng 100g,Snack,1.8050058
2026-07-24,W1,Basreng 100g,Snack,1.8145977
2026-07-18,W1,Baterai AA ABC 2pcs,RumahTangga,0.13977613
2026-07-19,W1,Baterai AA ABC 2pcs,RumahTangga,0.13977613
2026-07-20,W1,Baterai AA ABC 2pcs,RumahTangga,0.13977613
2026-07-21,W1,Baterai AA ABC 2pcs,RumahTangga,0.13977613
2026-07-22,W1,Baterai AA ABC 2pcs,RumahTangga,0.13977613
2026-07-23,W1,Baterai AA ABC 2pcs,RumahTangga,0.13977613
2026-07-24,W1,Baterai AA ABC 2pcs,RumahTangga,0.13977613
2026-07-18,W1,Baterai AAA ABC 2pcs,RumahTangga,0.14046076
2026-07-19,W1,Baterai AAA ABC 2pcs,RumahTangga,0.14046076
2026-07-20,W1,Baterai AAA ABC 2pcs,RumahTangga,0.14016192
2026-07-21,W1,Baterai AAA ABC 2pcs,RumahTangga,0.14016192
2026-07-22,W1,Baterai AAA ABC 2pcs,RumahTangga,0.14016192
2026-07-23,W1,Baterai AAA ABC 2pcs,RumahTangga,0.14016192
2026-07-24,W1,Baterai AAA ABC 2pcs,RumahTangga,0.14016192
2026-07-18,W1,Bayclin 500ml,Deterjen,0.8952629
2026-07-19,W1,Bayclin 500ml,Deterjen,0.8897304
2026-07-20,W1,Bayclin 500ml,Deterjen,0.76543957
2026-07-21,W1,Bayclin 500ml,Deterjen,0.73495364
2026-07-22,W1,Bayclin 500ml,Deterjen,0.7325683
2026-07-23,W1,Bayclin 500ml,Deterjen,0.7179952
2026-07-24,W1,Bayclin 500ml,Deterjen,0.71750027
2026-07-18,W1,Beng-Beng,Snack,3.1476564
2026-07-19,W1,Beng-Beng,Snack,3.0110812
2026-07-20,W1,Beng-Beng,Snack,2.4562373
2026-07-21,W1,Beng-Beng,Snack,2.4545174
2026-07-22,W1,Beng-Beng,Snack,2.4602108
2026-07-23,W1,Beng-Beng,Snack,2.4639106
2026-07-24,W1,Beng-Beng,Snack,2.3969758
2026-07-18,W1,Beras medium 1kg,Sembako,1.6230444
2026-07-19,W1,Beras medium 1kg,Sembako,1.6983448
2026-07-20,W1,Beras medium 1kg,Sembako,1.3956492
2026-07-21,W1,Beras medium 1kg,Sembako,1.4027996
2026-07-22,W1,Beras medium 1kg,Sembako,1.3425808
2026-07-23,W1,Beras medium 1kg,Sembako,1.3947937
2026-07-24,W1,Beras medium 1kg,Sembako,1.3930876
2026-07-18,W1,Beras premium 10kg,Sembako,0.07888942
2026-07-19,W1,Beras premium 10kg,Sembako,0.07888942
2026-07-20,W1,Beras premium 10kg,Sembako,0.07888942
2026-07-21,W1,Beras premium 10kg,Sembako,0.07888942
2026-07-22,W1,Beras premium 10kg,Sembako,0.07888942
2026-07-23,W1,Beras premium 10kg,Sembako,0.07888942
2026-07-24,W1,Beras premium 10kg,Sembako,0.07888942
2026-07-18,W1,Beras premium 5kg,Sembako,0.40826443
2026-07-19,W1,Beras premium 5kg,Sembako,0.43488362
2026-07-20,W1,Beras premium 5kg,Sembako,0.38699713
2026-07-21,W1,Beras premium 5kg,Sembako,0.39996046
2026-07-22,W1,Beras premium 5kg,Sembako,0.39784124
2026-07-23,W1,Beras premium 5kg,Sembako,0.4337676
2026-07-24,W1,Beras premium 5kg,Sembako,0.43594968
2026-07-18,W1,Better,Snack,1.6207198
2026-07-19,W1,Better,Snack,1.8359928
2026-07-20,W1,Better,Snack,1.6217762
2026-07-21,W1,Better,Snack,1.6717346
2026-07-22,W1,Better,Snack,1.6844952
2026-07-23,W1,Better,Snack,1.6844952
2026-07-24,W1,Better,Snack,1.6625986
2026-07-18,W1,Biskuit bayi Promina 100g,Bayi,0.23336363
2026-07-19,W1,Biskuit bayi Promina 100g,Bayi,0.24711819
2026-07-20,W1,Biskuit bayi Promina 100g,Bayi,0.22854353
2026-07-21,W1,Biskuit bayi Promina 100g,Bayi,0.22635835
2026-07-22,W1,Biskuit bayi Promina 100g,Bayi,0.22727036
2026-07-23,W1,Biskuit bayi Promina 100g,Bayi,0.22727036
2026-07-24,W1,Biskuit bayi Promina 100g,Bayi,0.22946434
2026-07-18,W1,Body lotion Citra 100ml,Perawatan,0.52503824
2026-07-19,W1,Body lotion Citra 100ml,Perawatan,0.52145267
2026-07-20,W1,Body lotion Citra 100ml,Perawatan,0.47926208
2026-07-21,W1,Body lotion Citra 100ml,Perawatan,0.47439212
2026-07-22,W1,Body lotion Citra 100ml,Perawatan,0.47439212
2026-07-23,W1,Body lotion Citra 100ml,Perawatan,0.4644704
2026-07-24,W1,Body lotion Citra 100ml,Perawatan,0.4644704
2026-07-18,W1,Bohlam LED Hannochs 9W,RumahTangga,0.21513155
2026-07-19,W1,Bohlam LED Hannochs 9W,RumahTangga,0.21307461
2026-07-20,W1,Bohlam LED Hannochs 9W,RumahTangga,0.20529768
2026-07-21,W1,Bohlam LED Hannochs 9W,RumahTangga,0.20466508
2026-07-22,W1,Bohlam LED Hannochs 9W,RumahTangga,0.20270821
2026-07-23,W1,Bohlam LED Hannochs 9W,RumahTangga,0.20270821
2026-07-24,W1,Bohlam LED Hannochs 9W,RumahTangga,0.20103936
2026-07-18,W1,Bohlam LED Philips 5W,RumahTangga,0.23578702
2026-07-19,W1,Bohlam LED Philips 5W,RumahTangga,0.21738774
2026-07-20,W1,Bohlam LED Philips 5W,RumahTangga,0.210223
2026-07-21,W1,Bohlam LED Philips 5W,RumahTangga,0.210223
2026-07-22,W1,Bohlam LED Philips 5W,RumahTangga,0.18378145
2026-07-23,W1,Bohlam LED Philips 5W,RumahTangga,0.18378145
2026-07-24,W1,Bohlam LED Philips 5W,RumahTangga,0.18378145
2026-07-18,W1,Bubur bayi Promina 120g,Bayi,0.19236577
2026-07-19,W1,Bubur bayi Promina 120g,Bayi,0.19527398
2026-07-20,W1,Bubur bayi Promina 120g,Bayi,0.19281904
2026-07-21,W1,Bubur bayi Promina 120g,Bayi,0.19218263
2026-07-22,W1,Bubur bayi Promina 120g,Bayi,0.19835939
2026-07-23,W1,Bubur bayi Promina 120g,Bayi,0.19835939
2026-07-24,W1,Bubur bayi Promina 120g,Bayi,0.19684699
2026-07-18,W1,Bubur instan 50g,Mi,1.3732426
2026-07-19,W1,Bubur instan 50g,Mi,1.3544842
2026-07-20,W1,Bubur instan 50g,Mi,1.0922129
2026-07-21,W1,Bubur instan 50g,Mi,1.0845846
2026-07-22,W1,Bubur instan 50g,Mi,1.1887211
2026-07-23,W1,Bubur instan 50g,Mi,1.2505826
2026-07-24,W1,Bubur instan 50g,Mi,1.2722521
2026-07-18,W1,Cappuccino Good Day sachet,Sachet,4.3702164
2026-07-19,W1,Cappuccino Good Day sachet,Sachet,4.394664
2026-07-20,W1,Cappuccino Good Day sachet,Sachet,3.402025
2026-07-21,W1,Cappuccino Good Day sachet,Sachet,3.41903
2026-07-22,W1,Cappuccino Good Day sachet,Sachet,3.4108372
2026-07-23,W1,Cappuccino Good Day sachet,Sachet,3.3546338
2026-07-24,W1,Cappuccino Good Day sachet,Sachet,3.3739061
2026-07-18,W1,Charger,RumahTangga,0.11519587
2026-07-19,W1,Charger,RumahTangga,0.11519587
2026-07-20,W1,Charger,RumahTangga,0.11519587
2026-07-21,W1,Charger,RumahTangga,0.11519587
2026-07-22,W1,Charger,RumahTangga,0.11519587
2026-07-23,W1,Charger,RumahTangga,0.11519587
2026-07-24,W1,Charger,RumahTangga,0.11519587
2026-07-18,W1,Coca-Cola 390ml,Minuman,2.513439
2026-07-19,W1,Coca-Cola 390ml,Minuman,2.5199225
2026-07-20,W1,Coca-Cola 390ml,Minuman,2.1264515
2026-07-21,W1,Coca-Cola 390ml,Minuman,2.199707
2026-07-22,W1,Coca-Cola 390ml,Minuman,2.1711895
2026-07-23,W1,Coca-Cola 390ml,Minuman,2.1095479
2026-07-24,W1,Coca-Cola 390ml,Minuman,2.3106024
2026-07-18,W1,Cokelat SilverQueen,Snack,1.937442
2026-07-19,W1,Cokelat SilverQueen,Snack,1.923087
2026-07-20,W1,Cokelat SilverQueen,Snack,1.7740618
2026-07-21,W1,Cokelat SilverQueen,Snack,1.739983
2026-07-22,W1,Cokelat SilverQueen,Snack,1.7532645
2026-07-23,W1,Cokelat SilverQueen,Snack,1.7749163
2026-07-24,W1,Cokelat SilverQueen,Snack,1.7356157
2026-07-18,W1,Cornetto,Frozen,0.72238487
2026-07-19,W1,Cornetto,Frozen,0.7170953
2026-07-20,W1,Cornetto,Frozen,0.6624161
2026-07-21,W1,Cornetto,Frozen,0.6410795
2026-07-22,W1,Cornetto,Frozen,0.6452699
2026-07-23,W1,Cornetto,Frozen,0.6452699
2026-07-24,W1,Cornetto,Frozen,0.6452699
2026-07-18,W1,Correction pen Joyko,ATK,0.36924252
2026-07-19,W1,Correction pen Joyko,ATK,0.36351302
2026-07-20,W1,Correction pen Joyko,ATK,0.33566546
2026-07-21,W1,Correction pen Joyko,ATK,0.34034202
2026-07-22,W1,Correction pen Joyko,ATK,0.33726436
2026-07-23,W1,Correction pen Joyko,ATK,0.33566546
2026-07-24,W1,Correction pen Joyko,ATK,0.34126398
2026-07-18,W1,Cuka 100ml,Bumbu,1.2442935
2026-07-19,W1,Cuka 100ml,Bumbu,1.2261589
2026-07-20,W1,Cuka 100ml,Bumbu,1.0568663
2026-07-21,W1,Cuka 100ml,Bumbu,1.0801862
2026-07-22,W1,Cuka 100ml,Bumbu,1.0280173
2026-07-23,W1,Cuka 100ml,Bumbu,1.1012782
2026-07-24,W1,Cuka 100ml,Bumbu,1.1072612
2026-07-18,W1,Cutter Joyko,ATK,0.16052598
2026-07-19,W1,Cutter Joyko,ATK,0.16124475
2026-07-20,W1,Cutter Joyko,ATK,0.15782385
2026-07-21,W1,Cutter Joyko,ATK,0.15782385
2026-07-22,W1,Cutter Joyko,ATK,0.15782385
2026-07-23,W1,Cutter Joyko,ATK,0.16682673
2026-07-24,W1,Cutter Joyko,ATK,0.17179948
2026-07-18,W1,Daia sachet,Deterjen,0.6427054
2026-07-19,W1,Daia sachet,Deterjen,0.7331593
2026-07-20,W1,Daia sachet,Deterjen,0.7156433
2026-07-21,W1,Daia sachet,Deterjen,0.7116288
2026-07-22,W1,Daia sachet,Deterjen,0.7116288
2026-07-23,W1,Daia sachet,Deterjen,0.7419293
2026-07-24,W1,Daia sachet,Deterjen,0.7478855
2026-07-18,W1,Djarum Super 16 batang,Rokok,1.6746701
2026-07-19,W1,Djarum Super 16 batang,Rokok,1.6586211
2026-07-20,W1,Djarum Super 16 batang,Rokok,1.4352056
2026-07-21,W1,Djarum Super 16 batang,Rokok,1.5110078
2026-07-22,W1,Djarum Super 16 batang,Rokok,1.4869916
2026-07-23,W1,Djarum Super 16 batang,Rokok,1.4309852
2026-07-24,W1,Djarum Super 16 batang,Rokok,1.4723938
2026-07-18,W1,Downy sachet,Deterjen,0.7852623
2026-07-19,W1,Downy sachet,Deterjen,0.83926016
2026-07-20,W1,Downy sachet,Deterjen,0.7256915
2026-07-21,W1,Downy sachet,Deterjen,0.7294095
2026-07-22,W1,Downy sachet,Deterjen,0.71630436
2026-07-23,W1,Downy sachet,Deterjen,0.71630436
2026-07-24,W1,Downy sachet,Deterjen,0.71796286
2026-07-18,W1,Es krim cone Wall's,Frozen,1.1373801
2026-07-19,W1,Es krim cone Wall's,Frozen,1.199343
2026-07-20,W1,Es krim cone Wall's,Frozen,1.0316299
2026-07-21,W1,Es krim cone Wall's,Frozen,0.9754086
2026-07-22,W1,Es krim cone Wall's,Frozen,0.9754086
2026-07-23,W1,Es krim cone Wall's,Frozen,0.9789029
2026-07-24,W1,Es krim cone Wall's,Frozen,0.89599353
2026-07-18,W1,Es krim cup Wall's,Frozen,1.0173262
2026-07-19,W1,Es krim cup Wall's,Frozen,1.0127985
2026-07-20,W1,Es krim cup Wall's,Frozen,0.7896162
2026-07-21,W1,Es krim cup Wall's,Frozen,0.7545704
2026-07-22,W1,Es krim cup Wall's,Frozen,0.68985546
2026-07-23,W1,Es krim cup Wall's,Frozen,0.72783816
2026-07-24,W1,Es krim cup Wall's,Frozen,0.7273364
2026-07-18,W1,Extra Joss,Minuman,5.1928306
2026-07-19,W1,Extra Joss,Minuman,5.3451967
2026-07-20,W1,Extra Joss,Minuman,4.389912
2026-07-21,W1,Extra Joss,Minuman,4.3342814
2026-07-22,W1,Extra Joss,Minuman,4.396297
2026-07-23,W1,Extra Joss,Minuman,4.3969316
2026-07-24,W1,Extra Joss,Minuman,4.379794
2026-07-18,W1,Extra Joss sachet,Sachet,4.834033
2026-07-19,W1,Extra Joss sachet,Sachet,4.8367023
2026-07-20,W1,Extra Joss sachet,Sachet,3.8306208
2026-07-21,W1,Extra Joss sachet,Sachet,3.7217712
2026-07-22,W1,Extra Joss sachet,Sachet,3.9186158
2026-07-23,W1,Extra Joss sachet,Sachet,4.1817513
2026-07-24,W1,Extra Joss sachet,Sachet,4.182351
2026-07-18,W1,FreshCare 10ml,Obat,0.5410155
2026-07-19,W1,FreshCare 10ml,Obat,0.5410155
2026-07-20,W1,FreshCare 10ml,Obat,0.4668279
2026-07-21,W1,FreshCare 10ml,Obat,0.45831394
2026-07-22,W1,FreshCare 10ml,Obat,0.4218126
2026-07-23,W1,FreshCare 10ml,Obat,0.4218126
2026-07-24,W1,FreshCare 10ml,Obat,0.42295521
2026-07-18,W1,Garam Dolphin 500g,Sembako,1.1273036
2026-07-19,W1,Garam Dolphin 500g,Sembako,1.1222866
2026-07-20,W1,Garam Dolphin 500g,Sembako,0.8359673
2026-07-21,W1,Garam Dolphin 500g,Sembako,0.8756157
2026-07-22,W1,Garam Dolphin 500g,Sembako,0.8782819
2026-07-23,W1,Garam Dolphin 500g,Sembako,0.91338164
2026-07-24,W1,Garam Dolphin 500g,Sembako,0.8840396
2026-07-18,W1,Garam Refina 500g,Sembako,1.286909
2026-07-19,W1,Garam Refina 500g,Sembako,1.2244676
2026-07-20,W1,Garam Refina 500g,Sembako,0.99779356
2026-07-21,W1,Garam Refina 500g,Sembako,0.9296795
2026-07-22,W1,Garam Refina 500g,Sembako,0.9175369
2026-07-23,W1,Garam Refina 500g,Sembako,0.9175369
2026-07-24,W1,Garam Refina 500g,Sembako,0.9221303
2026-07-18,W1,Gayung,RumahTangga,0.2468631
2026-07-19,W1,Gayung,RumahTangga,0.2471329
2026-07-20,W1,Gayung,RumahTangga,0.23779652
2026-07-21,W1,Gayung,RumahTangga,0.23779652
2026-07-22,W1,Gayung,RumahTangga,0.23779652
2026-07-23,W1,Gayung,RumahTangga,0.23779652
2026-07-24,W1,Gayung,RumahTangga,0.23844065
2026-07-18,W1,Good Day 250ml,Minuman,3.3101554
2026-07-19,W1,Good Day 250ml,Minuman,3.3380802
2026-07-20,W1,Good Day 250ml,Minuman,2.587074
2026-07-21,W1,Good Day 250ml,Minuman,2.6530025
2026-07-22,W1,Good Day 250ml,Minuman,2.7399764
2026-07-23,W1,Good Day 250ml,Minuman,2.9239452
2026-07-24,W1,Good Day 250ml,Minuman,2.9407852
2026-07-18,W1,Gudang Garam 16 batang,Rokok,2.2451863
2026-07-19,W1,Gudang Garam 16 batang,Rokok,2.1052918
2026-07-20,W1,Gudang Garam 16 batang,Rokok,1.8209448
2026-07-21,W1,Gudang Garam 16 batang,Rokok,1.85544
2026-07-22,W1,Gudang Garam 16 batang,Rokok,1.8582875
2026-07-23,W1,Gudang Garam 16 batang,Rokok,1.9566963
2026-07-24,W1,Gudang Garam 16 batang,Rokok,1.9655117
2026-07-18,W1,Gula pasir Gulaku 1kg,Sembako,0.6848877
2026-07-19,W1,Gula pasir Gulaku 1kg,Sembako,0.6307695
2026-07-20,W1,Gula pasir Gulaku 1kg,Sembako,0.5688161
2026-07-21,W1,Gula pasir Gulaku 1kg,Sembako,0.5688161
2026-07-22,W1,Gula pasir Gulaku 1kg,Sembako,0.5688161
2026-07-23,W1,Gula pasir Gulaku 1kg,Sembako,0.56454486
2026-07-24,W1,Gula pasir Gulaku 1kg,Sembako,0.5688161
2026-07-18,W1,Gula pasir curah 1kg,Sembako,0.7190505
2026-07-19,W1,Gula pasir curah 1kg,Sembako,0.6417313
2026-07-20,W1,Gula pasir curah 1kg,Sembako,0.5841615
2026-07-21,W1,Gula pasir curah 1kg,Sembako,0.5841615
2026-07-22,W1,Gula pasir curah 1kg,Sembako,0.5967576
2026-07-23,W1,Gula pasir curah 1kg,Sembako,0.5967576
2026-07-24,W1,Gula pasir curah 1kg,Sembako,0.5981393
2026-07-18,W1,Kabel USB,RumahTangga,0.14807029
2026-07-19,W1,Kabel USB,RumahTangga,0.14994365
2026-07-20,W1,Kabel USB,RumahTangga,0.14978684
2026-07-21,W1,Kabel USB,RumahTangga,0.14978684
2026-07-22,W1,Kabel USB,RumahTangga,0.14511038
2026-07-23,W1,Kabel USB,RumahTangga,0.14511038
2026-07-24,W1,Kabel USB,RumahTangga,0.14511038
2026-07-18,W1,Kacang atom Garuda 100g,Snack,1.5869563
2026-07-19,W1,Kacang atom Garuda 100g,Snack,1.67007
2026-07-20,W1,Kacang atom Garuda 100g,Snack,1.4422611
2026-07-21,W1,Kacang atom Garuda 100g,Snack,1.3931067
2026-07-22,W1,Kacang atom Garuda 100g,Snack,1.5017302
2026-07-23,W1,Kacang atom Garuda 100g,Snack,1.5347605
2026-07-24,W1,Kacang atom Garuda 100g,Snack,1.5320209
2026-07-18,W1,Kacang kulit Garuda 100g,Snack,1.7081399
2026-07-19,W1,Kacang kulit Garuda 100g,Snack,1.6907136
2026-07-20,W1,Kacang kulit Garuda 100g,Snack,1.421627
2026-07-21,W1,Kacang kulit Garuda 100g,Snack,1.3650781
2026-07-22,W1,Kacang kulit Garuda 100g,Snack,1.469291
2026-07-23,W1,Kacang kulit Garuda 100g,Snack,1.3398287
2026-07-24,W1,Kacang kulit Garuda 100g,Snack,1.2941697
2026-07-18,W1,Kaldu bubuk Royco 100g,Bumbu,1.0762054
2026-07-19,W1,Kaldu bubuk Royco 100g,Bumbu,1.1586478
2026-07-20,W1,Kaldu bubuk Royco 100g,Bumbu,0.9766411
2026-07-21,W1,Kaldu bubuk Royco 100g,Bumbu,0.9816448
2026-07-22,W1,Kaldu bubuk Royco 100g,Bumbu,1.0271771
2026-07-23,W1,Kaldu bubuk Royco 100g,Bumbu,1.0172485
2026-07-24,W1,Kaldu bubuk Royco 100g,Bumbu,1.0258647
2026-07-18,W1,Kantong sampah,Deterjen,0.9545043
2026-07-19,W1,Kantong sampah,Deterjen,0.89085424
2026-07-20,W1,Kantong sampah,Deterjen,0.8000559
2026-07-21,W1,Kantong sampah,Deterjen,0.8000559
2026-07-22,W1,Kantong sampah,Deterjen,0.7608759
2026-07-23,W1,Kantong sampah,Deterjen,0.7608759
2026-07-24,W1,Kantong sampah,Deterjen,0.8049018
2026-07-18,W1,Karbol 500ml,Deterjen,1.156861
2026-07-19,W1,Karbol 500ml,Deterjen,1.0822256
2026-07-20,W1,Karbol 500ml,Deterjen,0.88811946
2026-07-21,W1,Karbol 500ml,Deterjen,0.94078875
2026-07-22,W1,Karbol 500ml,Deterjen,0.94078875
2026-07-23,W1,Karbol 500ml,Deterjen,0.9755439
2026-07-24,W1,Karbol 500ml,Deterjen,0.94591314
2026-07-18,W1,Kecap manis ABC 135ml,Bumbu,1.4333873
2026-07-19,W1,Kecap manis ABC 135ml,Bumbu,1.5103444
2026-07-20,W1,Kecap manis ABC 135ml,Bumbu,1.3254069
2026-07-21,W1,Kecap manis ABC 135ml,Bumbu,1.2999518
2026-07-22,W1,Kecap manis ABC 135ml,Bumbu,1.2577918
2026-07-23,W1,Kecap manis ABC 135ml,Bumbu,1.3200833
2026-07-24,W1,Kecap manis ABC 135ml,Bumbu,1.3234917
2026-07-18,W1,Kecap manis Bango 135ml,Bumbu,0.92238224
2026-07-19,W1,Kecap manis Bango 135ml,Bumbu,1.1166939
2026-07-20,W1,Kecap manis Bango 135ml,Bumbu,0.91520166
2026-07-21,W1,Kecap manis Bango 135ml,Bumbu,0.7938024
2026-07-22,W1,Kecap manis Bango 135ml,Bumbu,0.73634714
2026-07-23,W1,Kecap manis Bango 135ml,Bumbu,0.7076236
2026-07-24,W1,Kecap manis Bango 135ml,Bumbu,0.7111661
2026-07-18,W1,Kentang frozen 500g,Frozen,0.7609824
2026-07-19,W1,Kentang frozen 500g,Frozen,0.75111896
2026-07-20,W1,Kentang frozen 500g,Frozen,0.6393872
2026-07-21,W1,Kentang frozen 500g,Frozen,0.64527446
2026-07-22,W1,Kentang frozen 500g,Frozen,0.6494922
2026-07-23,W1,Kentang frozen 500g,Frozen,0.6494922
2026-07-24,W1,Kentang frozen 500g,Frozen,0.6494922
2026-07-18,W1,Keripik kentang Chitato 68g,Snack,2.0375392
2026-07-19,W1,Keripik kentang Chitato 68g,Snack,2.0248926
2026-07-20,W1,Keripik kentang Chitato 68g,Snack,1.6444377
2026-07-21,W1,Keripik kentang Chitato 68g,Snack,1.581161
2026-07-22,W1,Keripik kentang Chitato 68g,Snack,1.5359802
2026-07-23,W1,Keripik kentang Chitato 68g,Snack,1.5808829
2026-07-24,W1,Keripik kentang Chitato 68g,Snack,1.6021988
2026-07-18,W1,Keset,RumahTangga,0.18058185
2026-07-19,W1,Keset,RumahTangga,0.18125948
2026-07-20,W1,Keset,RumahTangga,0.18035632
2026-07-21,W1,Keset,RumahTangga,0.18035632
2026-07-22,W1,Keset,RumahTangga,0.18153563
2026-07-23,W1,Keset,RumahTangga,0.21031858
2026-07-24,W1,Keset,RumahTangga,0.21031858
2026-07-18,W1,Kopi Torabika sachet,Sachet,4.4870477
2026-07-19,W1,Kopi Torabika sachet,Sachet,4.340234
2026-07-20,W1,Kopi Torabika sachet,Sachet,3.4610388
2026-07-21,W1,Kopi Torabika sachet,Sachet,3.394559
2026-07-22,W1,Kopi Torabika sachet,Sachet,3.4496207
2026-07-23,W1,Kopi Torabika sachet,Sachet,3.2390485
2026-07-24,W1,Kopi Torabika sachet,Sachet,3.2545626
2026-07-18,W1,Kopi susu Good Day sachet,Sachet,5.0194798
2026-07-19,W1,Kopi susu Good Day sachet,Sachet,5.0393167
2026-07-20,W1,Kopi susu Good Day sachet,Sachet,4.0655403
2026-07-21,W1,Kopi susu Good Day sachet,Sachet,3.9141195
2026-07-22,W1,Kopi susu Good Day sachet,Sachet,3.9128423
2026-07-23,W1,Kopi susu Good Day sachet,Sachet,3.9855475
2026-07-24,W1,Kopi susu Good Day sachet,Sachet,3.9108262
2026-07-18,W1,Kopiko 78C 240ml,Minuman,1.9443661
2026-07-19,W1,Kopiko 78C 240ml,Minuman,1.8638947
2026-07-20,W1,Kopiko 78C 240ml,Minuman,1.6148096
2026-07-21,W1,Kopiko 78C 240ml,Minuman,1.6010895
2026-07-22,W1,Kopiko 78C 240ml,Minuman,1.7067438
2026-07-23,W1,Kopiko 78C 240ml,Minuman,1.6617618
2026-07-24,W1,Kopiko 78C 240ml,Minuman,1.7744066
2026-07-18,W1,Korek kayu,Rokok,2.121467
2026-07-19,W1,Korek kayu,Rokok,2.1432476
2026-07-20,W1,Korek kayu,Rokok,1.9808686
2026-07-21,W1,Korek kayu,Rokok,1.9841428
2026-07-22,W1,Korek kayu,Rokok,1.8320891
2026-07-23,W1,Korek kayu,Rokok,1.7100947
2026-07-24,W1,Korek kayu,Rokok,1.7483308
2026-07-18,W1,Kuaci Rebo 100g,Snack,0.9101052
2026-07-19,W1,Kuaci Rebo 100g,Snack,0.8942331
2026-07-20,W1,Kuaci Rebo 100g,Snack,0.797269
2026-07-21,W1,Kuaci Rebo 100g,Snack,0.7983438
2026-07-22,W1,Kuaci Rebo 100g,Snack,0.8381548
2026-07-23,W1,Kuaci Rebo 100g,Snack,0.8313259
2026-07-24,W1,Kuaci Rebo 100g,Snack,0.8415281
2026-07-18,W1,Kukubima sachet,Minuman,1.7932205
2026-07-19,W1,Kukubima sachet,Minuman,1.8135269
2026-07-20,W1,Kukubima sachet,Minuman,1.4897834
2026-07-21,W1,Kukubima sachet,Minuman,1.4794016
2026-07-22,W1,Kukubima sachet,Minuman,1.4872638
2026-07-23,W1,Kukubima sachet,Minuman,1.4927882
2026-07-24,W1,Kukubima sachet,Minuman,1.5123543
2026-07-18,W1,LA Bold 16 batang,Rokok,1.6879491
2026-07-19,W1,LA Bold 16 batang,Rokok,1.6220356
2026-07-20,W1,LA Bold 16 batang,Rokok,1.3594462
2026-07-21,W1,LA Bold 16 batang,Rokok,1.3665417
2026-07-22,W1,LA Bold 16 batang,Rokok,1.4458733
2026-07-23,W1,LA Bold 16 batang,Rokok,1.4387258
2026-07-24,W1,LA Bold 16 batang,Rokok,1.425256
2026-07-18,W1,LA Ice 16 batang,Rokok,2.1018023
2026-07-19,W1,LA Ice 16 batang,Rokok,2.0770953
2026-07-20,W1,LA Ice 16 batang,Rokok,1.8032333
2026-07-21,W1,LA Ice 16 batang,Rokok,1.7875665
2026-07-22,W1,LA Ice 16 batang,Rokok,1.7478204
2026-07-23,W1,LA Ice 16 batang,Rokok,1.7875665
2026-07-24,W1,LA Ice 16 batang,Rokok,1.7975708
2026-07-18,W1,LPG 5.5kg,LPG,0.093592934
2026-07-19,W1,LPG 5.5kg,LPG,0.094424084
2026-07-20,W1,LPG 5.5kg,LPG,0.093592934
2026-07-21,W1,LPG 5.5kg,LPG,0.093592934
2026-07-22,W1,LPG 5.5kg,LPG,0.093592934
2026-07-23,W1,LPG 5.5kg,LPG,0.093592934
2026-07-24,W1,LPG 5.5kg,LPG,0.093592934
2026-07-18,W1,Lakban,RumahTangga,0.13689952
2026-07-19,W1,Lakban,RumahTangga,0.13689952
2026-07-20,W1,Lakban,RumahTangga,0.13689952
2026-07-21,W1,Lakban,RumahTangga,0.13689952
2026-07-22,W1,Lakban,RumahTangga,0.13689952
2026-07-23,W1,Lakban,RumahTangga,0.13689952
2026-07-24,W1,Lakban,RumahTangga,0.13689952
2026-07-18,W1,Lap dapur,Plastik,0.3785195
2026-07-19,W1,Lap dapur,Plastik,0.36448637
2026-07-20,W1,Lap dapur,Plastik,0.34357443
2026-07-21,W1,Lap dapur,Plastik,0.34357443
2026-07-22,W1,Lap dapur,Plastik,0.34357443
2026-07-23,W1,Lap dapur,Plastik,0.34357443
2026-07-24,W1,Lap dapur,Plastik,0.34357443
2026-07-18,W1,Le Minerale 1.5L,Minuman,1.7823036
2026-07-19,W1,Le Minerale 1.5L,Minuman,1.922491
2026-07-20,W1,Le Minerale 1.5L,Minuman,1.5806587
2026-07-21,W1,Le Minerale 1.5L,Minuman,1.6087369
2026-07-22,W1,Le Minerale 1.5L,Minuman,1.6070848
2026-07-23,W1,Le Minerale 1.5L,Minuman,1.5679724
2026-07-24,W1,Le Minerale 1.5L,Minuman,1.6206969
2026-07-18,W1,Le Minerale 600ml,Minuman,4.2091975
2026-07-19,W1,Le Minerale 600ml,Minuman,4.3030972
2026-07-20,W1,Le Minerale 600ml,Minuman,3.4420912
2026-07-21,W1,Le Minerale 600ml,Minuman,3.237209
2026-07-22,W1,Le Minerale 600ml,Minuman,3.2500877
2026-07-23,W1,Le Minerale 600ml,Minuman,3.4543877
2026-07-24,W1,Le Minerale 600ml,Minuman,3.5123634
2026-07-18,W1,Lem Fox 10g,ATK,0.26646805
2026-07-19,W1,Lem Fox 10g,ATK,0.2323462
2026-07-20,W1,Lem Fox 10g,ATK,0.26287663
2026-07-21,W1,Lem Fox 10g,ATK,0.2618012
2026-07-22,W1,Lem Fox 10g,ATK,0.2618012
2026-07-23,W1,Lem Fox 10g,ATK,0.26281768
2026-07-24,W1,Lem Fox 10g,ATK,0.26070365
2026-07-18,W1,Lem ban,LPG,0.48909408
2026-07-19,W1,Lem ban,LPG,0.48963377
2026-07-20,W1,Lem ban,LPG,0.43586865
2026-07-21,W1,Lem ban,LPG,0.43586865
2026-07-22,W1,Lem ban,LPG,0.43586865
2026-07-23,W1,Lem ban,LPG,0.43586865
2026-07-24,W1,Lem ban,LPG,0.43586865
2026-07-18,W1,Makaroni 200g,Mi,0.94730985
2026-07-19,W1,Makaroni 200g,Mi,0.9407441
2026-07-20,W1,Makaroni 200g,Mi,0.8082757
2026-07-21,W1,Makaroni 200g,Mi,0.79275316
2026-07-22,W1,Makaroni 200g,Mi,0.79464334
2026-07-23,W1,Makaroni 200g,Mi,0.7974847
2026-07-24,W1,Makaroni 200g,Mi,0.8128746
2026-07-18,W1,Makaroni pedas 100g,Snack,1.3984065
2026-07-19,W1,Makaroni pedas 100g,Snack,1.3117644
2026-07-20,W1,Makaroni pedas 100g,Snack,1.2321401
2026-07-21,W1,Makaroni pedas 100g,Snack,1.1968728
2026-07-22,W1,Makaroni pedas 100g,Snack,1.2006439
2026-07-23,W1,Makaroni pedas 100g,Snack,1.2006439
2026-07-24,W1,Makaroni pedas 100g,Snack,1.2108134
2026-07-18,W1,Mayones Maestro 100g,Bumbu,0.92249334
2026-07-19,W1,Mayones Maestro 100g,Bumbu,0.9381605
2026-07-20,W1,Mayones Maestro 100g,Bumbu,0.7879074
2026-07-21,W1,Mayones Maestro 100g,Bumbu,0.75111145
2026-07-22,W1,Mayones Maestro 100g,Bumbu,0.75111145
2026-07-23,W1,Mayones Maestro 100g,Bumbu,0.75111145
2026-07-24,W1,Mayones Maestro 100g,Bumbu,0.75285053
2026-07-18,W1,Merica bubuk Ladaku,Bumbu,0.64214003
2026-07-19,W1,Merica bubuk Ladaku,Bumbu,0.6393069
2026-07-20,W1,Merica bubuk Ladaku,Bumbu,0.54650545
2026-07-21,W1,Merica bubuk Ladaku,Bumbu,0.54650545
2026-07-22,W1,Merica bubuk Ladaku,Bumbu,0.53912425
2026-07-23,W1,Merica bubuk Ladaku,Bumbu,0.53912425
2026-07-24,W1,Merica bubuk Ladaku,Bumbu,0.5544084
2026-07-18,W1,Mi goreng Indomie,Mi,2.237618
2026-07-19,W1,Mi goreng Indomie,Mi,2.2707963
2026-07-20,W1,Mi goreng Indomie,Mi,1.9487538
2026-07-21,W1,Mi goreng Indomie,Mi,2.13212
2026-07-22,W1,Mi goreng Indomie,Mi,2.2134078
2026-07-23,W1,Mi goreng Indomie,Mi,2.2112253
2026-07-24,W1,Mi goreng Indomie,Mi,2.2502146
2026-07-18,W1,Mi goreng Sarimi,Mi,0.75244373
2026-07-19,W1,Mi goreng Sarimi,Mi,0.8392395
2026-07-20,W1,Mi goreng Sarimi,Mi,0.69719976
2026-07-21,W1,Mi goreng Sarimi,Mi,0.7028789
2026-07-22,W1,Mi goreng Sarimi,Mi,0.70297974
2026-07-23,W1,Mi goreng Sarimi,Mi,0.71837044
2026-07-24,W1,Mi goreng Sarimi,Mi,0.72196674
2026-07-18,W1,Mi goreng Sedaap,Mi,0.9763358
2026-07-19,W1,Mi goreng Sedaap,Mi,1.0077989
2026-07-20,W1,Mi goreng Sedaap,Mi,0.80927336
2026-07-21,W1,Mi goreng Sedaap,Mi,0.81648
2026-07-22,W1,Mi goreng Sedaap,Mi,0.79725504
2026-07-23,W1,Mi goreng Sedaap,Mi,0.72033054
2026-07-24,W1,Mi goreng Sedaap,Mi,0.7239367
2026-07-18,W1,Mi jumbo Indomie,Mi,1.2024673
2026-07-19,W1,Mi jumbo Indomie,Mi,1.137771
2026-07-20,W1,Mi jumbo Indomie,Mi,0.9216214
2026-07-21,W1,Mi jumbo Indomie,Mi,0.95762247
2026-07-22,W1,Mi jumbo Indomie,Mi,0.9144703
2026-07-23,W1,Mi jumbo Indomie,Mi,0.8811579
2026-07-24,W1,Mi jumbo Indomie,Mi,0.9434871
2026-07-18,W1,Mi kuah Sedaap,Mi,1.507253
2026-07-19,W1,Mi kuah Sedaap,Mi,1.4937214
2026-07-20,W1,Mi kuah Sedaap,Mi,1.2029428
2026-07-21,W1,Mi kuah Sedaap,Mi,1.1108401
2026-07-22,W1,Mi kuah Sedaap,Mi,1.3042567
2026-07-23,W1,Mi kuah Sedaap,Mi,1.3715876
2026-07-24,W1,Mi kuah Sedaap,Mi,1.383205
2026-07-18,W1,Milo sachet,Sachet,3.225124
2026-07-19,W1,Milo sachet,Sachet,3.1746113
2026-07-20,W1,Milo sachet,Sachet,2.4910748
2026-07-21,W1,Milo sachet,Sachet,2.5500298
2026-07-22,W1,Milo sachet,Sachet,2.7543724
2026-07-23,W1,Milo sachet,Sachet,2.6007922
2026-07-24,W1,Milo sachet,Sachet,2.6229372
2026-07-18,W1,Minyak goreng Bimoli 1L,Sembako,0.6409114
2026-07-19,W1,Minyak goreng Bimoli 1L,Sembako,0.6409114
2026-07-20,W1,Minyak goreng Bimoli 1L,Sembako,0.5614855
2026-07-21,W1,Minyak goreng Bimoli 1L,Sembako,0.5734018
2026-07-22,W1,Minyak goreng Bimoli 1L,Sembako,0.6065265
2026-07-23,W1,Minyak goreng Bimoli 1L,Sembako,0.5734018
2026-07-24,W1,Minyak goreng Bimoli 1L,Sembako,0.5754412
2026-07-18,W1,Minyak goreng Sania 1L,Sembako,0.8580937
2026-07-19,W1,Minyak goreng Sania 1L,Sembako,0.85427475
2026-07-20,W1,Minyak goreng Sania 1L,Sembako,0.7723005
2026-07-21,W1,Minyak goreng Sania 1L,Sembako,0.7762572
2026-07-22,W1,Minyak goreng Sania 1L,Sembako,0.7685565
2026-07-23,W1,Minyak goreng Sania 1L,Sembako,0.768427
2026-07-24,W1,Minyak goreng Sania 1L,Sembako,0.76839554
2026-07-18,W1,Minyak kayu putih Cap Lang 30ml (Bayi),Bayi,0.20943819
2026-07-19,W1,Minyak kayu putih Cap Lang 30ml (Bayi),Bayi,0.20943819
2026-07-20,W1,Minyak kayu putih Cap Lang 30ml (Bayi),Bayi,0.20689899
2026-07-21,W1,Minyak kayu putih Cap Lang 30ml (Bayi),Bayi,0.20689899
2026-07-22,W1,Minyak kayu putih Cap Lang 30ml (Bayi),Bayi,0.22772883
2026-07-23,W1,Minyak kayu putih Cap Lang 30ml (Bayi),Bayi,0.22482838
2026-07-24,W1,Minyak kayu putih Cap Lang 30ml (Bayi),Bayi,0.22567534
2026-07-18,W1,Minyak kayu putih Cap Lang 30ml (Obat),Obat,0.35786885
2026-07-19,W1,Minyak kayu putih Cap Lang 30ml (Obat),Obat,0.3574097
2026-07-20,W1,Minyak kayu putih Cap Lang 30ml (Obat),Obat,0.33263096
2026-07-21,W1,Minyak kayu putih Cap Lang 30ml (Obat),Obat,0.33263096
2026-07-22,W1,Minyak kayu putih Cap Lang 30ml (Obat),Obat,0.36335936
2026-07-23,W1,Minyak kayu putih Cap Lang 30ml (Obat),Obat,0.36335936
2026-07-24,W1,Minyak kayu putih Cap Lang 30ml (Obat),Obat,0.36335936
2026-07-18,W1,Minyak rambut Gatsby 75g,Perawatan,0.40341428
2026-07-19,W1,Minyak rambut Gatsby 75g,Perawatan,0.40289664
2026-07-20,W1,Minyak rambut Gatsby 75g,Perawatan,0.37967423
2026-07-21,W1,Minyak rambut Gatsby 75g,Perawatan,0.37967423
2026-07-22,W1,Minyak rambut Gatsby 75g,Perawatan,0.37967423
2026-07-23,W1,Minyak rambut Gatsby 75g,Perawatan,0.34783205
2026-07-24,W1,Minyak rambut Gatsby 75g,Perawatan,0.34783205
2026-07-18,W1,Minyak rem 100ml,LPG,0.44508895
2026-07-19,W1,Minyak rem 100ml,LPG,0.39113835
2026-07-20,W1,Minyak rem 100ml,LPG,0.35897133
2026-07-21,W1,Minyak rem 100ml,LPG,0.35897133
2026-07-22,W1,Minyak rem 100ml,LPG,0.34956333
2026-07-23,W1,Minyak rem 100ml,LPG,0.34956333
2026-07-24,W1,Minyak rem 100ml,LPG,0.34956333
2026-07-18,W1,Minyakita 1L,Sembako,1.1688477
2026-07-19,W1,Minyakita 1L,Sembako,1.160297
2026-07-20,W1,Minyakita 1L,Sembako,0.9423226
2026-07-21,W1,Minyakita 1L,Sembako,0.94715047
2026-07-22,W1,Minyakita 1L,Sembako,0.91012
2026-07-23,W1,Minyakita 1L,Sembako,0.91012
2026-07-24,W1,Minyakita 1L,Sembako,0.8226354
2026-07-18,W1,Nescafe 220ml,Minuman,2.319619
2026-07-19,W1,Nescafe 220ml,Minuman,2.3958864
2026-07-20,W1,Nescafe 220ml,Minuman,2.314175
2026-07-21,W1,Nescafe 220ml,Minuman,2.260953
2026-07-22,W1,Nescafe 220ml,Minuman,1.9849578
2026-07-23,W1,Nescafe 220ml,Minuman,2.1942534
2026-07-24,W1,Nescafe 220ml,Minuman,2.0017707
2026-07-18,W1,Nutrisari sachet,Sachet,4.210283
2026-07-19,W1,Nutrisari sachet,Sachet,4.6676273
2026-07-20,W1,Nutrisari sachet,Sachet,3.6903408
2026-07-21,W1,Nutrisari sachet,Sachet,3.6553307
2026-07-22,W1,Nutrisari sachet,Sachet,3.60944
2026-07-23,W1,Nutrisari sachet,Sachet,3.6437304
2026-07-24,W1,Nutrisari sachet,Sachet,3.669112
2026-07-18,W1,Oatmeal Quaker 35g,Mi,0.5957526
2026-07-19,W1,Oatmeal Quaker 35g,Mi,0.5962262
2026-07-20,W1,Oatmeal Quaker 35g,Mi,0.5052679
2026-07-21,W1,Oatmeal Quaker 35g,Mi,0.5052679
2026-07-22,W1,Oatmeal Quaker 35g,Mi,0.5052679
2026-07-23,W1,Oatmeal Quaker 35g,Mi,0.52411574
2026-07-24,W1,Oatmeal Quaker 35g,Mi,0.52254456
2026-07-18,W1,Oli motor 0.8L,LPG,0.40329984
2026-07-19,W1,Oli motor 0.8L,LPG,0.41469258
2026-07-20,W1,Oli motor 0.8L,LPG,0.37771454
2026-07-21,W1,Oli motor 0.8L,LPG,0.3835752
2026-07-22,W1,Oli motor 0.8L,LPG,0.3835752
2026-07-23,W1,Oli motor 0.8L,LPG,0.3854023
2026-07-24,W1,Oli motor 0.8L,LPG,0.4083318
2026-07-18,W1,Oralit sachet,Obat,0.43917245
2026-07-19,W1,Oralit sachet,Obat,0.4459381
2026-07-20,W1,Oralit sachet,Obat,0.39867783
2026-07-21,W1,Oralit sachet,Obat,0.39274475
2026-07-22,W1,Oralit sachet,Obat,0.3832789
2026-07-23,W1,Oralit sachet,Obat,0.3832789
2026-07-24,W1,Oralit sachet,Obat,0.35017395
2026-07-18,W1,Pantyliner Laurier,Tisu,0.24260367
2026-07-19,W1,Pantyliner Laurier,Tisu,0.24563804
2026-07-20,W1,Pantyliner Laurier,Tisu,0.23679397
2026-07-21,W1,Pantyliner Laurier,Tisu,0.23679397
2026-07-22,W1,Pantyliner Laurier,Tisu,0.23679397
2026-07-23,W1,Pantyliner Laurier,Tisu,0.23679397
2026-07-24,W1,Pantyliner Laurier,Tisu,0.23569149
2026-07-18,W1,Paracetamol strip,Obat,0.7093473
2026-07-19,W1,Paracetamol strip,Obat,0.6657136
2026-07-20,W1,Paracetamol strip,Obat,0.7392453
2026-07-21,W1,Paracetamol strip,Obat,0.73657954
2026-07-22,W1,Paracetamol strip,Obat,0.7400074
2026-07-23,W1,Paracetamol strip,Obat,0.7400074
2026-07-24,W1,Paracetamol strip,Obat,0.74627537
2026-07-18,W1,Pasta gigi Close Up 65g,Perawatan,0.4461651
2026-07-19,W1,Pasta gigi Close Up 65g,Perawatan,0.4424616
2026-07-20,W1,Pasta gigi Close Up 65g,Perawatan,0.40526682
2026-07-21,W1,Pasta gigi Close Up 65g,Perawatan,0.40526682
2026-07-22,W1,Pasta gigi Close Up 65g,Perawatan,0.3807512
2026-07-23,W1,Pasta gigi Close Up 65g,Perawatan,0.33412728
2026-07-24,W1,Pasta gigi Close Up 65g,Perawatan,0.3807512
2026-07-18,W1,Pasta gigi Sensodyne 40g,Perawatan,0.60064757
2026-07-19,W1,Pasta gigi Sensodyne 40g,Perawatan,0.564131
2026-07-20,W1,Pasta gigi Sensodyne 40g,Perawatan,0.49546438
2026-07-21,W1,Pasta gigi Sensodyne 40g,Perawatan,0.49546438
2026-07-22,W1,Pasta gigi Sensodyne 40g,Perawatan,0.4965786
2026-07-23,W1,Pasta gigi Sensodyne 40g,Perawatan,0.4965786
2026-07-24,W1,Pasta gigi Sensodyne 40g,Perawatan,0.49772838
2026-07-18,W1,Pembalut Laurier,Tisu,0.3749914
2026-07-19,W1,Pembalut Laurier,Tisu,0.37633333
2026-07-20,W1,Pembalut Laurier,Tisu,0.3431526
2026-07-21,W1,Pembalut Laurier,Tisu,0.3431526
2026-07-22,W1,Pembalut Laurier,Tisu,0.3431526
2026-07-23,W1,Pembalut Laurier,Tisu,0.3431526
2026-07-24,W1,Pembalut Laurier,Tisu,0.3431526
2026-07-18,W1,Penggaris Butterfly 30cm,ATK,0.1980318
2026-07-19,W1,Penggaris Butterfly 30cm,ATK,0.19703834
2026-07-20,W1,Penggaris Butterfly 30cm,ATK,0.19349237
2026-07-21,W1,Penggaris Butterfly 30cm,ATK,0.19424361
2026-07-22,W1,Penggaris Butterfly 30cm,ATK,0.19424361
2026-07-23,W1,Penggaris Butterfly 30cm,ATK,0.19289616
2026-07-24,W1,Penggaris Butterfly 30cm,ATK,0.19289616
2026-07-18,W1,Penghapus Faber-Castell,ATK,0.40769708
2026-07-19,W1,Penghapus Faber-Castell,ATK,0.40769708
2026-07-20,W1,Penghapus Faber-Castell,ATK,0.38184312
2026-07-21,W1,Penghapus Faber-Castell,ATK,0.39032352
2026-07-22,W1,Penghapus Faber-Castell,ATK,0.37547818
2026-07-23,W1,Penghapus Faber-Castell,ATK,0.37956813
2026-07-24,W1,Penghapus Faber-Castell,ATK,0.37956813
2026-07-18,W1,Pengharum mobil,LPG,0.61615974
2026-07-19,W1,Pengharum mobil,LPG,0.61341757
2026-07-20,W1,Pengharum mobil,LPG,0.5753939
2026-07-21,W1,Pengharum mobil,LPG,0.5780676
2026-07-22,W1,Pengharum mobil,LPG,0.5780676
2026-07-23,W1,Pengharum mobil,LPG,0.5558025
2026-07-24,W1,Pengharum mobil,LPG,0.558579
2026-07-18,W1,Penyedap Masako,Bumbu,0.7789556
2026-07-19,W1,Penyedap Masako,Bumbu,0.7788102
2026-07-20,W1,Penyedap Masako,Bumbu,0.7248091
2026-07-21,W1,Penyedap Masako,Bumbu,0.7248091
2026-07-22,W1,Penyedap Masako,Bumbu,0.6963098
2026-07-23,W1,Penyedap Masako,Bumbu,0.7295468
2026-07-24,W1,Penyedap Masako,Bumbu,0.7312359
2026-07-18,W1,Penyedap Royco,Bumbu,0.92057437
2026-07-19,W1,Penyedap Royco,Bumbu,0.9162673
2026-07-20,W1,Penyedap Royco,Bumbu,0.8079169
2026-07-21,W1,Penyedap Royco,Bumbu,0.79582393
2026-07-22,W1,Penyedap Royco,Bumbu,0.7597941
2026-07-23,W1,Penyedap Royco,Bumbu,0.7597941
2026-07-24,W1,Penyedap Royco,Bumbu,0.76155335
2026-07-18,W1,Permen Relaxa,Snack,0.9803993
2026-07-19,W1,Permen Relaxa,Snack,0.9760361
2026-07-20,W1,Permen Relaxa,Snack,0.8118998
2026-07-21,W1,Permen Relaxa,Snack,0.8118998
2026-07-22,W1,Permen Relaxa,Snack,0.7947281
2026-07-23,W1,Permen Relaxa,Snack,0.76858455
2026-07-24,W1,Permen Relaxa,Snack,0.7706538
2026-07-18,W1,Permen karet Big Babol,Snack,2.0658667
2026-07-19,W1,Permen karet Big Babol,Snack,2.0603027
2026-07-20,W1,Permen karet Big Babol,Snack,1.7609223
2026-07-21,W1,Permen karet Big Babol,Snack,1.7356731
2026-07-22,W1,Permen karet Big Babol,Snack,1.6625376
2026-07-23,W1,Permen karet Big Babol,Snack,1.6577374
2026-07-24,W1,Permen karet Big Babol,Snack,1.6667669
2026-07-18,W1,Plastik klip,Plastik,0.39252037
2026-07-19,W1,Plastik klip,Plastik,0.3879832
2026-07-20,W1,Plastik klip,Plastik,0.36745304
2026-07-21,W1,Plastik klip,Plastik,0.36738944
2026-07-22,W1,Plastik klip,Plastik,0.41822162
2026-07-23,W1,Plastik klip,Plastik,0.41814917
2026-07-24,W1,Plastik klip,Plastik,0.48157918
2026-07-18,W1,Plastik kresek kecil,Plastik,0.31207258
2026-07-19,W1,Plastik kresek kecil,Plastik,0.31167215
2026-07-20,W1,Plastik kresek kecil,Plastik,0.2914068
2026-07-21,W1,Plastik kresek kecil,Plastik,0.3075623
2026-07-22,W1,Plastik kresek kecil,Plastik,0.3006326
2026-07-23,W1,Plastik kresek kecil,Plastik,0.2979934
2026-07-24,W1,Plastik kresek kecil,Plastik,0.29880062
2026-07-18,W1,Pocari Sweat 500ml,Minuman,3.8919616
2026-07-19,W1,Pocari Sweat 500ml,Minuman,3.8264909
2026-07-20,W1,Pocari Sweat 500ml,Minuman,3.0716949
2026-07-21,W1,Pocari Sweat 500ml,Minuman,3.2322488
2026-07-22,W1,Pocari Sweat 500ml,Minuman,3.703897
2026-07-23,W1,Pocari Sweat 500ml,Minuman,3.6487303
2026-07-24,W1,Pocari Sweat 500ml,Minuman,3.588354
2026-07-18,W1,Pop Mie,Mi,1.1424503
2026-07-19,W1,Pop Mie,Mi,1.0915312
2026-07-20,W1,Pop Mie,Mi,0.92021257
2026-07-21,W1,Pop Mie,Mi,0.9286682
2026-07-22,W1,Pop Mie,Mi,0.9213568
2026-07-23,W1,Pop Mie,Mi,0.9638309
2026-07-24,W1,Pop Mie,Mi,0.93094206
2026-07-18,W1,Popok Merries isi 10,Bayi,0.1905143
2026-07-19,W1,Popok Merries isi 10,Bayi,0.19136734
2026-07-20,W1,Popok Merries isi 10,Bayi,0.17194754
2026-07-21,W1,Popok Merries isi 10,Bayi,0.17194754
2026-07-22,W1,Popok Merries isi 10,Bayi,0.17194754
2026-07-23,W1,Popok Merries isi 10,Bayi,0.1702339
2026-07-24,W1,Popok Merries isi 10,Bayi,0.1702339
2026-07-18,W1,Promag strip,Obat,0.31786388
2026-07-19,W1,Promag strip,Obat,0.32191747
2026-07-20,W1,Promag strip,Obat,0.30864587
2026-07-21,W1,Promag strip,Obat,0.30864587
2026-07-22,W1,Promag strip,Obat,0.2855024
2026-07-23,W1,Promag strip,Obat,0.2855024
2026-07-24,W1,Promag strip,Obat,0.2855024
2026-07-18,W1,Pulpen Standard AE7,ATK,0.26037568
2026-07-19,W1,Pulpen Standard AE7,ATK,0.25906944
2026-07-20,W1,Pulpen Standard AE7,ATK,0.2582546
2026-07-21,W1,Pulpen Standard AE7,ATK,0.2582546
2026-07-22,W1,Pulpen Standard AE7,ATK,0.2574022
2026-07-23,W1,Pulpen Standard AE7,ATK,0.2574022
2026-07-24,W1,Pulpen Standard AE7,ATK,0.23333792
2026-07-18,W1,Rautan Joyko,ATK,0.46372822
2026-07-19,W1,Rautan Joyko,ATK,0.4627384
2026-07-20,W1,Rautan Joyko,ATK,0.4302495
2026-07-21,W1,Rautan Joyko,ATK,0.4302495
2026-07-22,W1,Rautan Joyko,ATK,0.4302495
2026-07-23,W1,Rautan Joyko,ATK,0.36036062
2026-07-24,W1,Rautan Joyko,ATK,0.36036062
2026-07-18,W1,Rinso 800g,Deterjen,0.6964355
2026-07-19,W1,Rinso 800g,Deterjen,0.74008495
2026-07-20,W1,Rinso 800g,Deterjen,0.66946363
2026-07-21,W1,Rinso 800g,Deterjen,0.66946363
2026-07-22,W1,Rinso 800g,Deterjen,0.66946363
2026-07-23,W1,Rinso 800g,Deterjen,0.66946363
2026-07-24,W1,Rinso 800g,Deterjen,0.66999584
2026-07-18,W1,Rinso sachet,Deterjen,1.0315259
2026-07-19,W1,Rinso sachet,Deterjen,1.0207055
2026-07-20,W1,Rinso sachet,Deterjen,0.88066405
2026-07-21,W1,Rinso sachet,Deterjen,0.8837087
2026-07-22,W1,Rinso sachet,Deterjen,0.8880796
2026-07-23,W1,Rinso sachet,Deterjen,0.8773916
2026-07-24,W1,Rinso sachet,Deterjen,0.89385366
2026-07-18,W1,Sabun batang Lux,Perawatan,0.60725266
2026-07-19,W1,Sabun batang Lux,Perawatan,0.6603925
2026-07-20,W1,Sabun batang Lux,Perawatan,0.6165346
2026-07-21,W1,Sabun batang Lux,Perawatan,0.54684144
2026-07-22,W1,Sabun batang Lux,Perawatan,0.54684144
2026-07-23,W1,Sabun batang Lux,Perawatan,0.5452616
2026-07-24,W1,Sabun batang Lux,Perawatan,0.56225795
2026-07-18,W1,Sabun batang Nuvo,Perawatan,0.4986585
2026-07-19,W1,Sabun batang Nuvo,Perawatan,0.47926763
2026-07-20,W1,Sabun batang Nuvo,Perawatan,0.43886173
2026-07-21,W1,Sabun batang Nuvo,Perawatan,0.43886173
2026-07-22,W1,Sabun batang Nuvo,Perawatan,0.43886173
2026-07-23,W1,Sabun batang Nuvo,Perawatan,0.43886173
2026-07-24,W1,Sabun batang Nuvo,Perawatan,0.43566704
2026-07-18,W1,Salonpas 10 pcs,Obat,0.2932177
2026-07-19,W1,Salonpas 10 pcs,Obat,0.29125282
2026-07-20,W1,Salonpas 10 pcs,Obat,0.28392386
2026-07-21,W1,Salonpas 10 pcs,Obat,0.25513145
2026-07-22,W1,Salonpas 10 pcs,Obat,0.25386176
2026-07-23,W1,Salonpas 10 pcs,Obat,0.25386176
2026-07-24,W1,Salonpas 10 pcs,Obat,0.25386176
2026-07-18,W1,Sampoerna A 16 batang,Rokok,1.7386179
2026-07-19,W1,Sampoerna A 16 batang,Rokok,1.736056
2026-07-20,W1,Sampoerna A 16 batang,Rokok,1.4353667
2026-07-21,W1,Sampoerna A 16 batang,Rokok,1.4338038
2026-07-22,W1,Sampoerna A 16 batang,Rokok,1.4084579
2026-07-23,W1,Sampoerna A 16 batang,Rokok,1.4044447
2026-07-24,W1,Sampoerna A 16 batang,Rokok,1.4427755
2026-07-18,W1,Sampoerna Mild 16 batang,Rokok,1.9638548
2026-07-19,W1,Sampoerna Mild 16 batang,Rokok,1.774925
2026-07-20,W1,Sampoerna Mild 16 batang,Rokok,1.502713
2026-07-21,W1,Sampoerna Mild 16 batang,Rokok,1.6785418
2026-07-22,W1,Sampoerna Mild 16 batang,Rokok,1.6921924
2026-07-23,W1,Sampoerna Mild 16 batang,Rokok,1.6699169
2026-07-24,W1,Sampoerna Mild 16 batang,Rokok,1.6959431
2026-07-18,W1,Sapu lidi,RumahTangga,0.21523128
2026-07-19,W1,Sapu lidi,RumahTangga,0.21523128
2026-07-20,W1,Sapu lidi,RumahTangga,0.15884505
2026-07-21,W1,Sapu lidi,RumahTangga,0.15884505
2026-07-22,W1,Sapu lidi,RumahTangga,0.15884505
2026-07-23,W1,Sapu lidi,RumahTangga,0.15884505
2026-07-24,W1,Sapu lidi,RumahTangga,0.15884505
2026-07-18,W1,Saus sambal ABC 135ml,Bumbu,1.1200308
2026-07-19,W1,Saus sambal ABC 135ml,Bumbu,1.1106572
2026-07-20,W1,Saus sambal ABC 135ml,Bumbu,0.9036471
2026-07-21,W1,Saus sambal ABC 135ml,Bumbu,0.90827686
2026-07-22,W1,Saus sambal ABC 135ml,Bumbu,0.9009521
2026-07-23,W1,Saus sambal ABC 135ml,Bumbu,0.8988341
2026-07-24,W1,Saus sambal ABC 135ml,Bumbu,0.9086453
2026-07-18,W1,Saus sambal sachet ABC,Bumbu,0.6589674
2026-07-19,W1,Saus sambal sachet ABC,Bumbu,0.61275816
2026-07-20,W1,Saus sambal sachet ABC,Bumbu,0.5136869
2026-07-21,W1,Saus sambal sachet ABC,Bumbu,0.51214695
2026-07-22,W1,Saus sambal sachet ABC,Bumbu,0.550352
2026-07-23,W1,Saus sambal sachet ABC,Bumbu,0.550352
2026-07-24,W1,Saus sambal sachet ABC,Bumbu,0.61664885
2026-07-18,W1,Sedotan,Plastik,0.3701091
2026-07-19,W1,Sedotan,Plastik,0.36818862
2026-07-20,W1,Sedotan,Plastik,0.35269576
2026-07-21,W1,Sedotan,Plastik,0.35269576
2026-07-22,W1,Sedotan,Plastik,0.35269576
2026-07-23,W1,Sedotan,Plastik,0.35269576
2026-07-24,W1,Sedotan,Plastik,0.35269576
2026-07-18,W1,Selang gas,LPG,0.4146976
2026-07-19,W1,Selang gas,LPG,0.4146976
2026-07-20,W1,Selang gas,LPG,0.37124497
2026-07-21,W1,Selang gas,LPG,0.37004566
2026-07-22,W1,Selang gas,LPG,0.37004566
2026-07-23,W1,Selang gas,LPG,0.35647166
2026-07-24,W1,Selang gas,LPG,0.35716093
2026-07-18,W1,Sendok plastik,Plastik,0.3804542
2026-07-19,W1,Sendok plastik,Plastik,0.37996602
2026-07-20,W1,Sendok plastik,Plastik,0.35120007
2026-07-21,W1,Sendok plastik,Plastik,0.34972376
2026-07-22,W1,Sendok plastik,Plastik,0.33322936
2026-07-23,W1,Sendok plastik,Plastik,0.33322936
2026-07-24,W1,Sendok plastik,Plastik,0.33413205
2026-07-18,W1,Senter,RumahTangga,0.13251106
2026-07-19,W1,Senter,RumahTangga,0.13251106
2026-07-20,W1,Senter,RumahTangga,0.12863065
2026-07-21,W1,Senter,RumahTangga,0.12863065
2026-07-22,W1,Senter,RumahTangga,0.12863065
2026-07-23,W1,Senter,RumahTangga,0.12863065
2026-07-24,W1,Senter,RumahTangga,0.13251106
2026-07-18,W1,Shampoo Clear sachet,Perawatan,0.5330591
2026-07-19,W1,Shampoo Clear sachet,Perawatan,0.53038496
2026-07-20,W1,Shampoo Clear sachet,Perawatan,0.48137662
2026-07-21,W1,Shampoo Clear sachet,Perawatan,0.48137662
2026-07-22,W1,Shampoo Clear sachet,Perawatan,0.48137662
2026-07-23,W1,Shampoo Clear sachet,Perawatan,0.45724627
2026-07-24,W1,Shampoo Clear sachet,Perawatan,0.45724627
2026-07-18,W1,Shampoo H&S sachet,Perawatan,0.67750895
2026-07-19,W1,Shampoo H&S sachet,Perawatan,0.6095033
2026-07-20,W1,Shampoo H&S sachet,Perawatan,0.5327913
2026-07-21,W1,Shampoo H&S sachet,Perawatan,0.48428428
2026-07-22,W1,Shampoo H&S sachet,Perawatan,0.48428428
2026-07-23,W1,Shampoo H&S sachet,Perawatan,0.47501266
2026-07-24,W1,Shampoo H&S sachet,Perawatan,0.47608086
2026-07-18,W1,Shampoo Pantene sachet,Perawatan,0.6560572
2026-07-19,W1,Shampoo Pantene sachet,Perawatan,0.6558379
2026-07-20,W1,Shampoo Pantene sachet,Perawatan,0.587681
2026-07-21,W1,Shampoo Pantene sachet,Perawatan,0.59069186
2026-07-22,W1,Shampoo Pantene sachet,Perawatan,0.6009624
2026-07-23,W1,Shampoo Pantene sachet,Perawatan,0.58676916
2026-07-24,W1,Shampoo Pantene sachet,Perawatan,0.5915535
2026-07-18,W1,Shampoo Sunsilk sachet,Perawatan,0.88711154
2026-07-19,W1,Shampoo Sunsilk sachet,Perawatan,0.78801286
2026-07-20,W1,Shampoo Sunsilk sachet,Perawatan,0.7733509
2026-07-21,W1,Shampoo Sunsilk sachet,Perawatan,0.77731305
2026-07-22,W1,Shampoo Sunsilk sachet,Perawatan,0.7796503
2026-07-23,W1,Shampoo Sunsilk sachet,Perawatan,0.7034938
2026-07-24,W1,Shampoo Sunsilk sachet,Perawatan,0.7051226
2026-07-18,W1,Sikat,Deterjen,0.69850564
2026-07-19,W1,Sikat,Deterjen,0.69500136
2026-07-20,W1,Sikat,Deterjen,0.62760085
2026-07-21,W1,Sikat,Deterjen,0.62760085
2026-07-22,W1,Sikat,Deterjen,0.62760085
2026-07-23,W1,Sikat,Deterjen,0.580175
2026-07-24,W1,Sikat,Deterjen,0.58618337
2026-07-18,W1,Sikat gigi Formula,Perawatan,0.7020171
2026-07-19,W1,Sikat gigi Formula,Perawatan,0.70099425
2026-07-20,W1,Sikat gigi Formula,Perawatan,0.638277
2026-07-21,W1,Sikat gigi Formula,Perawatan,0.638277
2026-07-22,W1,Sikat gigi Formula,Perawatan,0.6330601
2026-07-23,W1,Sikat gigi Formula,Perawatan,0.6330601
2026-07-24,W1,Sikat gigi Formula,Perawatan,0.61435896
2026-07-18,W1,Snack jagung Cheetos,Snack,1.3502573
2026-07-19,W1,Snack jagung Cheetos,Snack,1.2721039
2026-07-20,W1,Snack jagung Cheetos,Snack,1.0505983
2026-07-21,W1,Snack jagung Cheetos,Snack,1.1028972
2026-07-22,W1,Snack jagung Cheetos,Snack,1.1030554
2026-07-23,W1,Snack jagung Cheetos,Snack,1.0855852
2026-07-24,W1,Snack jagung Cheetos,Snack,1.0910199
2026-07-18,W1,Sosis So Nice,Frozen,0.81786346
2026-07-19,W1,Sosis So Nice,Frozen,0.75603604
2026-07-20,W1,Sosis So Nice,Frozen,0.67145634
2026-07-21,W1,Sosis So Nice,Frozen,0.73826116
2026-07-22,W1,Sosis So Nice,Frozen,0.74070346
2026-07-23,W1,Sosis So Nice,Frozen,0.7343977
2026-07-24,W1,Sosis So Nice,Frozen,0.6949292
2026-07-18,W1,Spidol Snowman,ATK,0.34853172
2026-07-19,W1,Spidol Snowman,ATK,0.36107847
2026-07-20,W1,Spidol Snowman,ATK,0.32393646
2026-07-21,W1,Spidol Snowman,ATK,0.32529292
2026-07-22,W1,Spidol Snowman,ATK,0.32393646
2026-07-23,W1,Spidol Snowman,ATK,0.32393646
2026-07-24,W1,Spidol Snowman,ATK,0.31584454
2026-07-18,W1,Spons cuci piring,Plastik,0.2299856
2026-07-19,W1,Spons cuci piring,Plastik,0.23403624
2026-07-20,W1,Spons cuci piring,Plastik,0.22179043
2026-07-21,W1,Spons cuci piring,Plastik,0.22179043
2026-07-22,W1,Spons cuci piring,Plastik,0.22179043
2026-07-23,W1,Spons cuci piring,Plastik,0.22179043
2026-07-24,W1,Spons cuci piring,Plastik,0.22179043
2026-07-18,W1,Stabilo,ATK,0.43986377
2026-07-19,W1,Stabilo,ATK,0.43929937
2026-07-20,W1,Stabilo,ATK,0.38561913
2026-07-21,W1,Stabilo,ATK,0.376576
2026-07-22,W1,Stabilo,ATK,0.3613442
2026-07-23,W1,Stabilo,ATK,0.335099
2026-07-24,W1,Stabilo,ATK,0.33369416
2026-07-18,W1,Sunlight 400ml,Deterjen,0.7864679
2026-07-19,W1,Sunlight 400ml,Deterjen,0.7815625
2026-07-20,W1,Sunlight 400ml,Deterjen,0.68740356
2026-07-21,W1,Sunlight 400ml,Deterjen,0.7575468
2026-07-22,W1,Sunlight 400ml,Deterjen,0.6970594
2026-07-23,W1,Sunlight 400ml,Deterjen,0.6970594
2026-07-24,W1,Sunlight 400ml,Deterjen,0.7769637
2026-07-18,W1,Surya 12 batang,Rokok,2.3654938
2026-07-19,W1,Surya 12 batang,Rokok,2.42845
2026-07-20,W1,Surya 12 batang,Rokok,2.0191326
2026-07-21,W1,Surya 12 batang,Rokok,1.986045
2026-07-22,W1,Surya 12 batang,Rokok,2.0428057
2026-07-23,W1,Surya 12 batang,Rokok,2.087479
2026-07-24,W1,Surya 12 batang,Rokok,2.1088054
2026-07-18,W1,Susu formula Dancow 200g,Bayi,0.14166428
2026-07-19,W1,Susu formula Dancow 200g,Bayi,0.14166428
2026-07-20,W1,Susu formula Dancow 200g,Bayi,0.14125967
2026-07-21,W1,Susu formula Dancow 200g,Bayi,0.14963874
2026-07-22,W1,Susu formula Dancow 200g,Bayi,0.14963874
2026-07-23,W1,Susu formula Dancow 200g,Bayi,0.14963874
2026-07-24,W1,Susu formula Dancow 200g,Bayi,0.14963874
2026-07-18,W1,Susu formula SGM 200g,Bayi,0.15494499
2026-07-19,W1,Susu formula SGM 200g,Bayi,0.15434574
2026-07-20,W1,Susu formula SGM 200g,Bayi,0.1538
2026-07-21,W1,Susu formula SGM 200g,Bayi,0.1538
2026-07-22,W1,Susu formula SGM 200g,Bayi,0.1538
2026-07-23,W1,Susu formula SGM 200g,Bayi,0.15562034
2026-07-24,W1,Susu formula SGM 200g,Bayi,0.15622455
2026-07-18,W1,Tali per meter,RumahTangga,0.17077026
2026-07-19,W1,Tali per meter,RumahTangga,0.17077026
2026-07-20,W1,Tali per meter,RumahTangga,0.15923268
2026-07-21,W1,Tali per meter,RumahTangga,0.15923268
2026-07-22,W1,Tali per meter,RumahTangga,0.15923268
2026-07-23,W1,Tali per meter,RumahTangga,0.15923268
2026-07-24,W1,Tali per meter,RumahTangga,0.15923268
2026-07-18,W1,Teh Gelas 350ml,Minuman,5.8847704
2026-07-19,W1,Teh Gelas 350ml,Minuman,5.80412
2026-07-20,W1,Teh Gelas 350ml,Minuman,4.739331
2026-07-21,W1,Teh Gelas 350ml,Minuman,4.7153172
2026-07-22,W1,Teh Gelas 350ml,Minuman,4.889696
2026-07-23,W1,Teh Gelas 350ml,Minuman,4.5373745
2026-07-24,W1,Teh Gelas 350ml,Minuman,4.4707212
2026-07-18,W1,Teh Pucuk 350ml,Minuman,3.8669205
2026-07-19,W1,Teh Pucuk 350ml,Minuman,3.839995
2026-07-20,W1,Teh Pucuk 350ml,Minuman,3.135224
2026-07-21,W1,Teh Pucuk 350ml,Minuman,3.1496093
2026-07-22,W1,Teh Pucuk 350ml,Minuman,3.197735
2026-07-23,W1,Teh Pucuk 350ml,Minuman,3.049861
2026-07-24,W1,Teh Pucuk 350ml,Minuman,3.0765636
2026-07-18,W1,Teh Sariwangi 1 kantong,Sachet,4.138436
2026-07-19,W1,Teh Sariwangi 1 kantong,Sachet,4.239083
2026-07-20,W1,Teh Sariwangi 1 kantong,Sachet,3.4109395
2026-07-21,W1,Teh Sariwangi 1 kantong,Sachet,3.349451
2026-07-22,W1,Teh Sariwangi 1 kantong,Sachet,3.3987424
2026-07-23,W1,Teh Sariwangi 1 kantong,Sachet,3.3758094
2026-07-24,W1,Teh Sariwangi 1 kantong,Sachet,3.473653
2026-07-18,W1,Teh Sariwangi 25 kantong,Sachet,2.7596323
2026-07-19,W1,Teh Sariwangi 25 kantong,Sachet,2.7588582
2026-07-20,W1,Teh Sariwangi 25 kantong,Sachet,2.2076643
2026-07-21,W1,Teh Sariwangi 25 kantong,Sachet,2.1832252
2026-07-22,W1,Teh Sariwangi 25 kantong,Sachet,2.1644413
2026-07-23,W1,Teh Sariwangi 25 kantong,Sachet,2.1814332
2026-07-24,W1,Teh Sariwangi 25 kantong,Sachet,2.2279487
2026-07-18,W1,Teh Tong Tji sachet,Sachet,3.9370363
2026-07-19,W1,Teh Tong Tji sachet,Sachet,3.910019
2026-07-20,W1,Teh Tong Tji sachet,Sachet,3.348806
2026-07-21,W1,Teh Tong Tji sachet,Sachet,3.2407842
2026-07-22,W1,Teh Tong Tji sachet,Sachet,3.450671
2026-07-23,W1,Teh Tong Tji sachet,Sachet,3.3980427
2026-07-24,W1,Teh Tong Tji sachet,Sachet,3.4086635
2026-07-18,W1,Telur ayam 1 butir,Sembako,1.6394911
2026-07-19,W1,Telur ayam 1 butir,Sembako,1.6198426
2026-07-20,W1,Telur ayam 1 butir,Sembako,1.321905
2026-07-21,W1,Telur ayam 1 butir,Sembako,1.2650597
2026-07-22,W1,Telur ayam 1 butir,Sembako,1.1999776
2026-07-23,W1,Telur ayam 1 butir,Sembako,1.1393768
2026-07-24,W1,Telur ayam 1 butir,Sembako,1.1784922
2026-07-18,W1,Telur ayam 1kg,Sembako,1.0922458
2026-07-19,W1,Telur ayam 1kg,Sembako,1.0400908
2026-07-20,W1,Telur ayam 1kg,Sembako,0.8982156
2026-07-21,W1,Telur ayam 1kg,Sembako,0.866583
2026-07-22,W1,Telur ayam 1kg,Sembako,0.8728428
2026-07-23,W1,Telur ayam 1kg,Sembako,0.9233838
2026-07-24,W1,Telur ayam 1kg,Sembako,0.9408809
2026-07-18,W1,Tembakau linting,Rokok,2.3280945
2026-07-19,W1,Tembakau linting,Rokok,2.6006696
2026-07-20,W1,Tembakau linting,Rokok,2.2389538
2026-07-21,W1,Tembakau linting,Rokok,2.2221634
2026-07-22,W1,Tembakau linting,Rokok,2.314579
2026-07-23,W1,Tembakau linting,Rokok,2.335634
2026-07-24,W1,Tembakau linting,Rokok,2.355984
2026-07-18,W1,Tempura 250g,Frozen,0.78158873
2026-07-19,W1,Tempura 250g,Frozen,0.76948035
2026-07-20,W1,Tempura 250g,Frozen,0.6923161
2026-07-21,W1,Tempura 250g,Frozen,0.69586307
2026-07-22,W1,Tempura 250g,Frozen,0.65608305
2026-07-23,W1,Tempura 250g,Frozen,0.7081012
2026-07-24,W1,Tempura 250g,Frozen,0.71164614
2026-07-18,W1,Tepung beras Rose Brand 500g,Sembako,0.87609446
2026-07-19,W1,Tepung beras Rose Brand 500g,Sembako,0.869376
2026-07-20,W1,Tepung beras Rose Brand 500g,Sembako,0.76596117
2026-07-21,W1,Tepung beras Rose Brand 500g,Sembako,0.7457291
2026-07-22,W1,Tepung beras Rose Brand 500g,Sembako,0.7457291
2026-07-23,W1,Tepung beras Rose Brand 500g,Sembako,0.7647215
2026-07-24,W1,Tepung beras Rose Brand 500g,Sembako,0.7664921
2026-07-18,W1,Terminal listrik,RumahTangga,0.1483013
2026-07-19,W1,Terminal listrik,RumahTangga,0.15374713
2026-07-20,W1,Terminal listrik,RumahTangga,0.15271945
2026-07-21,W1,Terminal listrik,RumahTangga,0.15271945
2026-07-22,W1,Terminal listrik,RumahTangga,0.16223687
2026-07-23,W1,Terminal listrik,RumahTangga,0.17860807
2026-07-24,W1,Terminal listrik,RumahTangga,0.16223687
2026-07-18,W1,Tisu Nice,Tisu,0.2313633
2026-07-19,W1,Tisu Nice,Tisu,0.2660965
2026-07-20,W1,Tisu Nice,Tisu,0.25842306
2026-07-21,W1,Tisu Nice,Tisu,0.25842306
2026-07-22,W1,Tisu Nice,Tisu,0.25842306
2026-07-23,W1,Tisu Nice,Tisu,0.25842306
2026-07-24,W1,Tisu Nice,Tisu,0.25842306
2026-07-18,W1,Tisu Paseo,Tisu,0.28014174
2026-07-19,W1,Tisu Paseo,Tisu,0.28258723
2026-07-20,W1,Tisu Paseo,Tisu,0.27485514
2026-07-21,W1,Tisu Paseo,Tisu,0.27485514
2026-07-22,W1,Tisu Paseo,Tisu,0.27067372
2026-07-23,W1,Tisu Paseo,Tisu,0.29278976
2026-07-24,W1,Tisu Paseo,Tisu,0.29123843
2026-07-18,W1,Tisu Tessa,Tisu,0.28335646
2026-07-19,W1,Tisu Tessa,Tisu,0.34454477
2026-07-20,W1,Tisu Tessa,Tisu,0.31450358
2026-07-21,W1,Tisu Tessa,Tisu,0.32547852
2026-07-22,W1,Tisu Tessa,Tisu,0.34309486
2026-07-23,W1,Tisu Tessa,Tisu,0.32547852
2026-07-24,W1,Tisu Tessa,Tisu,0.3095851
2026-07-18,W1,Tisu basah Cussons,Tisu,0.27496874
2026-07-19,W1,Tisu basah Cussons,Tisu,0.27981165
2026-07-20,W1,Tisu basah Cussons,Tisu,0.27127308
2026-07-21,W1,Tisu basah Cussons,Tisu,0.27127308
2026-07-22,W1,Tisu basah Cussons,Tisu,0.27422795
2026-07-23,W1,Tisu basah Cussons,Tisu,0.27422795
2026-07-24,W1,Tisu basah Cussons,Tisu,0.27422795
2026-07-18,W1,Tisu basah Mitu,Tisu,0.26986083
2026-07-19,W1,Tisu basah Mitu,Tisu,0.27023932
2026-07-20,W1,Tisu basah Mitu,Tisu,0.26340142
2026-07-21,W1,Tisu basah Mitu,Tisu,0.26209056
2026-07-22,W1,Tisu basah Mitu,Tisu,0.26209056
2026-07-23,W1,Tisu basah Mitu,Tisu,0.28246439
2026-07-24,W1,Tisu basah Mitu,Tisu,0.28246439
2026-07-18,W1,Tusuk gigi,Plastik,0.33029738
2026-07-19,W1,Tusuk gigi,Plastik,0.3298736
2026-07-20,W1,Tusuk gigi,Plastik,0.31690958
2026-07-21,W1,Tusuk gigi,Plastik,0.3126769
2026-07-22,W1,Tusuk gigi,Plastik,0.3126769
2026-07-23,W1,Tusuk gigi,Plastik,0.3126769
2026-07-24,W1,Tusuk gigi,Plastik,0.30966187
2026-07-18,W1,Vitamin C CDR,Obat,0.53472376
2026-07-19,W1,Vitamin C CDR,Obat,0.533179
2026-07-20,W1,Vitamin C CDR,Obat,0.49744448
2026-07-21,W1,Vitamin C CDR,Obat,0.49744448
2026-07-22,W1,Vitamin C CDR,Obat,0.5028692
2026-07-23,W1,Vitamin C CDR,Obat,0.49744448
2026-07-24,W1,Vitamin C CDR,Obat,0.47782317
2026-07-18,W1,Wipol 450ml,Deterjen,0.81720644
2026-07-19,W1,Wipol 450ml,Deterjen,0.8090445
2026-07-20,W1,Wipol 450ml,Deterjen,0.7241776
2026-07-21,W1,Wipol 450ml,Deterjen,0.7241776
2026-07-22,W1,Wipol 450ml,Deterjen,0.72838014
2026-07-23,W1,Wipol 450ml,Deterjen,0.71658427
2026-07-24,W1,Wipol 450ml,Deterjen,0.6950066
2026-07-18,W2,Aluminium foil,Plastik,0.25845316
2026-07-19,W2,Aluminium foil,Plastik,0.33160827
2026-07-20,W2,Aluminium foil,Plastik,0.31403413
2026-07-21,W2,Aluminium foil,Plastik,0.34145296
2026-07-22,W2,Aluminium foil,Plastik,0.34145296
2026-07-23,W2,Aluminium foil,Plastik,0.34145296
2026-07-24,W2,Aluminium foil,Plastik,0.30913585
2026-07-18,W2,Amplop,ATK,0.56076276
2026-07-19,W2,Amplop,ATK,0.54435295
2026-07-20,W2,Amplop,ATK,0.5051117
2026-07-21,W2,Amplop,ATK,0.48849744
2026-07-22,W2,Amplop,ATK,0.48849744
2026-07-23,W2,Amplop,ATK,0.5086954
2026-07-24,W2,Amplop,ATK,0.48526824
2026-07-18,W2,Antangin sachet,Obat,1.1875949
2026-07-19,W2,Antangin sachet,Obat,1.1496645
2026-07-20,W2,Antangin sachet,Obat,1.1520478
2026-07-21,W2,Antangin sachet,Obat,1.1579502
2026-07-22,W2,Antangin sachet,Obat,1.2087295
2026-07-23,W2,Antangin sachet,Obat,1.274664
2026-07-24,W2,Antangin sachet,Obat,1.2971337
2026-07-18,W2,Astor,Snack,3.873053
2026-07-19,W2,Astor,Snack,3.604537
2026-07-20,W2,Astor,Snack,2.9240832
2026-07-21,W2,Astor,Snack,2.9997258
2026-07-22,W2,Astor,Snack,3.0951126
2026-07-23,W2,Astor,Snack,3.1445007
2026-07-24,W2,Astor,Snack,3.1560936
2026-07-18,W2,Attack sachet,Deterjen,0.9894769
2026-07-19,W2,Attack sachet,Deterjen,1.016114
2026-07-20,W2,Attack sachet,Deterjen,0.8176653
2026-07-21,W2,Attack sachet,Deterjen,0.80755734
2026-07-22,W2,Attack sachet,Deterjen,0.82492805
2026-07-23,W2,Attack sachet,Deterjen,0.81112766
2026-07-24,W2,Attack sachet,Deterjen,0.8868641
2026-07-18,W2,Baby oil My Baby 50ml,Bayi,0.16437128
2026-07-19,W2,Baby oil My Baby 50ml,Bayi,0.16510728
2026-07-20,W2,Baby oil My Baby 50ml,Bayi,0.163394
2026-07-21,W2,Baby oil My Baby 50ml,Bayi,0.163394
2026-07-22,W2,Baby oil My Baby 50ml,Bayi,0.163394
2026-07-23,W2,Baby oil My Baby 50ml,Bayi,0.163394
2026-07-24,W2,Baby oil My Baby 50ml,Bayi,0.163394
2026-07-18,W2,Baby powder My Baby 50g,Bayi,0.2767859
2026-07-19,W2,Baby powder My Baby 50g,Bayi,0.27324572
2026-07-20,W2,Baby powder My Baby 50g,Bayi,0.265047
2026-07-21,W2,Baby powder My Baby 50g,Bayi,0.265047
2026-07-22,W2,Baby powder My Baby 50g,Bayi,0.265047
2026-07-23,W2,Baby powder My Baby 50g,Bayi,0.18709505
2026-07-24,W2,Baby powder My Baby 50g,Bayi,0.17033373
2026-07-18,W2,Balsem Geliga 20g,Obat,0.76904356
2026-07-19,W2,Balsem Geliga 20g,Obat,0.7171988
2026-07-20,W2,Balsem Geliga 20g,Obat,0.6325853
2026-07-21,W2,Balsem Geliga 20g,Obat,0.67221195
2026-07-22,W2,Balsem Geliga 20g,Obat,0.67221195
2026-07-23,W2,Balsem Geliga 20g,Obat,0.67221195
2026-07-24,W2,Balsem Geliga 20g,Obat,0.67221195
2026-07-18,W2,Basreng 100g,Snack,3.8657107
2026-07-19,W2,Basreng 100g,Snack,3.805797
2026-07-20,W2,Basreng 100g,Snack,3.2546065
2026-07-21,W2,Basreng 100g,Snack,3.2972107
2026-07-22,W2,Basreng 100g,Snack,3.4935136
2026-07-23,W2,Basreng 100g,Snack,3.5100951
2026-07-24,W2,Basreng 100g,Snack,3.541857
2026-07-18,W2,Baterai AAA ABC 2pcs,RumahTangga,0.14181598
2026-07-19,W2,Baterai AAA ABC 2pcs,RumahTangga,0.14181598
2026-07-20,W2,Baterai AAA ABC 2pcs,RumahTangga,0.14181598
2026-07-21,W2,Baterai AAA ABC 2pcs,RumahTangga,0.14181598
2026-07-22,W2,Baterai AAA ABC 2pcs,RumahTangga,0.14181598
2026-07-23,W2,Baterai AAA ABC 2pcs,RumahTangga,0.14181598
2026-07-24,W2,Baterai AAA ABC 2pcs,RumahTangga,0.14181598
2026-07-18,W2,Beng-Beng,Snack,6.343748
2026-07-19,W2,Beng-Beng,Snack,6.3464727
2026-07-20,W2,Beng-Beng,Snack,4.849784
2026-07-21,W2,Beng-Beng,Snack,4.9692616
2026-07-22,W2,Beng-Beng,Snack,4.884305
2026-07-23,W2,Beng-Beng,Snack,5.212536
2026-07-24,W2,Beng-Beng,Snack,4.888762
2026-07-18,W2,Beras medium 1kg,Sembako,2.5798335
2026-07-19,W2,Beras medium 1kg,Sembako,2.588122
2026-07-20,W2,Beras medium 1kg,Sembako,2.244946
2026-07-21,W2,Beras medium 1kg,Sembako,2.2746544
2026-07-22,W2,Beras medium 1kg,Sembako,2.2329037
2026-07-23,W2,Beras medium 1kg,Sembako,2.151686
2026-07-24,W2,Beras medium 1kg,Sembako,2.1517193
2026-07-18,W2,Beras medium SPHP 5kg,Sembako,0.61584735
2026-07-19,W2,Beras medium SPHP 5kg,Sembako,0.6235064
2026-07-20,W2,Beras medium SPHP 5kg,Sembako,0.5275477
2026-07-21,W2,Beras medium SPHP 5kg,Sembako,0.5275477
2026-07-22,W2,Beras medium SPHP 5kg,Sembako,0.5275477
2026-07-23,W2,Beras medium SPHP 5kg,Sembako,0.5341441
2026-07-24,W2,Beras medium SPHP 5kg,Sembako,0.53538084
2026-07-18,W2,Beras premium 10kg,Sembako,0.079649396
2026-07-19,W2,Beras premium 10kg,Sembako,0.079649396
2026-07-20,W2,Beras premium 10kg,Sembako,0.079649396
2026-07-21,W2,Beras premium 10kg,Sembako,0.079649396
2026-07-22,W2,Beras premium 10kg,Sembako,0.079649396
2026-07-23,W2,Beras premium 10kg,Sembako,0.079649396
2026-07-24,W2,Beras premium 10kg,Sembako,0.079649396
2026-07-18,W2,Beras premium 5kg,Sembako,0.27778798
2026-07-19,W2,Beras premium 5kg,Sembako,0.27743155
2026-07-20,W2,Beras premium 5kg,Sembako,0.27116907
2026-07-21,W2,Beras premium 5kg,Sembako,0.24413197
2026-07-22,W2,Beras premium 5kg,Sembako,0.23449045
2026-07-23,W2,Beras premium 5kg,Sembako,0.23449045
2026-07-24,W2,Beras premium 5kg,Sembako,0.23449045
2026-07-18,W2,Bihun Rose Brand 320g,Mi,4.806783
2026-07-19,W2,Bihun Rose Brand 320g,Mi,4.783074
2026-07-20,W2,Bihun Rose Brand 320g,Mi,3.8033764
2026-07-21,W2,Bihun Rose Brand 320g,Mi,3.9962776
2026-07-22,W2,Bihun Rose Brand 320g,Mi,3.854464
2026-07-23,W2,Bihun Rose Brand 320g,Mi,4.0132375
2026-07-24,W2,Bihun Rose Brand 320g,Mi,3.695853
2026-07-18,W2,Biskuit bayi Promina 100g,Bayi,0.22114612
2026-07-19,W2,Biskuit bayi Promina 100g,Bayi,0.22213629
2026-07-20,W2,Biskuit bayi Promina 100g,Bayi,0.21574911
2026-07-21,W2,Biskuit bayi Promina 100g,Bayi,0.20142229
2026-07-22,W2,Biskuit bayi Promina 100g,Bayi,0.20142229
2026-07-23,W2,Biskuit bayi Promina 100g,Bayi,0.17983048
2026-07-24,W2,Biskuit bayi Promina 100g,Bayi,0.17983048
2026-07-18,W2,Body lotion Citra 100ml,Perawatan,0.573508
2026-07-19,W2,Body lotion Citra 100ml,Perawatan,0.573508
2026-07-20,W2,Body lotion Citra 100ml,Perawatan,0.53136474
2026-07-21,W2,Body lotion Citra 100ml,Perawatan,0.55645883
2026-07-22,W2,Body lotion Citra 100ml,Perawatan,0.5357362
2026-07-23,W2,Body lotion Citra 100ml,Perawatan,0.53413117
2026-07-24,W2,Body lotion Citra 100ml,Perawatan,0.52319145
2026-07-18,W2,Bohlam LED Hannochs 9W,RumahTangga,0.1925207
2026-07-19,W2,Bohlam LED Hannochs 9W,RumahTangga,0.17445605
2026-07-20,W2,Bohlam LED Hannochs 9W,RumahTangga,0.17018493
2026-07-21,W2,Bohlam LED Hannochs 9W,RumahTangga,0.17018493
2026-07-22,W2,Bohlam LED Hannochs 9W,RumahTangga,0.17018493
2026-07-23,W2,Bohlam LED Hannochs 9W,RumahTangga,0.17018493
2026-07-24,W2,Bohlam LED Hannochs 9W,RumahTangga,0.18996896
2026-07-18,W2,Bohlam LED Philips 5W,RumahTangga,0.33090198
2026-07-19,W2,Bohlam LED Philips 5W,RumahTangga,0.33090198
2026-07-20,W2,Bohlam LED Philips 5W,RumahTangga,0.31518966
2026-07-21,W2,Bohlam LED Philips 5W,RumahTangga,0.31518966
2026-07-22,W2,Bohlam LED Philips 5W,RumahTangga,0.31518966
2026-07-23,W2,Bohlam LED Philips 5W,RumahTangga,0.31518966
2026-07-24,W2,Bohlam LED Philips 5W,RumahTangga,0.24221909
2026-07-18,W2,Buavita 250ml,Minuman,3.4702969
2026-07-19,W2,Buavita 250ml,Minuman,3.4302547
2026-07-20,W2,Buavita 250ml,Minuman,2.857335
2026-07-21,W2,Buavita 250ml,Minuman,2.8361347
2026-07-22,W2,Buavita 250ml,Minuman,2.865722
2026-07-23,W2,Buavita 250ml,Minuman,2.9494097
2026-07-24,W2,Buavita 250ml,Minuman,2.9781165
2026-07-18,W2,Bubur bayi Promina 120g,Bayi,0.1753136
2026-07-19,W2,Bubur bayi Promina 120g,Bayi,0.17609861
2026-07-20,W2,Bubur bayi Promina 120g,Bayi,0.1726372
2026-07-21,W2,Bubur bayi Promina 120g,Bayi,0.1726372
2026-07-22,W2,Bubur bayi Promina 120g,Bayi,0.1726372
2026-07-23,W2,Bubur bayi Promina 120g,Bayi,0.1726372
2026-07-24,W2,Bubur bayi Promina 120g,Bayi,0.1726372
2026-07-18,W2,Bubur instan 50g,Mi,3.64815
2026-07-19,W2,Bubur instan 50g,Mi,3.6387563
2026-07-20,W2,Bubur instan 50g,Mi,2.910272
2026-07-21,W2,Bubur instan 50g,Mi,3.0848634
2026-07-22,W2,Bubur instan 50g,Mi,3.0937772
2026-07-23,W2,Bubur instan 50g,Mi,3.1263065
2026-07-24,W2,Bubur instan 50g,Mi,3.1432607
2026-07-18,W2,Buku gambar,ATK,0.59032106
2026-07-19,W2,Buku gambar,ATK,0.59367794
2026-07-20,W2,Buku gambar,ATK,0.53077704
2026-07-21,W2,Buku gambar,ATK,0.48717943
2026-07-22,W2,Buku gambar,ATK,0.5392753
2026-07-23,W2,Buku gambar,ATK,0.530636
2026-07-24,W2,Buku gambar,ATK,0.530636
2026-07-18,W2,Buku tulis Kiky,ATK,0.32268387
2026-07-19,W2,Buku tulis Kiky,ATK,0.3200307
2026-07-20,W2,Buku tulis Kiky,ATK,0.30329302
2026-07-21,W2,Buku tulis Kiky,ATK,0.28976473
2026-07-22,W2,Buku tulis Kiky,ATK,0.24210602
2026-07-23,W2,Buku tulis Kiky,ATK,0.24210602
2026-07-24,W2,Buku tulis Kiky,ATK,0.24210602
2026-07-18,W2,Buku tulis Sinar Dunia,ATK,0.26018986
2026-07-19,W2,Buku tulis Sinar Dunia,ATK,0.26116621
2026-07-20,W2,Buku tulis Sinar Dunia,ATK,0.25623414
2026-07-21,W2,Buku tulis Sinar Dunia,ATK,0.25623414
2026-07-22,W2,Buku tulis Sinar Dunia,ATK,0.25431386
2026-07-23,W2,Buku tulis Sinar Dunia,ATK,0.25431386
2026-07-24,W2,Buku tulis Sinar Dunia,ATK,0.25431386
2026-07-18,W2,Chocolatos sachet,Sachet,1.963289
2026-07-19,W2,Chocolatos sachet,Sachet,2.0162704
2026-07-20,W2,Chocolatos sachet,Sachet,1.6520032
2026-07-21,W2,Chocolatos sachet,Sachet,1.5896231
2026-07-22,W2,Chocolatos sachet,Sachet,1.6238986
2026-07-23,W2,Chocolatos sachet,Sachet,1.6865728
2026-07-24,W2,Chocolatos sachet,Sachet,1.645203
2026-07-18,W2,Cuka 100ml,Bumbu,0.9308797
2026-07-19,W2,Cuka 100ml,Bumbu,0.92673683
2026-07-20,W2,Cuka 100ml,Bumbu,0.8291519
2026-07-21,W2,Cuka 100ml,Bumbu,0.83414465
2026-07-22,W2,Cuka 100ml,Bumbu,0.7809678
2026-07-23,W2,Cuka 100ml,Bumbu,0.7809678
2026-07-24,W2,Cuka 100ml,Bumbu,0.7289931
2026-07-18,W2,Daia sachet,Deterjen,1.036139
2026-07-19,W2,Daia sachet,Deterjen,1.0077096
2026-07-20,W2,Daia sachet,Deterjen,0.8723853
2026-07-21,W2,Daia sachet,Deterjen,0.841144
2026-07-22,W2,Daia sachet,Deterjen,0.8456613
2026-07-23,W2,Daia sachet,Deterjen,0.874441
2026-07-24,W2,Daia sachet,Deterjen,0.86247754
2026-07-18,W2,Dancow sachet,Sachet,5.30464
2026-07-19,W2,Dancow sachet,Sachet,5.319214
2026-07-20,W2,Dancow sachet,Sachet,4.1136203
2026-07-21,W2,Dancow sachet,Sachet,4.345886
2026-07-22,W2,Dancow sachet,Sachet,4.3022795
2026-07-23,W2,Dancow sachet,Sachet,4.35485
2026-07-24,W2,Dancow sachet,Sachet,4.3380327
2026-07-18,W2,Deodoran Rexona sachet,Perawatan,0.92181647
2026-07-19,W2,Deodoran Rexona sachet,Perawatan,1.1242323
2026-07-20,W2,Deodoran Rexona sachet,Perawatan,1.0102038
2026-07-21,W2,Deodoran Rexona sachet,Perawatan,1.0123355
2026-07-22,W2,Deodoran Rexona sachet,Perawatan,1.0153795
2026-07-23,W2,Deodoran Rexona sachet,Perawatan,0.94899565
2026-07-24,W2,Deodoran Rexona sachet,Perawatan,0.9537465
2026-07-18,W2,Diapet strip,Obat,0.58993775
2026-07-19,W2,Diapet strip,Obat,0.5921514
2026-07-20,W2,Diapet strip,Obat,0.5176286
2026-07-21,W2,Diapet strip,Obat,0.47988293
2026-07-22,W2,Diapet strip,Obat,0.45167056
2026-07-23,W2,Diapet strip,Obat,0.45167056
2026-07-24,W2,Diapet strip,Obat,0.45167056
2026-07-18,W2,Ember,RumahTangga,0.15812634
2026-07-19,W2,Ember,RumahTangga,0.15812634
2026-07-20,W2,Ember,RumahTangga,0.15812634
2026-07-21,W2,Ember,RumahTangga,0.15812634
2026-07-22,W2,Ember,RumahTangga,0.15812634
2026-07-23,W2,Ember,RumahTangga,0.15663941
2026-07-24,W2,Ember,RumahTangga,0.15663941
2026-07-18,W2,Es krim Magnum,Frozen,1.0679247
2026-07-19,W2,Es krim Magnum,Frozen,1.0697427
2026-07-20,W2,Es krim Magnum,Frozen,0.86412376
2026-07-21,W2,Es krim Magnum,Frozen,0.8803826
2026-07-22,W2,Es krim Magnum,Frozen,0.88519794
2026-07-23,W2,Es krim Magnum,Frozen,0.8890854
2026-07-24,W2,Es krim Magnum,Frozen,0.88503844
2026-07-18,W2,Es krim cone Wall's,Frozen,1.3100244
2026-07-19,W2,Es krim cone Wall's,Frozen,1.3128637
2026-07-20,W2,Es krim cone Wall's,Frozen,1.2719439
2026-07-21,W2,Es krim cone Wall's,Frozen,1.2382791
2026-07-22,W2,Es krim cone Wall's,Frozen,1.2688934
2026-07-23,W2,Es krim cone Wall's,Frozen,1.2688934
2026-07-24,W2,Es krim cone Wall's,Frozen,1.2387669
2026-07-18,W2,Esse 16 batang,Rokok,1.947523
2026-07-19,W2,Esse 16 batang,Rokok,1.9538931
2026-07-20,W2,Esse 16 batang,Rokok,1.6925685
2026-07-21,W2,Esse 16 batang,Rokok,1.7700824
2026-07-22,W2,Esse 16 batang,Rokok,1.6686119
2026-07-23,W2,Esse 16 batang,Rokok,1.641481
2026-07-24,W2,Esse 16 batang,Rokok,1.6669415
2026-07-18,W2,Extra Joss,Minuman,5.1227884
2026-07-19,W2,Extra Joss,Minuman,5.053202
2026-07-20,W2,Extra Joss,Minuman,4.0384684
2026-07-21,W2,Extra Joss,Minuman,4.1174297
2026-07-22,W2,Extra Joss,Minuman,4.335457
2026-07-23,W2,Extra Joss,Minuman,4.332334
2026-07-24,W2,Extra Joss,Minuman,4.4022913
2026-07-18,W2,Extra Joss sachet,Sachet,4.327049
2026-07-19,W2,Extra Joss sachet,Sachet,3.921515
2026-07-20,W2,Extra Joss sachet,Sachet,3.2018766
2026-07-21,W2,Extra Joss sachet,Sachet,3.284791
2026-07-22,W2,Extra Joss sachet,Sachet,3.2354822
2026-07-23,W2,Extra Joss sachet,Sachet,3.3810604
2026-07-24,W2,Extra Joss sachet,Sachet,3.4001968
2026-07-18,W2,FreshCare 10ml,Obat,1.2001054
2026-07-19,W2,FreshCare 10ml,Obat,1.1387855
2026-07-20,W2,FreshCare 10ml,Obat,0.9319125
2026-07-21,W2,FreshCare 10ml,Obat,0.936687
2026-07-22,W2,FreshCare 10ml,Obat,1.0283899
2026-07-23,W2,FreshCare 10ml,Obat,1.101764
2026-07-24,W2,FreshCare 10ml,Obat,1.1167084
2026-07-18,W2,Frestea 350ml,Minuman,4.587869
2026-07-19,W2,Frestea 350ml,Minuman,4.1894236
2026-07-20,W2,Frestea 350ml,Minuman,3.4814224
2026-07-21,W2,Frestea 350ml,Minuman,3.5032203
2026-07-22,W2,Frestea 350ml,Minuman,3.5176756
2026-07-23,W2,Frestea 350ml,Minuman,3.5295193
2026-07-24,W2,Frestea 350ml,Minuman,3.553904
2026-07-18,W2,Garam Dolphin 500g,Sembako,1.0250233
2026-07-19,W2,Garam Dolphin 500g,Sembako,1.0175177
2026-07-20,W2,Garam Dolphin 500g,Sembako,0.80245537
2026-07-21,W2,Garam Dolphin 500g,Sembako,0.80847406
2026-07-22,W2,Garam Dolphin 500g,Sembako,0.7911542
2026-07-23,W2,Garam Dolphin 500g,Sembako,0.81344086
2026-07-24,W2,Garam Dolphin 500g,Sembako,0.83400965
2026-07-18,W2,Gelas plastik,Plastik,0.36235854
2026-07-19,W2,Gelas plastik,Plastik,0.33878967
2026-07-20,W2,Gelas plastik,Plastik,0.3284773
2026-07-21,W2,Gelas plastik,Plastik,0.3284773
2026-07-22,W2,Gelas plastik,Plastik,0.32777724
2026-07-23,W2,Gelas plastik,Plastik,0.32777724
2026-07-24,W2,Gelas plastik,Plastik,0.34605184
2026-07-18,W2,Gudang Garam 16 batang,Rokok,1.5755537
2026-07-19,W2,Gudang Garam 16 batang,Rokok,1.4964612
2026-07-20,W2,Gudang Garam 16 batang,Rokok,1.4012167
2026-07-21,W2,Gudang Garam 16 batang,Rokok,1.3053107
2026-07-22,W2,Gudang Garam 16 batang,Rokok,1.2567023
2026-07-23,W2,Gudang Garam 16 batang,Rokok,1.2565821
2026-07-24,W2,Gudang Garam 16 batang,Rokok,1.334987
2026-07-18,W2,Gudang Garam Filter 12 batang,Rokok,1.5367938
2026-07-19,W2,Gudang Garam Filter 12 batang,Rokok,1.5999885
2026-07-20,W2,Gudang Garam Filter 12 batang,Rokok,1.337937
2026-07-21,W2,Gudang Garam Filter 12 batang,Rokok,1.2779928
2026-07-22,W2,Gudang Garam Filter 12 batang,Rokok,1.2590113
2026-07-23,W2,Gudang Garam Filter 12 batang,Rokok,1.3048319
2026-07-24,W2,Gudang Garam Filter 12 batang,Rokok,1.3190165
2026-07-18,W2,Gula pasir Rose Brand 1kg,Sembako,1.0675175
2026-07-19,W2,Gula pasir Rose Brand 1kg,Sembako,1.0261991
2026-07-20,W2,Gula pasir Rose Brand 1kg,Sembako,0.81079334
2026-07-21,W2,Gula pasir Rose Brand 1kg,Sembako,0.80873847
2026-07-22,W2,Gula pasir Rose Brand 1kg,Sembako,0.72682446
2026-07-23,W2,Gula pasir Rose Brand 1kg,Sembako,0.72682446
2026-07-24,W2,Gula pasir Rose Brand 1kg,Sembako,0.7260975
2026-07-18,W2,Hanger,RumahTangga,0.22866361
2026-07-19,W2,Hanger,RumahTangga,0.20504248
2026-07-20,W2,Hanger,RumahTangga,0.2024386
2026-07-21,W2,Hanger,RumahTangga,0.18173093
2026-07-22,W2,Hanger,RumahTangga,0.18173093
2026-07-23,W2,Hanger,RumahTangga,0.18243651
2026-07-24,W2,Hanger,RumahTangga,0.18173093
2026-07-18,W2,Indomie Cup,Mi,6.0901413
2026-07-19,W2,Indomie Cup,Mi,5.9607477
2026-07-20,W2,Indomie Cup,Mi,5.022012
2026-07-21,W2,Indomie Cup,Mi,5.179628
2026-07-22,W2,Indomie Cup,Mi,5.2491674
2026-07-23,W2,Indomie Cup,Mi,5.244019
2026-07-24,W2,Indomie Cup,Mi,5.2830977
2026-07-18,W2,Kacang atom Garuda 100g,Snack,3.3087416
2026-07-19,W2,Kacang atom Garuda 100g,Snack,3.2590048
2026-07-20,W2,Kacang atom Garuda 100g,Snack,2.5517437
2026-07-21,W2,Kacang atom Garuda 100g,Snack,2.5966156
2026-07-22,W2,Kacang atom Garuda 100g,Snack,2.6251056
2026-07-23,W2,Kacang atom Garuda 100g,Snack,2.8041863
2026-07-24,W2,Kacang atom Garuda 100g,Snack,2.6166332
2026-07-18,W2,Kaldu bubuk Royco 100g,Bumbu,1.428729
2026-07-19,W2,Kaldu bubuk Royco 100g,Bumbu,1.308127
2026-07-20,W2,Kaldu bubuk Royco 100g,Bumbu,1.1299672
2026-07-21,W2,Kaldu bubuk Royco 100g,Bumbu,1.1357565
2026-07-22,W2,Kaldu bubuk Royco 100g,Bumbu,1.2396133
2026-07-23,W2,Kaldu bubuk Royco 100g,Bumbu,1.2151597
2026-07-24,W2,Kaldu bubuk Royco 100g,Bumbu,1.1766732
2026-07-18,W2,Kapas Selection,Tisu,0.42781547
2026-07-19,W2,Kapas Selection,Tisu,0.42566925
2026-07-20,W2,Kapas Selection,Tisu,0.3695279
2026-07-21,W2,Kapas Selection,Tisu,0.3695279
2026-07-22,W2,Kapas Selection,Tisu,0.3695279
2026-07-23,W2,Kapas Selection,Tisu,0.3695279
2026-07-24,W2,Kapas Selection,Tisu,0.3849986
2026-07-18,W2,Kecap manis Bango 135ml,Bumbu,1.124166
2026-07-19,W2,Kecap manis Bango 135ml,Bumbu,1.1143986
2026-07-20,W2,Kecap manis Bango 135ml,Bumbu,1.0223737
2026-07-21,W2,Kecap manis Bango 135ml,Bumbu,0.95702505
2026-07-22,W2,Kecap manis Bango 135ml,Bumbu,0.8189996
2026-07-23,W2,Kecap manis Bango 135ml,Bumbu,0.848249
2026-07-24,W2,Kecap manis Bango 135ml,Bumbu,0.8025897
2026-07-18,W2,Kentang frozen 500g,Frozen,0.8176891
2026-07-19,W2,Kentang frozen 500g,Frozen,0.81405
2026-07-20,W2,Kentang frozen 500g,Frozen,0.7477029
2026-07-21,W2,Kentang frozen 500g,Frozen,0.731474
2026-07-22,W2,Kentang frozen 500g,Frozen,0.731474
2026-07-23,W2,Kentang frozen 500g,Frozen,0.7336734
2026-07-24,W2,Kentang frozen 500g,Frozen,0.746832
2026-07-18,W2,Keripik kentang Chitato 68g,Snack,2.1142027
2026-07-19,W2,Keripik kentang Chitato 68g,Snack,2.1437118
2026-07-20,W2,Keripik kentang Chitato 68g,Snack,1.7798488
2026-07-21,W2,Keripik kentang Chitato 68g,Snack,1.8398031
2026-07-22,W2,Keripik kentang Chitato 68g,Snack,1.8368064
2026-07-23,W2,Keripik kentang Chitato 68g,Snack,1.8098161
2026-07-24,W2,Keripik kentang Chitato 68g,Snack,1.8128371
2026-07-18,W2,Kopi susu Torabika sachet,Sachet,2.9198565
2026-07-19,W2,Kopi susu Torabika sachet,Sachet,2.9159727
2026-07-20,W2,Kopi susu Torabika sachet,Sachet,2.6006577
2026-07-21,W2,Kopi susu Torabika sachet,Sachet,2.607214
2026-07-22,W2,Kopi susu Torabika sachet,Sachet,2.4845448
2026-07-23,W2,Kopi susu Torabika sachet,Sachet,2.6187248
2026-07-24,W2,Kopi susu Torabika sachet,Sachet,2.737677
2026-07-18,W2,Kopiko 78C 240ml,Minuman,4.0471787
2026-07-19,W2,Kopiko 78C 240ml,Minuman,3.9087684
2026-07-20,W2,Kopiko 78C 240ml,Minuman,3.1014457
2026-07-21,W2,Kopiko 78C 240ml,Minuman,3.1654043
2026-07-22,W2,Kopiko 78C 240ml,Minuman,3.2008088
2026-07-23,W2,Kopiko 78C 240ml,Minuman,3.1458867
2026-07-24,W2,Kopiko 78C 240ml,Minuman,3.1957707
2026-07-18,W2,Korek gas,Rokok,2.4745731
2026-07-19,W2,Korek gas,Rokok,2.6919355
2026-07-20,W2,Korek gas,Rokok,2.2048702
2026-07-21,W2,Korek gas,Rokok,2.2530758
2026-07-22,W2,Korek gas,Rokok,2.7692895
2026-07-23,W2,Korek gas,Rokok,2.7913132
2026-07-24,W2,Korek gas,Rokok,2.8996153
2026-07-18,W2,Kratingdaeng 150ml,Minuman,5.3937006
2026-07-19,W2,Kratingdaeng 150ml,Minuman,5.24705
2026-07-20,W2,Kratingdaeng 150ml,Minuman,4.113468
2026-07-21,W2,Kratingdaeng 150ml,Minuman,4.8690333
2026-07-22,W2,Kratingdaeng 150ml,Minuman,4.6569195
2026-07-23,W2,Kratingdaeng 150ml,Minuman,4.940205
2026-07-24,W2,Kratingdaeng 150ml,Minuman,5.1307573
2026-07-18,W2,LA Bold 16 batang,Rokok,1.4187379
2026-07-19,W2,LA Bold 16 batang,Rokok,1.3699143
2026-07-20,W2,LA Bold 16 batang,Rokok,1.2745
2026-07-21,W2,LA Bold 16 batang,Rokok,1.2461809
2026-07-22,W2,LA Bold 16 batang,Rokok,1.2335206
2026-07-23,W2,LA Bold 16 batang,Rokok,1.303767
2026-07-24,W2,LA Bold 16 batang,Rokok,1.2769583
2026-07-18,W2,LPG 12kg,LPG,0.077887654
2026-07-19,W2,LPG 12kg,LPG,0.077887654
2026-07-20,W2,LPG 12kg,LPG,0.077887654
2026-07-21,W2,LPG 12kg,LPG,0.077887654
2026-07-22,W2,LPG 12kg,LPG,0.077887654
2026-07-23,W2,LPG 12kg,LPG,0.077887654
2026-07-24,W2,LPG 12kg,LPG,0.077887654
2026-07-18,W2,LPG 3kg,LPG,1.0908742
2026-07-19,W2,LPG 3kg,LPG,1.0902326
2026-07-20,W2,LPG 3kg,LPG,0.95989245
2026-07-21,W2,LPG 3kg,LPG,0.98591596
2026-07-22,W2,LPG 3kg,LPG,0.96805876
2026-07-23,W2,LPG 3kg,LPG,1.0529282
2026-07-24,W2,LPG 3kg,LPG,1.0740688
2026-07-18,W2,LPG 5.5kg,LPG,0.09638347
2026-07-19,W2,LPG 5.5kg,LPG,0.09536501
2026-07-20,W2,LPG 5.5kg,LPG,0.094525576
2026-07-21,W2,LPG 5.5kg,LPG,0.094525576
2026-07-22,W2,LPG 5.5kg,LPG,0.094525576
2026-07-23,W2,LPG 5.5kg,LPG,0.094525576
2026-07-24,W2,LPG 5.5kg,LPG,0.094525576
2026-07-18,W2,Lap dapur,Plastik,0.38613233
2026-07-19,W2,Lap dapur,Plastik,0.38758126
2026-07-20,W2,Lap dapur,Plastik,0.35425076
2026-07-21,W2,Lap dapur,Plastik,0.35546553
2026-07-22,W2,Lap dapur,Plastik,0.35378033
2026-07-23,W2,Lap dapur,Plastik,0.35632694
2026-07-24,W2,Lap dapur,Plastik,0.36489272
2026-07-18,W2,Le Minerale 1.5L,Minuman,5.0306
2026-07-19,W2,Le Minerale 1.5L,Minuman,4.968821
2026-07-20,W2,Le Minerale 1.5L,Minuman,4.3393917
2026-07-21,W2,Le Minerale 1.5L,Minuman,3.890116
2026-07-22,W2,Le Minerale 1.5L,Minuman,3.9150677
2026-07-23,W2,Le Minerale 1.5L,Minuman,3.9288788
2026-07-24,W2,Le Minerale 1.5L,Minuman,4.199677
2026-07-18,W2,Lem Fox 10g,ATK,0.39938974
2026-07-19,W2,Lem Fox 10g,ATK,0.37268248
2026-07-20,W2,Lem Fox 10g,ATK,0.35566956
2026-07-21,W2,Lem Fox 10g,ATK,0.35429406
2026-07-22,W2,Lem Fox 10g,ATK,0.2887325
2026-07-23,W2,Lem Fox 10g,ATK,0.2898535
2026-07-24,W2,Lem Fox 10g,ATK,0.35574937
2026-07-18,W2,Lilin,RumahTangga,0.14956154
2026-07-19,W2,Lilin,RumahTangga,0.14380673
2026-07-20,W2,Lilin,RumahTangga,0.14380673
2026-07-21,W2,Lilin,RumahTangga,0.14380673
2026-07-22,W2,Lilin,RumahTangga,0.14380673
2026-07-23,W2,Lilin,RumahTangga,0.14903273
2026-07-24,W2,Lilin,RumahTangga,0.14903273
2026-07-18,W2,Mama Lemon 400ml,Deterjen,0.6253036
2026-07-19,W2,Mama Lemon 400ml,Deterjen,0.6253036
2026-07-20,W2,Mama Lemon 400ml,Deterjen,0.53317624
2026-07-21,W2,Mama Lemon 400ml,Deterjen,0.5338284
2026-07-22,W2,Mama Lemon 400ml,Deterjen,0.55410445
2026-07-23,W2,Mama Lemon 400ml,Deterjen,0.55410445
2026-07-24,W2,Mama Lemon 400ml,Deterjen,0.535151
2026-07-18,W2,Margarin Blue Band 200g,Sembako,1.6046277
2026-07-19,W2,Margarin Blue Band 200g,Sembako,1.537158
2026-07-20,W2,Margarin Blue Band 200g,Sembako,1.3621205
2026-07-21,W2,Margarin Blue Band 200g,Sembako,1.3003712
2026-07-22,W2,Margarin Blue Band 200g,Sembako,1.2676268
2026-07-23,W2,Margarin Blue Band 200g,Sembako,1.1594077
2026-07-24,W2,Margarin Blue Band 200g,Sembako,1.2157391
2026-07-18,W2,Marlboro 16 batang,Rokok,1.5163735
2026-07-19,W2,Marlboro 16 batang,Rokok,1.5804121
2026-07-20,W2,Marlboro 16 batang,Rokok,1.3290477
2026-07-21,W2,Marlboro 16 batang,Rokok,1.3681835
2026-07-22,W2,Marlboro 16 batang,Rokok,1.3627834
2026-07-23,W2,Marlboro 16 batang,Rokok,1.3840312
2026-07-24,W2,Marlboro 16 batang,Rokok,1.3957541
2026-07-18,W2,Mayones Maestro 100g,Bumbu,0.8639841
2026-07-19,W2,Mayones Maestro 100g,Bumbu,0.8948711
2026-07-20,W2,Mayones Maestro 100g,Bumbu,0.7543241
2026-07-21,W2,Mayones Maestro 100g,Bumbu,0.89306694
2026-07-22,W2,Mayones Maestro 100g,Bumbu,0.83074766
2026-07-23,W2,Mayones Maestro 100g,Bumbu,0.89625436
2026-07-24,W2,Mayones Maestro 100g,Bumbu,0.9847104
2026-07-18,W2,Mi goreng Sarimi,Mi,4.0333695
2026-07-19,W2,Mi goreng Sarimi,Mi,4.0112076
2026-07-20,W2,Mi goreng Sarimi,Mi,3.165333
2026-07-21,W2,Mi goreng Sarimi,Mi,3.178763
2026-07-22,W2,Mi goreng Sarimi,Mi,3.2587295
2026-07-23,W2,Mi goreng Sarimi,Mi,3.1567535
2026-07-24,W2,Mi goreng Sarimi,Mi,3.282921
2026-07-18,W2,Mi jumbo Indomie,Mi,3.8954637
2026-07-19,W2,Mi jumbo Indomie,Mi,3.7041903
2026-07-20,W2,Mi jumbo Indomie,Mi,3.0729203
2026-07-21,W2,Mi jumbo Indomie,Mi,3.146886
2026-07-22,W2,Mi jumbo Indomie,Mi,3.2344851
2026-07-23,W2,Mi jumbo Indomie,Mi,3.6941648
2026-07-24,W2,Mi jumbo Indomie,Mi,3.549843
2026-07-18,W2,Mi kuah Sedaap,Mi,3.012925
2026-07-19,W2,Mi kuah Sedaap,Mi,2.7721202
2026-07-20,W2,Mi kuah Sedaap,Mi,2.7578602
2026-07-21,W2,Mi kuah Sedaap,Mi,2.7823794
2026-07-22,W2,Mi kuah Sedaap,Mi,2.8098872
2026-07-23,W2,Mi kuah Sedaap,Mi,2.879398
2026-07-24,W2,Mi kuah Sedaap,Mi,2.9337664
2026-07-18,W2,Mi soto Indomie,Mi,5.2678933
2026-07-19,W2,Mi soto Indomie,Mi,5.4550123
2026-07-20,W2,Mi soto Indomie,Mi,4.2290883
2026-07-21,W2,Mi soto Indomie,Mi,4.2822185
2026-07-22,W2,Mi soto Indomie,Mi,4.495068
2026-07-23,W2,Mi soto Indomie,Mi,4.597399
2026-07-24,W2,Mi soto Indomie,Mi,4.616565
2026-07-18,W2,Minyak goreng Bimoli 1L,Sembako,1.1054051
2026-07-19,W2,Minyak goreng Bimoli 1L,Sembako,1.1649767
2026-07-20,W2,Minyak goreng Bimoli 1L,Sembako,1.0003362
2026-07-21,W2,Minyak goreng Bimoli 1L,Sembako,0.89974475
2026-07-22,W2,Minyak goreng Bimoli 1L,Sembako,0.89706534
2026-07-23,W2,Minyak goreng Bimoli 1L,Sembako,0.8284237
2026-07-24,W2,Minyak goreng Bimoli 1L,Sembako,0.7873359
2026-07-18,W2,Minyak goreng Fortune 1L,Sembako,1.593841
2026-07-19,W2,Minyak goreng Fortune 1L,Sembako,1.5824084
2026-07-20,W2,Minyak goreng Fortune 1L,Sembako,1.3298186
2026-07-21,W2,Minyak goreng Fortune 1L,Sembako,1.3558121
2026-07-22,W2,Minyak goreng Fortune 1L,Sembako,1.3113291
2026-07-23,W2,Minyak goreng Fortune 1L,Sembako,1.3144509
2026-07-24,W2,Minyak goreng Fortune 1L,Sembako,1.3544176
2026-07-18,W2,Minyak kayu putih Cap Lang 30ml (Bayi),Bayi,0.26073915
2026-07-19,W2,Minyak kayu putih Cap Lang 30ml (Bayi),Bayi,0.26863995
2026-07-20,W2,Minyak kayu putih Cap Lang 30ml (Bayi),Bayi,0.25842872
2026-07-21,W2,Minyak kayu putih Cap Lang 30ml (Bayi),Bayi,0.27705073
2026-07-22,W2,Minyak kayu putih Cap Lang 30ml (Bayi),Bayi,0.27654248
2026-07-23,W2,Minyak kayu putih Cap Lang 30ml (Bayi),Bayi,0.2592688
2026-07-24,W2,Minyak kayu putih Cap Lang 30ml (Bayi),Bayi,0.26288095
2026-07-18,W2,Minyak kayu putih Cap Lang 30ml (Obat),Obat,0.9119064
2026-07-19,W2,Minyak kayu putih Cap Lang 30ml (Obat),Obat,0.9634804
2026-07-20,W2,Minyak kayu putih Cap Lang 30ml (Obat),Obat,0.84215504
2026-07-21,W2,Minyak kayu putih Cap Lang 30ml (Obat),Obat,0.8387363
2026-07-22,W2,Minyak kayu putih Cap Lang 30ml (Obat),Obat,0.8387363
2026-07-23,W2,Minyak kayu putih Cap Lang 30ml (Obat),Obat,0.7860067
2026-07-24,W2,Minyak kayu putih Cap Lang 30ml (Obat),Obat,0.63925946
2026-07-18,W2,Minyak rem 100ml,LPG,0.88004583
2026-07-19,W2,Minyak rem 100ml,LPG,0.87612915
2026-07-20,W2,Minyak rem 100ml,LPG,0.7751584
2026-07-21,W2,Minyak rem 100ml,LPG,0.78175306
2026-07-22,W2,Minyak rem 100ml,LPG,0.7780066
2026-07-23,W2,Minyak rem 100ml,LPG,0.775528
2026-07-24,W2,Minyak rem 100ml,LPG,0.7459653
2026-07-18,W2,Molto sachet,Deterjen,0.9917615
2026-07-19,W2,Molto sachet,Deterjen,0.99295187
2026-07-20,W2,Molto sachet,Deterjen,0.8637022
2026-07-21,W2,Molto sachet,Deterjen,0.8706614
2026-07-22,W2,Molto sachet,Deterjen,0.8680513
2026-07-23,W2,Molto sachet,Deterjen,0.87563634
2026-07-24,W2,Molto sachet,Deterjen,0.8706694
2026-07-18,W2,Nutrisari sachet,Sachet,5.1727657
2026-07-19,W2,Nutrisari sachet,Sachet,5.202932
2026-07-20,W2,Nutrisari sachet,Sachet,4.2276497
2026-07-21,W2,Nutrisari sachet,Sachet,4.373733
2026-07-22,W2,Nutrisari sachet,Sachet,4.3906193
2026-07-23,W2,Nutrisari sachet,Sachet,4.5877976
2026-07-24,W2,Nutrisari sachet,Sachet,4.527886
2026-07-18,W2,Oli motor 0.8L,LPG,0.4971721
2026-07-19,W2,Oli motor 0.8L,LPG,0.48536643
2026-07-20,W2,Oli motor 0.8L,LPG,0.43700194
2026-07-21,W2,Oli motor 0.8L,LPG,0.42504194
2026-07-22,W2,Oli motor 0.8L,LPG,0.42504194
2026-07-23,W2,Oli motor 0.8L,LPG,0.42504194
2026-07-24,W2,Oli motor 0.8L,LPG,0.3890291
2026-07-18,W2,Oreo 119g,Snack,3.6645436
2026-07-19,W2,Oreo 119g,Snack,3.7493677
2026-07-20,W2,Oreo 119g,Snack,3.143675
2026-07-21,W2,Oreo 119g,Snack,3.1459928
2026-07-22,W2,Oreo 119g,Snack,3.2281234
2026-07-23,W2,Oreo 119g,Snack,3.2582111
2026-07-24,W2,Oreo 119g,Snack,3.296693
2026-07-18,W2,Pantyliner Laurier,Tisu,0.32615888
2026-07-19,W2,Pantyliner Laurier,Tisu,0.32438213
2026-07-20,W2,Pantyliner Laurier,Tisu,0.30937606
2026-07-21,W2,Pantyliner Laurier,Tisu,0.30842277
2026-07-22,W2,Pantyliner Laurier,Tisu,0.30900243
2026-07-23,W2,Pantyliner Laurier,Tisu,0.3077139
2026-07-24,W2,Pantyliner Laurier,Tisu,0.3077139
2026-07-18,W2,Paracetamol Sanmol strip,Obat,0.7797
2026-07-19,W2,Paracetamol Sanmol strip,Obat,0.8415867
2026-07-20,W2,Paracetamol Sanmol strip,Obat,0.6866918
2026-07-21,W2,Paracetamol Sanmol strip,Obat,0.69237244
2026-07-22,W2,Paracetamol Sanmol strip,Obat,0.6928569
2026-07-23,W2,Paracetamol Sanmol strip,Obat,0.6928569
2026-07-24,W2,Paracetamol Sanmol strip,Obat,0.6958386
2026-07-18,W2,Parfum Gatsby 100ml,Perawatan,0.6474026
2026-07-19,W2,Parfum Gatsby 100ml,Perawatan,0.64936405
2026-07-20,W2,Parfum Gatsby 100ml,Perawatan,0.56683606
2026-07-21,W2,Parfum Gatsby 100ml,Perawatan,0.5666943
2026-07-22,W2,Parfum Gatsby 100ml,Perawatan,0.5610283
2026-07-23,W2,Parfum Gatsby 100ml,Perawatan,0.5610283
2026-07-24,W2,Parfum Gatsby 100ml,Perawatan,0.5610283
2026-07-18,W2,Pasta gigi Close Up 65g,Perawatan,0.665795
2026-07-19,W2,Pasta gigi Close Up 65g,Perawatan,0.66283196
2026-07-20,W2,Pasta gigi Close Up 65g,Perawatan,0.6104596
2026-07-21,W2,Pasta gigi Close Up 65g,Perawatan,0.6104596
2026-07-22,W2,Pasta gigi Close Up 65g,Perawatan,0.6104596
2026-07-23,W2,Pasta gigi Close Up 65g,Perawatan,0.6104596
2026-07-24,W2,Pasta gigi Close Up 65g,Perawatan,0.5524136
2026-07-18,W2,Pasta gigi Pepsodent 75g,Perawatan,0.9517319
2026-07-19,W2,Pasta gigi Pepsodent 75g,Perawatan,0.94787323
2026-07-20,W2,Pasta gigi Pepsodent 75g,Perawatan,0.8460396
2026-07-21,W2,Pasta gigi Pepsodent 75g,Perawatan,0.85370207
2026-07-22,W2,Pasta gigi Pepsodent 75g,Perawatan,0.84857404
2026-07-23,W2,Pasta gigi Pepsodent 75g,Perawatan,0.8006737
2026-07-24,W2,Pasta gigi Pepsodent 75g,Perawatan,0.79719657
2026-07-18,W2,Pasta gigi Sensodyne 40g,Perawatan,0.6857774
2026-07-19,W2,Pasta gigi Sensodyne 40g,Perawatan,0.6350393
2026-07-20,W2,Pasta gigi Sensodyne 40g,Perawatan,0.5459102
2026-07-21,W2,Pasta gigi Sensodyne 40g,Perawatan,0.5459102
2026-07-22,W2,Pasta gigi Sensodyne 40g,Perawatan,0.65490305
2026-07-23,W2,Pasta gigi Sensodyne 40g,Perawatan,0.65490305
2026-07-24,W2,Pasta gigi Sensodyne 40g,Perawatan,0.69027716
2026-07-18,W2,Pel,RumahTangga,0.12834421
2026-07-19,W2,Pel,RumahTangga,0.12876014
2026-07-20,W2,Pel,RumahTangga,0.12876014
2026-07-21,W2,Pel,RumahTangga,0.12876014
2026-07-22,W2,Pel,RumahTangga,0.12876014
2026-07-23,W2,Pel,RumahTangga,0.12876014
2026-07-24,W2,Pel,RumahTangga,0.12876014
2026-07-18,W2,Pembalut Charm,Tisu,0.29285964
2026-07-19,W2,Pembalut Charm,Tisu,0.2901754
2026-07-20,W2,Pembalut Charm,Tisu,0.2824047
2026-07-21,W2,Pembalut Charm,Tisu,0.2824047
2026-07-22,W2,Pembalut Charm,Tisu,0.2824047
2026-07-23,W2,Pembalut Charm,Tisu,0.28429428
2026-07-24,W2,Pembalut Charm,Tisu,0.28193083
2026-07-18,W2,Pembalut Laurier,Tisu,0.3362337
2026-07-19,W2,Pembalut Laurier,Tisu,0.32624128
2026-07-20,W2,Pembalut Laurier,Tisu,0.31317887
2026-07-21,W2,Pembalut Laurier,Tisu,0.31317887
2026-07-22,W2,Pembalut Laurier,Tisu,0.31317887
2026-07-23,W2,Pembalut Laurier,Tisu,0.32904732
2026-07-24,W2,Pembalut Laurier,Tisu,0.34391412
2026-07-18,W2,Pembalut Softex,Tisu,0.43086484
2026-07-19,W2,Pembalut Softex,Tisu,0.43086484
2026-07-20,W2,Pembalut Softex,Tisu,0.395912
2026-07-21,W2,Pembalut Softex,Tisu,0.39779043
2026-07-22,W2,Pembalut Softex,Tisu,0.39779043
2026-07-23,W2,Pembalut Softex,Tisu,0.39587486
2026-07-24,W2,Pembalut Softex,Tisu,0.39587486
2026-07-18,W2,Penyedap Royco,Bumbu,0.906593
2026-07-19,W2,Penyedap Royco,Bumbu,0.91153795
2026-07-20,W2,Penyedap Royco,Bumbu,0.7632314
2026-07-21,W2,Penyedap Royco,Bumbu,0.76714176
2026-07-22,W2,Penyedap Royco,Bumbu,0.7666203
2026-07-23,W2,Penyedap Royco,Bumbu,0.76714176
2026-07-24,W2,Penyedap Royco,Bumbu,0.7709822
2026-07-18,W2,Permen Relaxa,Snack,2.2603834
2026-07-19,W2,Permen Relaxa,Snack,2.2812803
2026-07-20,W2,Permen Relaxa,Snack,1.9234788
2026-07-21,W2,Permen Relaxa,Snack,1.9465636
2026-07-22,W2,Permen Relaxa,Snack,1.8127023
2026-07-23,W2,Permen Relaxa,Snack,1.8189827
2026-07-24,W2,Permen Relaxa,Snack,1.8159136
2026-07-18,W2,Permen karet Big Babol,Snack,4.2725673
2026-07-19,W2,Permen karet Big Babol,Snack,4.7453527
2026-07-20,W2,Permen karet Big Babol,Snack,4.1167917
2026-07-21,W2,Permen karet Big Babol,Snack,4.194212
2026-07-22,W2,Permen karet Big Babol,Snack,4.2676153
2026-07-23,W2,Permen karet Big Babol,Snack,4.250167
2026-07-24,W2,Permen karet Big Babol,Snack,4.239501
2026-07-18,W2,Plastic wrap,Plastik,0.40217885
2026-07-19,W2,Plastic wrap,Plastik,0.40038896
2026-07-20,W2,Plastic wrap,Plastik,0.32009462
2026-07-21,W2,Plastic wrap,Plastik,0.32033592
2026-07-22,W2,Plastic wrap,Plastik,0.32162657
2026-07-23,W2,Plastic wrap,Plastik,0.32162657
2026-07-24,W2,Plastic wrap,Plastik,0.32162657
2026-07-18,W2,Plastik kresek kecil,Plastik,0.26719943
2026-07-19,W2,Plastik kresek kecil,Plastik,0.2646717
2026-07-20,W2,Plastik kresek kecil,Plastik,0.25345862
2026-07-21,W2,Plastik kresek kecil,Plastik,0.25345862
2026-07-22,W2,Plastik kresek kecil,Plastik,0.25877246
2026-07-23,W2,Plastik kresek kecil,Plastik,0.295923
2026-07-24,W2,Plastik kresek kecil,Plastik,0.29452005
2026-07-18,W2,Pocari Sweat 350ml,Minuman,6.7016525
2026-07-19,W2,Pocari Sweat 350ml,Minuman,6.650381
2026-07-20,W2,Pocari Sweat 350ml,Minuman,5.23883
2026-07-21,W2,Pocari Sweat 350ml,Minuman,5.5032887
2026-07-22,W2,Pocari Sweat 350ml,Minuman,5.4038186
2026-07-23,W2,Pocari Sweat 350ml,Minuman,5.363978
2026-07-24,W2,Pocari Sweat 350ml,Minuman,5.5808053
2026-07-18,W2,Pomade Gatsby 80g,Perawatan,0.7305095
2026-07-19,W2,Pomade Gatsby 80g,Perawatan,0.67081505
2026-07-20,W2,Pomade Gatsby 80g,Perawatan,0.6093298
2026-07-21,W2,Pomade Gatsby 80g,Perawatan,0.6056941
2026-07-22,W2,Pomade Gatsby 80g,Perawatan,0.4989953
2026-07-23,W2,Pomade Gatsby 80g,Perawatan,0.4989953
2026-07-24,W2,Pomade Gatsby 80g,Perawatan,0.48955366
2026-07-18,W2,Popok Merries isi 10,Bayi,0.1723719
2026-07-19,W2,Popok Merries isi 10,Bayi,0.1731437
2026-07-20,W2,Popok Merries isi 10,Bayi,0.17200515
2026-07-21,W2,Popok Merries isi 10,Bayi,0.17200515
2026-07-22,W2,Popok Merries isi 10,Bayi,0.17200515
2026-07-23,W2,Popok Merries isi 10,Bayi,0.17800291
2026-07-24,W2,Popok Merries isi 10,Bayi,0.17800291
2026-07-18,W2,Pulpen Pilot,ATK,0.95676684
2026-07-19,W2,Pulpen Pilot,ATK,0.94507176
2026-07-20,W2,Pulpen Pilot,ATK,0.7869161
2026-07-21,W2,Pulpen Pilot,ATK,0.7898768
2026-07-22,W2,Pulpen Pilot,ATK,0.67522264
2026-07-23,W2,Pulpen Pilot,ATK,0.59648275
2026-07-24,W2,Pulpen Pilot,ATK,0.59059566
2026-07-18,W2,Pulpen Standard AE7,ATK,0.57227796
2026-07-19,W2,Pulpen Standard AE7,ATK,0.57227796
2026-07-20,W2,Pulpen Standard AE7,ATK,0.5087809
2026-07-21,W2,Pulpen Standard AE7,ATK,0.5087809
2026-07-22,W2,Pulpen Standard AE7,ATK,0.5087809
2026-07-23,W2,Pulpen Standard AE7,ATK,0.5087809
2026-07-24,W2,Pulpen Standard AE7,ATK,0.44994777
2026-07-18,W2,Regulator gas,LPG,0.15507483
2026-07-19,W2,Regulator gas,LPG,0.15715252
2026-07-20,W2,Regulator gas,LPG,0.15430292
2026-07-21,W2,Regulator gas,LPG,0.15102048
2026-07-22,W2,Regulator gas,LPG,0.15430292
2026-07-23,W2,Regulator gas,LPG,0.16043833
2026-07-24,W2,Regulator gas,LPG,0.17880766
2026-07-18,W2,Roma Kelapa 300g,Snack,4.814095
2026-07-19,W2,Roma Kelapa 300g,Snack,4.8207383
2026-07-20,W2,Roma Kelapa 300g,Snack,4.133476
2026-07-21,W2,Roma Kelapa 300g,Snack,4.225998
2026-07-22,W2,Roma Kelapa 300g,Snack,4.1526184
2026-07-23,W2,Roma Kelapa 300g,Snack,4.005463
2026-07-24,W2,Roma Kelapa 300g,Snack,3.8014214
2026-07-18,W2,Salonpas 10 pcs,Obat,0.43854126
2026-07-19,W2,Salonpas 10 pcs,Obat,0.46345004
2026-07-20,W2,Salonpas 10 pcs,Obat,0.3893712
2026-07-21,W2,Salonpas 10 pcs,Obat,0.44833872
2026-07-22,W2,Salonpas 10 pcs,Obat,0.44833872
2026-07-23,W2,Salonpas 10 pcs,Obat,0.53281015
2026-07-24,W2,Salonpas 10 pcs,Obat,0.4876705
2026-07-18,W2,Sampoerna A 16 batang,Rokok,1.3014611
2026-07-19,W2,Sampoerna A 16 batang,Rokok,1.1888827
2026-07-20,W2,Sampoerna A 16 batang,Rokok,1.0343146
2026-07-21,W2,Sampoerna A 16 batang,Rokok,1.0907212
2026-07-22,W2,Sampoerna A 16 batang,Rokok,1.0907212
2026-07-23,W2,Sampoerna A 16 batang,Rokok,1.0123649
2026-07-24,W2,Sampoerna A 16 batang,Rokok,1.0029927
2026-07-18,W2,Sampoerna Mild 16 batang,Rokok,0.94203013
2026-07-19,W2,Sampoerna Mild 16 batang,Rokok,0.94182664
2026-07-20,W2,Sampoerna Mild 16 batang,Rokok,0.8314259
2026-07-21,W2,Sampoerna Mild 16 batang,Rokok,0.87464315
2026-07-22,W2,Sampoerna Mild 16 batang,Rokok,0.8680959
2026-07-23,W2,Sampoerna Mild 16 batang,Rokok,0.8294299
2026-07-24,W2,Sampoerna Mild 16 batang,Rokok,0.80758363
2026-07-18,W2,Saus sambal sachet ABC,Bumbu,0.7833969
2026-07-19,W2,Saus sambal sachet ABC,Bumbu,0.7895959
2026-07-20,W2,Saus sambal sachet ABC,Bumbu,0.6698539
2026-07-21,W2,Saus sambal sachet ABC,Bumbu,0.710053
2026-07-22,W2,Saus sambal sachet ABC,Bumbu,0.728055
2026-07-23,W2,Saus sambal sachet ABC,Bumbu,0.72587246
2026-07-24,W2,Saus sambal sachet ABC,Bumbu,0.7295063
2026-07-18,W2,Saus tomat ABC 135ml,Bumbu,1.0693371
2026-07-19,W2,Saus tomat ABC 135ml,Bumbu,0.99001014
2026-07-20,W2,Saus tomat ABC 135ml,Bumbu,0.8472264
2026-07-21,W2,Saus tomat ABC 135ml,Bumbu,0.87530065
2026-07-22,W2,Saus tomat ABC 135ml,Bumbu,0.8781699
2026-07-23,W2,Saus tomat ABC 135ml,Bumbu,0.84320486
2026-07-24,W2,Saus tomat ABC 135ml,Bumbu,0.83524454
2026-07-18,W2,Sendok plastik,Plastik,0.32406446
2026-07-19,W2,Sendok plastik,Plastik,0.321893
2026-07-20,W2,Sendok plastik,Plastik,0.31202945
2026-07-21,W2,Sendok plastik,Plastik,0.32746166
2026-07-22,W2,Sendok plastik,Plastik,0.32746166
2026-07-23,W2,Sendok plastik,Plastik,0.32746166
2026-07-24,W2,Sendok plastik,Plastik,0.32834873
2026-07-18,W2,Senter,RumahTangga,0.12774606
2026-07-19,W2,Senter,RumahTangga,0.12774606
2026-07-20,W2,Senter,RumahTangga,0.13159978
2026-07-21,W2,Senter,RumahTangga,0.13159978
2026-07-22,W2,Senter,RumahTangga,0.13159978
2026-07-23,W2,Senter,RumahTangga,0.13159978
2026-07-24,W2,Senter,RumahTangga,0.13774548
2026-07-18,W2,Shampoo Clear sachet,Perawatan,0.5897809
2026-07-19,W2,Shampoo Clear sachet,Perawatan,0.6298352
2026-07-20,W2,Shampoo Clear sachet,Perawatan,0.58389246
2026-07-21,W2,Shampoo Clear sachet,Perawatan,0.5594455
2026-07-22,W2,Shampoo Clear sachet,Perawatan,0.5594455
2026-07-23,W2,Shampoo Clear sachet,Perawatan,0.58882594
2026-07-24,W2,Shampoo Clear sachet,Perawatan,0.58882594
2026-07-18,W2,Shampoo H&S sachet,Perawatan,0.5917447
2026-07-19,W2,Shampoo H&S sachet,Perawatan,0.68780947
2026-07-20,W2,Shampoo H&S sachet,Perawatan,0.610029
2026-07-21,W2,Shampoo H&S sachet,Perawatan,0.60820144
2026-07-22,W2,Shampoo H&S sachet,Perawatan,0.64094174
2026-07-23,W2,Shampoo H&S sachet,Perawatan,0.6333409
2026-07-24,W2,Shampoo H&S sachet,Perawatan,0.64816606
2026-07-18,W2,Shampoo Sunsilk sachet,Perawatan,1.0934373
2026-07-19,W2,Shampoo Sunsilk sachet,Perawatan,0.9018795
2026-07-20,W2,Shampoo Sunsilk sachet,Perawatan,0.8516388
2026-07-21,W2,Shampoo Sunsilk sachet,Perawatan,0.827239
2026-07-22,W2,Shampoo Sunsilk sachet,Perawatan,0.90700895
2026-07-23,W2,Shampoo Sunsilk sachet,Perawatan,0.9030694
2026-07-24,W2,Shampoo Sunsilk sachet,Perawatan,0.8662167
2026-07-18,W2,Sikat,Deterjen,1.0411834
2026-07-19,W2,Sikat,Deterjen,1.0130825
2026-07-20,W2,Sikat,Deterjen,0.8182452
2026-07-21,W2,Sikat,Deterjen,0.8302075
2026-07-22,W2,Sikat,Deterjen,0.829866
2026-07-23,W2,Sikat,Deterjen,0.8182452
2026-07-24,W2,Sikat,Deterjen,0.8340205
2026-07-18,W2,Snack jagung Cheetos,Snack,4.377342
2026-07-19,W2,Snack jagung Cheetos,Snack,4.3584127
2026-07-20,W2,Snack jagung Cheetos,Snack,3.172733
2026-07-21,W2,Snack jagung Cheetos,Snack,3.1273203
2026-07-22,W2,Snack jagung Cheetos,Snack,3.1263318
2026-07-23,W2,Snack jagung Cheetos,Snack,3.3192933
2026-07-24,W2,Snack jagung Cheetos,Snack,3.3622122
2026-07-18,W2,Snack kentang Qtela 60g,Snack,3.0314252
2026-07-19,W2,Snack kentang Qtela 60g,Snack,3.1412911
2026-07-20,W2,Snack kentang Qtela 60g,Snack,2.650157
2026-07-21,W2,Snack kentang Qtela 60g,Snack,2.7786176
2026-07-22,W2,Snack kentang Qtela 60g,Snack,2.7784219
2026-07-23,W2,Snack kentang Qtela 60g,Snack,2.539578
2026-07-24,W2,Snack kentang Qtela 60g,Snack,2.6092215
2026-07-18,W2,Sosis So Nice,Frozen,0.841362
2026-07-19,W2,Sosis So Nice,Frozen,0.7647607
2026-07-20,W2,Sosis So Nice,Frozen,0.6861244
2026-07-21,W2,Sosis So Nice,Frozen,0.6861244
2026-07-22,W2,Sosis So Nice,Frozen,0.68839604
2026-07-23,W2,Sosis So Nice,Frozen,0.7319502
2026-07-24,W2,Sosis So Nice,Frozen,0.7356145
2026-07-18,W2,Spaghetti La Fonte 225g,Mi,4.06103
2026-07-19,W2,Spaghetti La Fonte 225g,Mi,4.019608
2026-07-20,W2,Spaghetti La Fonte 225g,Mi,3.3440979
2026-07-21,W2,Spaghetti La Fonte 225g,Mi,3.31843
2026-07-22,W2,Spaghetti La Fonte 225g,Mi,3.4504852
2026-07-23,W2,Spaghetti La Fonte 225g,Mi,3.4533787
2026-07-24,W2,Spaghetti La Fonte 225g,Mi,3.4589832
2026-07-18,W2,Spidol Snowman,ATK,0.3502642
2026-07-19,W2,Spidol Snowman,ATK,0.38465533
2026-07-20,W2,Spidol Snowman,ATK,0.343581
2026-07-21,W2,Spidol Snowman,ATK,0.3421483
2026-07-22,W2,Spidol Snowman,ATK,0.3421483
2026-07-23,W2,Spidol Snowman,ATK,0.3421483
2026-07-24,W2,Spidol Snowman,ATK,0.34691527
2026-07-18,W2,Spons (kebersihan),Deterjen,1.0513525
2026-07-19,W2,Spons (kebersihan),Deterjen,1.0364276
2026-07-20,W2,Spons (kebersihan),Deterjen,0.81639236
2026-07-21,W2,Spons (kebersihan),Deterjen,0.81639236
2026-07-22,W2,Spons (kebersihan),Deterjen,0.81639236
2026-07-23,W2,Spons (kebersihan),Deterjen,0.809503
2026-07-24,W2,Spons (kebersihan),Deterjen,0.8141873
2026-07-18,W2,Sprite 390ml,Minuman,3.3268046
2026-07-19,W2,Sprite 390ml,Minuman,3.2060263
2026-07-20,W2,Sprite 390ml,Minuman,2.9522398
2026-07-21,W2,Sprite 390ml,Minuman,2.8015203
2026-07-22,W2,Sprite 390ml,Minuman,2.9689612
2026-07-23,W2,Sprite 390ml,Minuman,3.0040634
2026-07-24,W2,Sprite 390ml,Minuman,3.1180062
2026-07-18,W2,Sunlight 400ml,Deterjen,0.65873325
2026-07-19,W2,Sunlight 400ml,Deterjen,0.64869535
2026-07-20,W2,Sunlight 400ml,Deterjen,0.54975444
2026-07-21,W2,Sunlight 400ml,Deterjen,0.54975444
2026-07-22,W2,Sunlight 400ml,Deterjen,0.5632293
2026-07-23,W2,Sunlight 400ml,Deterjen,0.556021
2026-07-24,W2,Sunlight 400ml,Deterjen,0.56023425
2026-07-18,W2,Tali per meter,RumahTangga,0.26999557
2026-07-19,W2,Tali per meter,RumahTangga,0.2711261
2026-07-20,W2,Tali per meter,RumahTangga,0.19719866
2026-07-21,W2,Tali per meter,RumahTangga,0.26049942
2026-07-22,W2,Tali per meter,RumahTangga,0.26199695
2026-07-23,W2,Tali per meter,RumahTangga,0.19719866
2026-07-24,W2,Tali per meter,RumahTangga,0.19833231
2026-07-18,W2,Teh Botol Sosro 350ml,Minuman,6.124148
2026-07-19,W2,Teh Botol Sosro 350ml,Minuman,6.0877604
2026-07-20,W2,Teh Botol Sosro 350ml,Minuman,5.004552
2026-07-21,W2,Teh Botol Sosro 350ml,Minuman,5.254686
2026-07-22,W2,Teh Botol Sosro 350ml,Minuman,5.1897054
2026-07-23,W2,Teh Botol Sosro 350ml,Minuman,5.1992273
2026-07-24,W2,Teh Botol Sosro 350ml,Minuman,4.820426
2026-07-18,W2,Teh Pucuk 350ml,Minuman,6.042586
2026-07-19,W2,Teh Pucuk 350ml,Minuman,6.0261617
2026-07-20,W2,Teh Pucuk 350ml,Minuman,4.813118
2026-07-21,W2,Teh Pucuk 350ml,Minuman,4.696172
2026-07-22,W2,Teh Pucuk 350ml,Minuman,4.7049937
2026-07-23,W2,Teh Pucuk 350ml,Minuman,4.7647605
2026-07-24,W2,Teh Pucuk 350ml,Minuman,4.6485662
2026-07-18,W2,Teh Sariwangi 1 kantong,Sachet,4.91233
2026-07-19,W2,Teh Sariwangi 1 kantong,Sachet,4.3662214
2026-07-20,W2,Teh Sariwangi 1 kantong,Sachet,3.4782095
2026-07-21,W2,Teh Sariwangi 1 kantong,Sachet,3.8921208
2026-07-22,W2,Teh Sariwangi 1 kantong,Sachet,3.8981395
2026-07-23,W2,Teh Sariwangi 1 kantong,Sachet,3.9604354
2026-07-24,W2,Teh Sariwangi 1 kantong,Sachet,4.1827435
2026-07-18,W2,Teh Sariwangi 25 kantong,Sachet,2.9360566
2026-07-19,W2,Teh Sariwangi 25 kantong,Sachet,2.9480224
2026-07-20,W2,Teh Sariwangi 25 kantong,Sachet,2.6152186
2026-07-21,W2,Teh Sariwangi 25 kantong,Sachet,2.653255
2026-07-22,W2,Teh Sariwangi 25 kantong,Sachet,2.4780753
2026-07-23,W2,Teh Sariwangi 25 kantong,Sachet,2.443318
2026-07-24,W2,Teh Sariwangi 25 kantong,Sachet,2.7932935
2026-07-18,W2,Teh Tong Tji sachet,Sachet,2.723415
2026-07-19,W2,Teh Tong Tji sachet,Sachet,2.7070847
2026-07-20,W2,Teh Tong Tji sachet,Sachet,2.1431847
2026-07-21,W2,Teh Tong Tji sachet,Sachet,2.0959594
2026-07-22,W2,Teh Tong Tji sachet,Sachet,2.015491
2026-07-23,W2,Teh Tong Tji sachet,Sachet,1.9466037
2026-07-24,W2,Teh Tong Tji sachet,Sachet,1.9577963
2026-07-18,W2,Tempura 250g,Frozen,1.464897
2026-07-19,W2,Tempura 250g,Frozen,1.4543453
2026-07-20,W2,Tempura 250g,Frozen,1.2939585
2026-07-21,W2,Tempura 250g,Frozen,1.2596434
2026-07-22,W2,Tempura 250g,Frozen,1.2763842
2026-07-23,W2,Tempura 250g,Frozen,1.2090467
2026-07-24,W2,Tempura 250g,Frozen,1.2860916
2026-07-18,W2,Tepung beras Rose Brand 500g,Sembako,1.0526394
2026-07-19,W2,Tepung beras Rose Brand 500g,Sembako,1.0649166
2026-07-20,W2,Tepung beras Rose Brand 500g,Sembako,0.90080804
2026-07-21,W2,Tepung beras Rose Brand 500g,Sembako,0.9235556
2026-07-22,W2,Tepung beras Rose Brand 500g,Sembako,0.9253654
2026-07-23,W2,Tepung beras Rose Brand 500g,Sembako,0.9225913
2026-07-24,W2,Tepung beras Rose Brand 500g,Sembako,0.9126298
2026-07-18,W2,Tepung terigu Segitiga Biru 1kg,Sembako,1.4513863
2026-07-19,W2,Tepung terigu Segitiga Biru 1kg,Sembako,1.5609833
2026-07-20,W2,Tepung terigu Segitiga Biru 1kg,Sembako,1.314763
2026-07-21,W2,Tepung terigu Segitiga Biru 1kg,Sembako,1.3393654
2026-07-22,W2,Tepung terigu Segitiga Biru 1kg,Sembako,1.3494437
2026-07-23,W2,Tepung terigu Segitiga Biru 1kg,Sembako,1.3488368
2026-07-24,W2,Tepung terigu Segitiga Biru 1kg,Sembako,1.371766
2026-07-18,W2,Terasi ABC 20g,Bumbu,0.9062179
2026-07-19,W2,Terasi ABC 20g,Bumbu,0.9001623
2026-07-20,W2,Terasi ABC 20g,Bumbu,0.7876898
2026-07-21,W2,Terasi ABC 20g,Bumbu,0.78629225
2026-07-22,W2,Terasi ABC 20g,Bumbu,0.8015748
2026-07-23,W2,Terasi ABC 20g,Bumbu,0.9248416
2026-07-24,W2,Terasi ABC 20g,Bumbu,0.8386053
2026-07-18,W2,Terminal listrik,RumahTangga,0.13539788
2026-07-19,W2,Terminal listrik,RumahTangga,0.13539788
2026-07-20,W2,Terminal listrik,RumahTangga,0.13539788
2026-07-21,W2,Terminal listrik,RumahTangga,0.1393203
2026-07-22,W2,Terminal listrik,RumahTangga,0.1393203
2026-07-23,W2,Terminal listrik,RumahTangga,0.1393203
2026-07-24,W2,Terminal listrik,RumahTangga,0.1393203
2026-07-18,W2,Tisu basah Cussons,Tisu,0.5013059
2026-07-19,W2,Tisu basah Cussons,Tisu,0.4990748
2026-07-20,W2,Tisu basah Cussons,Tisu,0.47793242
2026-07-21,W2,Tisu basah Cussons,Tisu,0.47793242
2026-07-22,W2,Tisu basah Cussons,Tisu,0.47793242
2026-07-23,W2,Tisu basah Cussons,Tisu,0.43012682
2026-07-24,W2,Tisu basah Cussons,Tisu,0.43112272
2026-07-18,W2,Tusuk sate,Plastik,0.38694
2026-07-19,W2,Tusuk sate,Plastik,0.31221953
2026-07-20,W2,Tusuk sate,Plastik,0.3034498
2026-07-21,W2,Tusuk sate,Plastik,0.36559284
2026-07-22,W2,Tusuk sate,Plastik,0.36559284
2026-07-23,W2,Tusuk sate,Plastik,0.36559284
2026-07-24,W2,Tusuk sate,Plastik,0.36559284
2026-07-18,W2,Ultra Milk 250ml,Minuman,6.021092
2026-07-19,W2,Ultra Milk 250ml,Minuman,5.8224154
2026-07-20,W2,Ultra Milk 250ml,Minuman,4.886433
2026-07-21,W2,Ultra Milk 250ml,Minuman,5.133699
2026-07-22,W2,Ultra Milk 250ml,Minuman,5.212441
2026-07-23,W2,Ultra Milk 250ml,Minuman,5.097539
2026-07-24,W2,Ultra Milk 250ml,Minuman,5.3600974
2026-07-18,W2,Wipol 450ml,Deterjen,0.6469511
2026-07-19,W2,Wipol 450ml,Deterjen,0.61968416
2026-07-20,W2,Wipol 450ml,Deterjen,0.5305679
2026-07-21,W2,Wipol 450ml,Deterjen,0.5305679
2026-07-22,W2,Wipol 450ml,Deterjen,0.5305679
2026-07-23,W2,Wipol 450ml,Deterjen,0.5305679
2026-07-24,W2,Wipol 450ml,Deterjen,0.5500178
2026-07-18,W3,Aluminium foil,Plastik,0.43752742
2026-07-19,W3,Aluminium foil,Plastik,0.43818468
2026-07-20,W3,Aluminium foil,Plastik,0.3828914
2026-07-21,W3,Aluminium foil,Plastik,0.3828914
2026-07-22,W3,Aluminium foil,Plastik,0.3828914
2026-07-23,W3,Aluminium foil,Plastik,0.3828914
2026-07-24,W3,Aluminium foil,Plastik,0.3828914
2026-07-18,W3,Amplop,ATK,0.17563964
2026-07-19,W3,Amplop,ATK,0.17541428
2026-07-20,W3,Amplop,ATK,0.17248718
2026-07-21,W3,Amplop,ATK,0.17248718
2026-07-22,W3,Amplop,ATK,0.17248718
2026-07-23,W3,Amplop,ATK,0.17248718
2026-07-24,W3,Amplop,ATK,0.17248718
2026-07-18,W3,Antangin sachet,Obat,0.3605012
2026-07-19,W3,Antangin sachet,Obat,0.36228874
2026-07-20,W3,Antangin sachet,Obat,0.34781915
2026-07-21,W3,Antangin sachet,Obat,0.34781915
2026-07-22,W3,Antangin sachet,Obat,0.34781915
2026-07-23,W3,Antangin sachet,Obat,0.34955886
2026-07-24,W3,Antangin sachet,Obat,0.33615175
2026-07-18,W3,Aqua 330ml,Minuman,1.4109547
2026-07-19,W3,Aqua 330ml,Minuman,1.3569098
2026-07-20,W3,Aqua 330ml,Minuman,1.0326719
2026-07-21,W3,Aqua 330ml,Minuman,1.0072011
2026-07-22,W3,Aqua 330ml,Minuman,0.9944986
2026-07-23,W3,Aqua 330ml,Minuman,1.0508395
2026-07-24,W3,Aqua 330ml,Minuman,1.1113613
2026-07-18,W3,Astor,Snack,0.5437081
2026-07-19,W3,Astor,Snack,0.54359853
2026-07-20,W3,Astor,Snack,0.49433303
2026-07-21,W3,Astor,Snack,0.49433303
2026-07-22,W3,Astor,Snack,0.49433303
2026-07-23,W3,Astor,Snack,0.51921654
2026-07-24,W3,Astor,Snack,0.49433303
2026-07-18,W3,Attack sachet,Deterjen,0.95032966
2026-07-19,W3,Attack sachet,Deterjen,0.9409596
2026-07-20,W3,Attack sachet,Deterjen,0.76744425
2026-07-21,W3,Attack sachet,Deterjen,0.7688558
2026-07-22,W3,Attack sachet,Deterjen,0.7688558
2026-07-23,W3,Attack sachet,Deterjen,0.7795129
2026-07-24,W3,Attack sachet,Deterjen,0.8149
2026-07-18,W3,Balsem Geliga 20g,Obat,0.26855728
2026-07-19,W3,Balsem Geliga 20g,Obat,0.25995648
2026-07-20,W3,Balsem Geliga 20g,Obat,0.2508941
2026-07-21,W3,Balsem Geliga 20g,Obat,0.2508941
2026-07-22,W3,Balsem Geliga 20g,Obat,0.2508941
2026-07-23,W3,Balsem Geliga 20g,Obat,0.2508941
2026-07-24,W3,Balsem Geliga 20g,Obat,0.2508941
2026-07-18,W3,Basreng 100g,Snack,0.7557458
2026-07-19,W3,Basreng 100g,Snack,0.737772
2026-07-20,W3,Basreng 100g,Snack,0.63295954
2026-07-21,W3,Basreng 100g,Snack,0.63295954
2026-07-22,W3,Basreng 100g,Snack,0.6723035
2026-07-23,W3,Basreng 100g,Snack,0.6723035
2026-07-24,W3,Basreng 100g,Snack,0.67386013
2026-07-18,W3,Baterai AA ABC 2pcs,RumahTangga,0.120715864
2026-07-19,W3,Baterai AA ABC 2pcs,RumahTangga,0.120715864
2026-07-20,W3,Baterai AA ABC 2pcs,RumahTangga,0.120715864
2026-07-21,W3,Baterai AA ABC 2pcs,RumahTangga,0.120715864
2026-07-22,W3,Baterai AA ABC 2pcs,RumahTangga,0.120715864
2026-07-23,W3,Baterai AA ABC 2pcs,RumahTangga,0.120715864
2026-07-24,W3,Baterai AA ABC 2pcs,RumahTangga,0.120715864
2026-07-18,W3,Baterai AAA ABC 2pcs,RumahTangga,0.15765308
2026-07-19,W3,Baterai AAA ABC 2pcs,RumahTangga,0.15765308
2026-07-20,W3,Baterai AAA ABC 2pcs,RumahTangga,0.14130415
2026-07-21,W3,Baterai AAA ABC 2pcs,RumahTangga,0.14130415
2026-07-22,W3,Baterai AAA ABC 2pcs,RumahTangga,0.14130415
2026-07-23,W3,Baterai AAA ABC 2pcs,RumahTangga,0.14130415
2026-07-24,W3,Baterai AAA ABC 2pcs,RumahTangga,0.14130415
2026-07-18,W3,Bawang goreng 50g,Bumbu,1.5301908
2026-07-19,W3,Bawang goreng 50g,Bumbu,1.4962883
2026-07-20,W3,Bawang goreng 50g,Bumbu,1.2868631
2026-07-21,W3,Bawang goreng 50g,Bumbu,1.2934562
2026-07-22,W3,Bawang goreng 50g,Bumbu,1.2614486
2026-07-23,W3,Bawang goreng 50g,Bumbu,1.289947
2026-07-24,W3,Bawang goreng 50g,Bumbu,1.255368
2026-07-18,W3,Beras medium 1kg,Sembako,3.2912667
2026-07-19,W3,Beras medium 1kg,Sembako,3.269739
2026-07-20,W3,Beras medium 1kg,Sembako,2.6766975
2026-07-21,W3,Beras medium 1kg,Sembako,2.6746929
2026-07-22,W3,Beras medium 1kg,Sembako,2.6862607
2026-07-23,W3,Beras medium 1kg,Sembako,2.7363095
2026-07-24,W3,Beras medium 1kg,Sembako,2.7521508
2026-07-18,W3,Beras medium SPHP 5kg,Sembako,0.5967783
2026-07-19,W3,Beras medium SPHP 5kg,Sembako,0.5281566
2026-07-20,W3,Beras medium SPHP 5kg,Sembako,0.45429182
2026-07-21,W3,Beras medium SPHP 5kg,Sembako,0.43146452
2026-07-22,W3,Beras medium SPHP 5kg,Sembako,0.43146452
2026-07-23,W3,Beras medium SPHP 5kg,Sembako,0.45429182
2026-07-24,W3,Beras medium SPHP 5kg,Sembako,0.51592773
2026-07-18,W3,Beras premium 10kg,Sembako,0.07879754
2026-07-19,W3,Beras premium 10kg,Sembako,0.07879754
2026-07-20,W3,Beras premium 10kg,Sembako,0.07879754
2026-07-21,W3,Beras premium 10kg,Sembako,0.07879754
2026-07-22,W3,Beras premium 10kg,Sembako,0.07879754
2026-07-23,W3,Beras premium 10kg,Sembako,0.07879754
2026-07-24,W3,Beras premium 10kg,Sembako,0.07879754
2026-07-18,W3,Bihun Rose Brand 320g,Mi,0.7962624
2026-07-19,W3,Bihun Rose Brand 320g,Mi,0.75716573
2026-07-20,W3,Bihun Rose Brand 320g,Mi,0.62879866
2026-07-21,W3,Bihun Rose Brand 320g,Mi,0.62244266
2026-07-22,W3,Bihun Rose Brand 320g,Mi,0.6238117
2026-07-23,W3,Bihun Rose Brand 320g,Mi,0.62126416
2026-07-24,W3,Bihun Rose Brand 320g,Mi,0.6227026
2026-07-18,W3,Biskuit bayi Promina 100g,Bayi,0.2049956
2026-07-19,W3,Biskuit bayi Promina 100g,Bayi,0.18494183
2026-07-20,W3,Biskuit bayi Promina 100g,Bayi,0.18004254
2026-07-21,W3,Biskuit bayi Promina 100g,Bayi,0.18004254
2026-07-22,W3,Biskuit bayi Promina 100g,Bayi,0.17671275
2026-07-23,W3,Biskuit bayi Promina 100g,Bayi,0.17671275
2026-07-24,W3,Biskuit bayi Promina 100g,Bayi,0.17671275
2026-07-18,W3,Body lotion Citra 100ml,Perawatan,0.38609356
2026-07-19,W3,Body lotion Citra 100ml,Perawatan,0.38947684
2026-07-20,W3,Body lotion Citra 100ml,Perawatan,0.38022316
2026-07-21,W3,Body lotion Citra 100ml,Perawatan,0.38595837
2026-07-22,W3,Body lotion Citra 100ml,Perawatan,0.38595837
2026-07-23,W3,Body lotion Citra 100ml,Perawatan,0.38595837
2026-07-24,W3,Body lotion Citra 100ml,Perawatan,0.3787124
2026-07-18,W3,Bohlam LED Hannochs 9W,RumahTangga,0.13157105
2026-07-19,W3,Bohlam LED Hannochs 9W,RumahTangga,0.13628991
2026-07-20,W3,Bohlam LED Hannochs 9W,RumahTangga,0.13500701
2026-07-21,W3,Bohlam LED Hannochs 9W,RumahTangga,0.13500701
2026-07-22,W3,Bohlam LED Hannochs 9W,RumahTangga,0.13500701
2026-07-23,W3,Bohlam LED Hannochs 9W,RumahTangga,0.13500701
2026-07-24,W3,Bohlam LED Hannochs 9W,RumahTangga,0.13500701
2026-07-18,W3,Bohlam LED Philips 5W,RumahTangga,0.117959015
2026-07-19,W3,Bohlam LED Philips 5W,RumahTangga,0.117959015
2026-07-20,W3,Bohlam LED Philips 5W,RumahTangga,0.117959015
2026-07-21,W3,Bohlam LED Philips 5W,RumahTangga,0.117959015
2026-07-22,W3,Bohlam LED Philips 5W,RumahTangga,0.117959015
2026-07-23,W3,Bohlam LED Philips 5W,RumahTangga,0.117959015
2026-07-24,W3,Bohlam LED Philips 5W,RumahTangga,0.119658016
2026-07-18,W3,Buavita 250ml,Minuman,3.212395
2026-07-19,W3,Buavita 250ml,Minuman,3.2786002
2026-07-20,W3,Buavita 250ml,Minuman,2.6452007
2026-07-21,W3,Buavita 250ml,Minuman,2.7146819
2026-07-22,W3,Buavita 250ml,Minuman,2.642846
2026-07-23,W3,Buavita 250ml,Minuman,2.641304
2026-07-24,W3,Buavita 250ml,Minuman,2.8407788
2026-07-18,W3,Bubur bayi Promina 120g,Bayi,0.17888774
2026-07-19,W3,Bubur bayi Promina 120g,Bayi,0.17968872
2026-07-20,W3,Bubur bayi Promina 120g,Bayi,0.20223725
2026-07-21,W3,Bubur bayi Promina 120g,Bayi,0.20609586
2026-07-22,W3,Bubur bayi Promina 120g,Bayi,0.20609586
2026-07-23,W3,Bubur bayi Promina 120g,Bayi,0.19498135
2026-07-24,W3,Bubur bayi Promina 120g,Bayi,0.20609586
2026-07-18,W3,Bubur instan 50g,Mi,0.7111709
2026-07-19,W3,Bubur instan 50g,Mi,0.7111709
2026-07-20,W3,Bubur instan 50g,Mi,0.6455816
2026-07-21,W3,Bubur instan 50g,Mi,0.6455816
2026-07-22,W3,Bubur instan 50g,Mi,0.62327164
2026-07-23,W3,Bubur instan 50g,Mi,0.62327164
2026-07-24,W3,Bubur instan 50g,Mi,0.647719
2026-07-18,W3,Buku gambar,ATK,0.13999306
2026-07-19,W3,Buku gambar,ATK,0.13999306
2026-07-20,W3,Buku gambar,ATK,0.13952854
2026-07-21,W3,Buku gambar,ATK,0.13952854
2026-07-22,W3,Buku gambar,ATK,0.13952854
2026-07-23,W3,Buku gambar,ATK,0.13952854
2026-07-24,W3,Buku gambar,ATK,0.13952854
2026-07-18,W3,Buku tulis Kiky,ATK,0.18550181
2026-07-19,W3,Buku tulis Kiky,ATK,0.18539765
2026-07-20,W3,Buku tulis Kiky,ATK,0.18138753
2026-07-21,W3,Buku tulis Kiky,ATK,0.18138753
2026-07-22,W3,Buku tulis Kiky,ATK,0.18138753
2026-07-23,W3,Buku tulis Kiky,ATK,0.18138753
2026-07-24,W3,Buku tulis Kiky,ATK,0.18138753
2026-07-18,W3,Buku tulis Sinar Dunia,ATK,0.21055868
2026-07-19,W3,Buku tulis Sinar Dunia,ATK,0.21134879
2026-07-20,W3,Buku tulis Sinar Dunia,ATK,0.2073575
2026-07-21,W3,Buku tulis Sinar Dunia,ATK,0.20509446
2026-07-22,W3,Buku tulis Sinar Dunia,ATK,0.20509446
2026-07-23,W3,Buku tulis Sinar Dunia,ATK,0.20509446
2026-07-24,W3,Buku tulis Sinar Dunia,ATK,0.2042315
2026-07-18,W3,Charger,RumahTangga,0.1024852
2026-07-19,W3,Charger,RumahTangga,0.1024852
2026-07-20,W3,Charger,RumahTangga,0.1024852
2026-07-21,W3,Charger,RumahTangga,0.1024852
2026-07-22,W3,Charger,RumahTangga,0.1024852
2026-07-23,W3,Charger,RumahTangga,0.1024852
2026-07-24,W3,Charger,RumahTangga,0.1024852
2026-07-18,W3,Chocolatos sachet,Sachet,1.6550162
2026-07-19,W3,Chocolatos sachet,Sachet,1.6421543
2026-07-20,W3,Chocolatos sachet,Sachet,1.4027721
2026-07-21,W3,Chocolatos sachet,Sachet,1.4206841
2026-07-22,W3,Chocolatos sachet,Sachet,1.4363428
2026-07-23,W3,Chocolatos sachet,Sachet,1.4231405
2026-07-24,W3,Chocolatos sachet,Sachet,1.4400066
2026-07-18,W3,Cokelat SilverQueen,Snack,0.6672983
2026-07-19,W3,Cokelat SilverQueen,Snack,0.6537616
2026-07-20,W3,Cokelat SilverQueen,Snack,0.59607905
2026-07-21,W3,Cokelat SilverQueen,Snack,0.59607905
2026-07-22,W3,Cokelat SilverQueen,Snack,0.5956644
2026-07-23,W3,Cokelat SilverQueen,Snack,0.59369874
2026-07-24,W3,Cokelat SilverQueen,Snack,0.59369874
2026-07-18,W3,Cornetto,Frozen,0.79241407
2026-07-19,W3,Cornetto,Frozen,0.78358394
2026-07-20,W3,Cornetto,Frozen,0.7239112
2026-07-21,W3,Cornetto,Frozen,0.72316724
2026-07-22,W3,Cornetto,Frozen,0.7149423
2026-07-23,W3,Cornetto,Frozen,0.72449136
2026-07-24,W3,Cornetto,Frozen,0.69889027
2026-07-18,W3,Cotton bud Selection,Tisu,0.3850904
2026-07-19,W3,Cotton bud Selection,Tisu,0.4385447
2026-07-20,W3,Cotton bud Selection,Tisu,0.43590173
2026-07-21,W3,Cotton bud Selection,Tisu,0.43590173
2026-07-22,W3,Cotton bud Selection,Tisu,0.43590173
2026-07-23,W3,Cotton bud Selection,Tisu,0.43590173
2026-07-24,W3,Cotton bud Selection,Tisu,0.43590173
2026-07-18,W3,Cutter Joyko,ATK,0.133115
2026-07-19,W3,Cutter Joyko,ATK,0.13371101
2026-07-20,W3,Cutter Joyko,ATK,0.1312491
2026-07-21,W3,Cutter Joyko,ATK,0.1312491
2026-07-22,W3,Cutter Joyko,ATK,0.1312491
2026-07-23,W3,Cutter Joyko,ATK,0.1312491
2026-07-24,W3,Cutter Joyko,ATK,0.1312491
2026-07-18,W3,Deodoran Rexona 45ml,Perawatan,0.52026904
2026-07-19,W3,Deodoran Rexona 45ml,Perawatan,0.5158574
2026-07-20,W3,Deodoran Rexona 45ml,Perawatan,0.46329188
2026-07-21,W3,Deodoran Rexona 45ml,Perawatan,0.49914336
2026-07-22,W3,Deodoran Rexona 45ml,Perawatan,0.62899727
2026-07-23,W3,Deodoran Rexona 45ml,Perawatan,0.65397066
2026-07-24,W3,Deodoran Rexona 45ml,Perawatan,0.75117975
2026-07-18,W3,Deodoran Rexona sachet,Perawatan,0.78106695
2026-07-19,W3,Deodoran Rexona sachet,Perawatan,0.7799289
2026-07-20,W3,Deodoran Rexona sachet,Perawatan,0.71325225
2026-07-21,W3,Deodoran Rexona sachet,Perawatan,0.71690655
2026-07-22,W3,Deodoran Rexona sachet,Perawatan,0.7195247
2026-07-23,W3,Deodoran Rexona sachet,Perawatan,0.7103942
2026-07-24,W3,Deodoran Rexona sachet,Perawatan,0.712039
2026-07-18,W3,Djarum Super 12 batang,Rokok,1.1256957
2026-07-19,W3,Djarum Super 12 batang,Rokok,1.1141108
2026-07-20,W3,Djarum Super 12 batang,Rokok,1.0125612
2026-07-21,W3,Djarum Super 12 batang,Rokok,1.0487062
2026-07-22,W3,Djarum Super 12 batang,Rokok,0.9907366
2026-07-23,W3,Djarum Super 12 batang,Rokok,1.0082881
2026-07-24,W3,Djarum Super 12 batang,Rokok,1.047302
2026-07-18,W3,Djarum Super 16 batang,Rokok,1.4301056
2026-07-19,W3,Djarum Super 16 batang,Rokok,1.4082732
2026-07-20,W3,Djarum Super 16 batang,Rokok,1.2814599
2026-07-21,W3,Djarum Super 16 batang,Rokok,1.3428853
2026-07-22,W3,Djarum Super 16 batang,Rokok,1.3729043
2026-07-23,W3,Djarum Super 16 batang,Rokok,1.4172254
2026-07-24,W3,Djarum Super 16 batang,Rokok,1.4426695
2026-07-18,W3,Ember,RumahTangga,0.12235377
2026-07-19,W3,Ember,RumahTangga,0.12235377
2026-07-20,W3,Ember,RumahTangga,0.12604837
2026-07-21,W3,Ember,RumahTangga,0.1290878
2026-07-22,W3,Ember,RumahTangga,0.1290878
2026-07-23,W3,Ember,RumahTangga,0.1290878
2026-07-24,W3,Ember,RumahTangga,0.1290878
2026-07-18,W3,Es krim Magnum,Frozen,0.958728
2026-07-19,W3,Es krim Magnum,Frozen,0.97986746
2026-07-20,W3,Es krim Magnum,Frozen,0.8580469
2026-07-21,W3,Es krim Magnum,Frozen,0.85111386
2026-07-22,W3,Es krim Magnum,Frozen,0.85111386
2026-07-23,W3,Es krim Magnum,Frozen,0.85111386
2026-07-24,W3,Es krim Magnum,Frozen,0.86667454
2026-07-18,W3,Es krim cup Wall's,Frozen,0.57971585
2026-07-19,W3,Es krim cup Wall's,Frozen,0.5768076
2026-07-20,W3,Es krim cup Wall's,Frozen,0.5191053
2026-07-21,W3,Es krim cup Wall's,Frozen,0.5191053
2026-07-22,W3,Es krim cup Wall's,Frozen,0.5191053
2026-07-23,W3,Es krim cup Wall's,Frozen,0.5635639
2026-07-24,W3,Es krim cup Wall's,Frozen,0.52030724
2026-07-18,W3,Esse 16 batang,Rokok,1.1595317
2026-07-19,W3,Esse 16 batang,Rokok,1.150478
2026-07-20,W3,Esse 16 batang,Rokok,0.9553646
2026-07-21,W3,Esse 16 batang,Rokok,0.9497396
2026-07-22,W3,Esse 16 batang,Rokok,0.95878106
2026-07-23,W3,Esse 16 batang,Rokok,0.9506903
2026-07-24,W3,Esse 16 batang,Rokok,0.9465019
2026-07-18,W3,FreshCare 10ml,Obat,0.44583857
2026-07-19,W3,FreshCare 10ml,Obat,0.44526652
2026-07-20,W3,FreshCare 10ml,Obat,0.3985965
2026-07-21,W3,FreshCare 10ml,Obat,0.3985965
2026-07-22,W3,FreshCare 10ml,Obat,0.3985965
2026-07-23,W3,FreshCare 10ml,Obat,0.42814887
2026-07-24,W3,FreshCare 10ml,Obat,0.4137091
2026-07-18,W3,Garam Refina 500g,Sembako,1.591119
2026-07-19,W3,Garam Refina 500g,Sembako,1.5999694
2026-07-20,W3,Garam Refina 500g,Sembako,1.4877695
2026-07-21,W3,Garam Refina 500g,Sembako,1.397466
2026-07-22,W3,Garam Refina 500g,Sembako,1.6340537
2026-07-23,W3,Garam Refina 500g,Sembako,1.6293781
2026-07-24,W3,Garam Refina 500g,Sembako,1.6909633
2026-07-18,W3,Gayung,RumahTangga,0.14296748
2026-07-19,W3,Gayung,RumahTangga,0.13902625
2026-07-20,W3,Gayung,RumahTangga,0.13771759
2026-07-21,W3,Gayung,RumahTangga,0.13771759
2026-07-22,W3,Gayung,RumahTangga,0.13771759
2026-07-23,W3,Gayung,RumahTangga,0.13771759
2026-07-24,W3,Gayung,RumahTangga,0.13677892
2026-07-18,W3,Gelas plastik,Plastik,0.4339563
2026-07-19,W3,Gelas plastik,Plastik,0.40314397
2026-07-20,W3,Gelas plastik,Plastik,0.3983931
2026-07-21,W3,Gelas plastik,Plastik,0.39467528
2026-07-22,W3,Gelas plastik,Plastik,0.39467528
2026-07-23,W3,Gelas plastik,Plastik,0.37682348
2026-07-24,W3,Gelas plastik,Plastik,0.37682348
2026-07-18,W3,Good Day 250ml,Minuman,1.9510163
2026-07-19,W3,Good Day 250ml,Minuman,1.8883816
2026-07-20,W3,Good Day 250ml,Minuman,1.6475209
2026-07-21,W3,Good Day 250ml,Minuman,1.6502444
2026-07-22,W3,Good Day 250ml,Minuman,1.9185882
2026-07-23,W3,Good Day 250ml,Minuman,1.9339153
2026-07-24,W3,Good Day 250ml,Minuman,1.9360574
2026-07-18,W3,Gula pasir Gulaku 1kg,Sembako,1.0232264
2026-07-19,W3,Gula pasir Gulaku 1kg,Sembako,1.036233
2026-07-20,W3,Gula pasir Gulaku 1kg,Sembako,0.8759325
2026-07-21,W3,Gula pasir Gulaku 1kg,Sembako,0.880336
2026-07-22,W3,Gula pasir Gulaku 1kg,Sembako,0.86550933
2026-07-23,W3,Gula pasir Gulaku 1kg,Sembako,0.8659884
2026-07-24,W3,Gula pasir Gulaku 1kg,Sembako,0.8142178
2026-07-18,W3,Gunting Joyko,ATK,0.14545871
2026-07-19,W3,Gunting Joyko,ATK,0.17291945
2026-07-20,W3,Gunting Joyko,ATK,0.17088126
2026-07-21,W3,Gunting Joyko,ATK,0.16950674
2026-07-22,W3,Gunting Joyko,ATK,0.16950674
2026-07-23,W3,Gunting Joyko,ATK,0.16950674
2026-07-24,W3,Gunting Joyko,ATK,0.14360799
2026-07-18,W3,Hanger,RumahTangga,0.12499645
2026-07-19,W3,Hanger,RumahTangga,0.12867473
2026-07-20,W3,Hanger,RumahTangga,0.15810029
2026-07-21,W3,Hanger,RumahTangga,0.15810029
2026-07-22,W3,Hanger,RumahTangga,0.15810029
2026-07-23,W3,Hanger,RumahTangga,0.15810029
2026-07-24,W3,Hanger,RumahTangga,0.15869588
2026-07-18,W3,Hansaplast 10 pcs,Obat,0.1692036
2026-07-19,W3,Hansaplast 10 pcs,Obat,0.17154124
2026-07-20,W3,Hansaplast 10 pcs,Obat,0.16818567
2026-07-21,W3,Hansaplast 10 pcs,Obat,0.16818567
2026-07-22,W3,Hansaplast 10 pcs,Obat,0.16818567
2026-07-23,W3,Hansaplast 10 pcs,Obat,0.16818567
2026-07-24,W3,Hansaplast 10 pcs,Obat,0.16818567
2026-07-18,W3,Indomie Cup,Mi,0.68650657
2026-07-19,W3,Indomie Cup,Mi,0.6502049
2026-07-20,W3,Indomie Cup,Mi,0.58772254
2026-07-21,W3,Indomie Cup,Mi,0.61234623
2026-07-22,W3,Indomie Cup,Mi,0.59579676
2026-07-23,W3,Indomie Cup,Mi,0.6105105
2026-07-24,W3,Indomie Cup,Mi,0.61391276
2026-07-18,W3,Indomilk 190ml,Minuman,2.2447524
2026-07-19,W3,Indomilk 190ml,Minuman,2.3240173
2026-07-20,W3,Indomilk 190ml,Minuman,1.9859884
2026-07-21,W3,Indomilk 190ml,Minuman,1.9344592
2026-07-22,W3,Indomilk 190ml,Minuman,2.1466606
2026-07-23,W3,Indomilk 190ml,Minuman,2.133356
2026-07-24,W3,Indomilk 190ml,Minuman,2.1830072
2026-07-18,W3,Isolasi,RumahTangga,0.13770622
2026-07-19,W3,Isolasi,RumahTangga,0.13770622
2026-07-20,W3,Isolasi,RumahTangga,0.1373129
2026-07-21,W3,Isolasi,RumahTangga,0.1373129
2026-07-22,W3,Isolasi,RumahTangga,0.18293406
2026-07-23,W3,Isolasi,RumahTangga,0.18293406
2026-07-24,W3,Isolasi,RumahTangga,0.18293406
2026-07-18,W3,Kabel USB,RumahTangga,0.120926954
2026-07-19,W3,Kabel USB,RumahTangga,0.11920993
2026-07-20,W3,Kabel USB,RumahTangga,0.11895628
2026-07-21,W3,Kabel USB,RumahTangga,0.11895628
2026-07-22,W3,Kabel USB,RumahTangga,0.11895628
2026-07-23,W3,Kabel USB,RumahTangga,0.12066965
2026-07-24,W3,Kabel USB,RumahTangga,0.12066965
2026-07-18,W3,Kacang atom Garuda 100g,Snack,0.49794438
2026-07-19,W3,Kacang atom Garuda 100g,Snack,0.5013892
2026-07-20,W3,Kacang atom Garuda 100g,Snack,0.44168746
2026-07-21,W3,Kacang atom Garuda 100g,Snack,0.43913558
2026-07-22,W3,Kacang atom Garuda 100g,Snack,0.44063544
2026-07-23,W3,Kacang atom Garuda 100g,Snack,0.44036224
2026-07-24,W3,Kacang atom Garuda 100g,Snack,0.43028525
2026-07-18,W3,Kacang kulit Garuda 100g,Snack,0.29422978
2026-07-19,W3,Kacang kulit Garuda 100g,Snack,0.29385227
2026-07-20,W3,Kacang kulit Garuda 100g,Snack,0.33906743
2026-07-21,W3,Kacang kulit Garuda 100g,Snack,0.33906743
2026-07-22,W3,Kacang kulit Garuda 100g,Snack,0.33906743
2026-07-23,W3,Kacang kulit Garuda 100g,Snack,0.33906743
2026-07-24,W3,Kacang kulit Garuda 100g,Snack,0.33906743
2026-07-18,W3,Kaldu bubuk Royco 100g,Bumbu,1.7505074
2026-07-19,W3,Kaldu bubuk Royco 100g,Bumbu,1.7396617
2026-07-20,W3,Kaldu bubuk Royco 100g,Bumbu,1.5775952
2026-07-21,W3,Kaldu bubuk Royco 100g,Bumbu,1.6128248
2026-07-22,W3,Kaldu bubuk Royco 100g,Bumbu,1.7607898
2026-07-23,W3,Kaldu bubuk Royco 100g,Bumbu,1.7288944
2026-07-24,W3,Kaldu bubuk Royco 100g,Bumbu,1.7366297
2026-07-18,W3,Kantong sampah,Deterjen,1.2548326
2026-07-19,W3,Kantong sampah,Deterjen,1.2504817
2026-07-20,W3,Kantong sampah,Deterjen,1.1179053
2026-07-21,W3,Kantong sampah,Deterjen,1.1344634
2026-07-22,W3,Kantong sampah,Deterjen,1.1130763
2026-07-23,W3,Kantong sampah,Deterjen,1.1130763
2026-07-24,W3,Kantong sampah,Deterjen,1.1186486
2026-07-18,W3,Kapas Selection,Tisu,0.4452836
2026-07-19,W3,Kapas Selection,Tisu,0.4452836
2026-07-20,W3,Kapas Selection,Tisu,0.4002376
2026-07-21,W3,Kapas Selection,Tisu,0.3878808
2026-07-22,W3,Kapas Selection,Tisu,0.3878808
2026-07-23,W3,Kapas Selection,Tisu,0.4002376
2026-07-24,W3,Kapas Selection,Tisu,0.4002376
2026-07-18,W3,Karbol 500ml,Deterjen,1.0096347
2026-07-19,W3,Karbol 500ml,Deterjen,0.9947625
2026-07-20,W3,Karbol 500ml,Deterjen,0.8051779
2026-07-21,W3,Karbol 500ml,Deterjen,0.80930316
2026-07-22,W3,Karbol 500ml,Deterjen,0.8203109
2026-07-23,W3,Karbol 500ml,Deterjen,0.81793
2026-07-24,W3,Karbol 500ml,Deterjen,0.82733816
2026-07-18,W3,Kecap manis ABC 135ml,Bumbu,1.5053104
2026-07-19,W3,Kecap manis ABC 135ml,Bumbu,1.5758438
2026-07-20,W3,Kecap manis ABC 135ml,Bumbu,1.259577
2026-07-21,W3,Kecap manis ABC 135ml,Bumbu,1.196086
2026-07-22,W3,Kecap manis ABC 135ml,Bumbu,1.1109948
2026-07-23,W3,Kecap manis ABC 135ml,Bumbu,1.0248303
2026-07-24,W3,Kecap manis ABC 135ml,Bumbu,0.9731978
2026-07-18,W3,Kecap manis Bango 135ml,Bumbu,1.7274934
2026-07-19,W3,Kecap manis Bango 135ml,Bumbu,1.7152066
2026-07-20,W3,Kecap manis Bango 135ml,Bumbu,1.3773671
2026-07-21,W3,Kecap manis Bango 135ml,Bumbu,1.4022163
2026-07-22,W3,Kecap manis Bango 135ml,Bumbu,1.429439
2026-07-23,W3,Kecap manis Bango 135ml,Bumbu,1.4362575
2026-07-24,W3,Kecap manis Bango 135ml,Bumbu,1.4757034
2026-07-18,W3,Kecap manis Sedap 135ml,Bumbu,1.2241976
2026-07-19,W3,Kecap manis Sedap 135ml,Bumbu,1.2994728
2026-07-20,W3,Kecap manis Sedap 135ml,Bumbu,1.2016572
2026-07-21,W3,Kecap manis Sedap 135ml,Bumbu,1.257659
2026-07-22,W3,Kecap manis Sedap 135ml,Bumbu,1.2498859
2026-07-23,W3,Kecap manis Sedap 135ml,Bumbu,1.1598632
2026-07-24,W3,Kecap manis Sedap 135ml,Bumbu,1.2173225
2026-07-18,W3,Keripik kentang Chitato 68g,Snack,0.7256647
2026-07-19,W3,Keripik kentang Chitato 68g,Snack,0.72403795
2026-07-20,W3,Keripik kentang Chitato 68g,Snack,0.65864944
2026-07-21,W3,Keripik kentang Chitato 68g,Snack,0.6600515
2026-07-22,W3,Keripik kentang Chitato 68g,Snack,0.68478686
2026-07-23,W3,Keripik kentang Chitato 68g,Snack,0.682734
2026-07-24,W3,Keripik kentang Chitato 68g,Snack,0.682734
2026-07-18,W3,Khong Guan 200g,Snack,0.36205444
2026-07-19,W3,Khong Guan 200g,Snack,0.3615899
2026-07-20,W3,Khong Guan 200g,Snack,0.34072712
2026-07-21,W3,Khong Guan 200g,Snack,0.34072712
2026-07-22,W3,Khong Guan 200g,Snack,0.3528263
2026-07-23,W3,Khong Guan 200g,Snack,0.3528263
2026-07-24,W3,Khong Guan 200g,Snack,0.3528263
2026-07-18,W3,Kopi ABC sachet,Sachet,1.7443155
2026-07-19,W3,Kopi ABC sachet,Sachet,1.7185705
2026-07-20,W3,Kopi ABC sachet,Sachet,1.3231921
2026-07-21,W3,Kopi ABC sachet,Sachet,1.3356253
2026-07-22,W3,Kopi ABC sachet,Sachet,1.3275597
2026-07-23,W3,Kopi ABC sachet,Sachet,1.3218135
2026-07-24,W3,Kopi ABC sachet,Sachet,1.3304586
2026-07-18,W3,Kopi Good Day sachet,Sachet,3.8131185
2026-07-19,W3,Kopi Good Day sachet,Sachet,3.812154
2026-07-20,W3,Kopi Good Day sachet,Sachet,3.0110474
2026-07-21,W3,Kopi Good Day sachet,Sachet,3.222969
2026-07-22,W3,Kopi Good Day sachet,Sachet,3.1929436
2026-07-23,W3,Kopi Good Day sachet,Sachet,3.146138
2026-07-24,W3,Kopi Good Day sachet,Sachet,3.1628406
2026-07-18,W3,Kopi Torabika sachet,Sachet,2.3817637
2026-07-19,W3,Kopi Torabika sachet,Sachet,2.3785295
2026-07-20,W3,Kopi Torabika sachet,Sachet,1.9455757
2026-07-21,W3,Kopi Torabika sachet,Sachet,1.9783067
2026-07-22,W3,Kopi Torabika sachet,Sachet,1.9921834
2026-07-23,W3,Kopi Torabika sachet,Sachet,1.9906322
2026-07-24,W3,Kopi Torabika sachet,Sachet,2.0025628
2026-07-18,W3,Kopi susu Good Day sachet,Sachet,2.2511852
2026-07-19,W3,Kopi susu Good Day sachet,Sachet,2.369315
2026-07-20,W3,Kopi susu Good Day sachet,Sachet,2.1214144
2026-07-21,W3,Kopi susu Good Day sachet,Sachet,2.127509
2026-07-22,W3,Kopi susu Good Day sachet,Sachet,2.1456108
2026-07-23,W3,Kopi susu Good Day sachet,Sachet,2.1873515
2026-07-24,W3,Kopi susu Good Day sachet,Sachet,2.2130337
2026-07-18,W3,Kopi susu Torabika sachet,Sachet,2.2359488
2026-07-19,W3,Kopi susu Torabika sachet,Sachet,2.1805606
2026-07-20,W3,Kopi susu Torabika sachet,Sachet,1.8505855
2026-07-21,W3,Kopi susu Torabika sachet,Sachet,1.876909
2026-07-22,W3,Kopi susu Torabika sachet,Sachet,1.9692757
2026-07-23,W3,Kopi susu Torabika sachet,Sachet,1.8384871
2026-07-24,W3,Kopi susu Torabika sachet,Sachet,1.837611
2026-07-18,W3,Kopiko 78C 240ml,Minuman,1.7700976
2026-07-19,W3,Kopiko 78C 240ml,Minuman,1.8272568
2026-07-20,W3,Kopiko 78C 240ml,Minuman,1.557553
2026-07-21,W3,Kopiko 78C 240ml,Minuman,1.6211882
2026-07-22,W3,Kopiko 78C 240ml,Minuman,1.6549512
2026-07-23,W3,Kopiko 78C 240ml,Minuman,1.6549512
2026-07-24,W3,Kopiko 78C 240ml,Minuman,1.6991042
2026-07-18,W3,Korek gas,Rokok,1.9782482
2026-07-19,W3,Korek gas,Rokok,2.0702868
2026-07-20,W3,Korek gas,Rokok,1.6563387
2026-07-21,W3,Korek gas,Rokok,1.6253717
2026-07-22,W3,Korek gas,Rokok,1.6864095
2026-07-23,W3,Korek gas,Rokok,1.6318997
2026-07-24,W3,Korek gas,Rokok,1.662939
2026-07-18,W3,Kratingdaeng 150ml,Minuman,1.3661274
2026-07-19,W3,Kratingdaeng 150ml,Minuman,1.3366024
2026-07-20,W3,Kratingdaeng 150ml,Minuman,1.111881
2026-07-21,W3,Kratingdaeng 150ml,Minuman,1.1175776
2026-07-22,W3,Kratingdaeng 150ml,Minuman,1.1613532
2026-07-23,W3,Kratingdaeng 150ml,Minuman,1.1152442
2026-07-24,W3,Kratingdaeng 150ml,Minuman,1.092051
2026-07-18,W3,LPG 3kg,LPG,0.46447003
2026-07-19,W3,LPG 3kg,LPG,0.46213993
2026-07-20,W3,LPG 3kg,LPG,0.40113586
2026-07-21,W3,LPG 3kg,LPG,0.40113586
2026-07-22,W3,LPG 3kg,LPG,0.42859083
2026-07-23,W3,LPG 3kg,LPG,0.42859083
2026-07-24,W3,LPG 3kg,LPG,0.42975184
2026-07-18,W3,LPG 5.5kg,LPG,0.0947602
2026-07-19,W3,LPG 5.5kg,LPG,0.095601745
2026-07-20,W3,LPG 5.5kg,LPG,0.0947602
2026-07-21,W3,LPG 5.5kg,LPG,0.0947602
2026-07-22,W3,LPG 5.5kg,LPG,0.0947602
2026-07-23,W3,LPG 5.5kg,LPG,0.0947602
2026-07-24,W3,LPG 5.5kg,LPG,0.0947602
2026-07-18,W3,Lakban,RumahTangga,0.11575727
2026-07-19,W3,Lakban,RumahTangga,0.11575727
2026-07-20,W3,Lakban,RumahTangga,0.123564385
2026-07-21,W3,Lakban,RumahTangga,0.123564385
2026-07-22,W3,Lakban,RumahTangga,0.123564385
2026-07-23,W3,Lakban,RumahTangga,0.123564385
2026-07-24,W3,Lakban,RumahTangga,0.123564385
2026-07-18,W3,Lap dapur,Plastik,0.375882
2026-07-19,W3,Lap dapur,Plastik,0.38023752
2026-07-20,W3,Lap dapur,Plastik,0.3481464
2026-07-21,W3,Lap dapur,Plastik,0.34668687
2026-07-22,W3,Lap dapur,Plastik,0.34668687
2026-07-23,W3,Lap dapur,Plastik,0.34668687
2026-07-24,W3,Lap dapur,Plastik,0.34794435
2026-07-18,W3,Le Minerale 1.5L,Minuman,1.7219177
2026-07-19,W3,Le Minerale 1.5L,Minuman,1.7080911
2026-07-20,W3,Le Minerale 1.5L,Minuman,1.4242074
2026-07-21,W3,Le Minerale 1.5L,Minuman,1.3960578
2026-07-22,W3,Le Minerale 1.5L,Minuman,1.3808192
2026-07-23,W3,Le Minerale 1.5L,Minuman,1.4125152
2026-07-24,W3,Le Minerale 1.5L,Minuman,1.4106798
2026-07-18,W3,Le Minerale 600ml,Minuman,1.3304633
2026-07-19,W3,Le Minerale 600ml,Minuman,1.2782009
2026-07-20,W3,Le Minerale 600ml,Minuman,1.0105561
2026-07-21,W3,Le Minerale 600ml,Minuman,0.9911903
2026-07-22,W3,Le Minerale 600ml,Minuman,0.94657767
2026-07-23,W3,Le Minerale 600ml,Minuman,0.9012685
2026-07-24,W3,Le Minerale 600ml,Minuman,0.90010196
2026-07-18,W3,Lem Alteco,RumahTangga,0.13086312
2026-07-19,W3,Lem Alteco,RumahTangga,0.13144909
2026-07-20,W3,Lem Alteco,RumahTangga,0.12902883
2026-07-21,W3,Lem Alteco,RumahTangga,0.12902883
2026-07-22,W3,Lem Alteco,RumahTangga,0.12902883
2026-07-23,W3,Lem Alteco,RumahTangga,0.12902883
2026-07-24,W3,Lem Alteco,RumahTangga,0.12902883
2026-07-18,W3,Lem Fox 10g,ATK,0.16318002
2026-07-19,W3,Lem Fox 10g,ATK,0.16325174
2026-07-20,W3,Lem Fox 10g,ATK,0.1629149
2026-07-21,W3,Lem Fox 10g,ATK,0.15819433
2026-07-22,W3,Lem Fox 10g,ATK,0.15819433
2026-07-23,W3,Lem Fox 10g,ATK,0.15819433
2026-07-24,W3,Lem Fox 10g,ATK,0.15819433
2026-07-18,W3,Lem ban,LPG,0.48687106
2026-07-19,W3,Lem ban,LPG,0.4904021
2026-07-20,W3,Lem ban,LPG,0.44492584
2026-07-21,W3,Lem ban,LPG,0.44596928
2026-07-22,W3,Lem ban,LPG,0.45064873
2026-07-23,W3,Lem ban,LPG,0.44523418
2026-07-24,W3,Lem ban,LPG,0.448115
2026-07-18,W3,Lilin,RumahTangga,0.11955251
2026-07-19,W3,Lilin,RumahTangga,0.11955251
2026-07-20,W3,Lilin,RumahTangga,0.11955251
2026-07-21,W3,Lilin,RumahTangga,0.11955251
2026-07-22,W3,Lilin,RumahTangga,0.11955251
2026-07-23,W3,Lilin,RumahTangga,0.11955251
2026-07-24,W3,Lilin,RumahTangga,0.11955251
2026-07-18,W3,Mama Lemon 400ml,Deterjen,0.6124206
2026-07-19,W3,Mama Lemon 400ml,Deterjen,0.6124206
2026-07-20,W3,Mama Lemon 400ml,Deterjen,0.51891845
2026-07-21,W3,Mama Lemon 400ml,Deterjen,0.50198364
2026-07-22,W3,Mama Lemon 400ml,Deterjen,0.47344902
2026-07-23,W3,Mama Lemon 400ml,Deterjen,0.49597538
2026-07-24,W3,Mama Lemon 400ml,Deterjen,0.4945425
2026-07-18,W3,Map,ATK,0.15452872
2026-07-19,W3,Map,ATK,0.15522064
2026-07-20,W3,Map,ATK,0.1510405
2026-07-21,W3,Map,ATK,0.1510405
2026-07-22,W3,Map,ATK,0.1510405
2026-07-23,W3,Map,ATK,0.1510405
2026-07-24,W3,Map,ATK,0.1510405
2026-07-18,W3,Margarin Blue Band 200g,Sembako,1.3232704
2026-07-19,W3,Margarin Blue Band 200g,Sembako,1.2082101
2026-07-20,W3,Margarin Blue Band 200g,Sembako,0.98469174
2026-07-21,W3,Margarin Blue Band 200g,Sembako,0.9912626
2026-07-22,W3,Margarin Blue Band 200g,Sembako,1.0456034
2026-07-23,W3,Margarin Blue Band 200g,Sembako,1.0765637
2026-07-24,W3,Margarin Blue Band 200g,Sembako,1.1157701
2026-07-18,W3,Margarin Blue Band 500g,Sembako,1.2253455
2026-07-19,W3,Margarin Blue Band 500g,Sembako,1.1972414
2026-07-20,W3,Margarin Blue Band 500g,Sembako,0.90864766
2026-07-21,W3,Margarin Blue Band 500g,Sembako,0.90193236
2026-07-22,W3,Margarin Blue Band 500g,Sembako,0.9188673
2026-07-23,W3,Margarin Blue Band 500g,Sembako,0.9053603
2026-07-24,W3,Margarin Blue Band 500g,Sembako,0.90989274
2026-07-18,W3,Marlboro 16 batang,Rokok,1.1369023
2026-07-19,W3,Marlboro 16 batang,Rokok,1.0651424
2026-07-20,W3,Marlboro 16 batang,Rokok,0.91643226
2026-07-21,W3,Marlboro 16 batang,Rokok,0.9428034
2026-07-22,W3,Marlboro 16 batang,Rokok,0.9479715
2026-07-23,W3,Marlboro 16 batang,Rokok,0.9479715
2026-07-24,W3,Marlboro 16 batang,Rokok,1.0111853
2026-07-18,W3,Masker,Obat,0.60510236
2026-07-19,W3,Masker,Obat,0.6675978
2026-07-20,W3,Masker,Obat,0.57368726
2026-07-21,W3,Masker,Obat,0.57368726
2026-07-22,W3,Masker,Obat,0.57368726
2026-07-23,W3,Masker,Obat,0.47503462
2026-07-24,W3,Masker,Obat,0.4761345
2026-07-18,W3,Merica bubuk Ladaku,Bumbu,1.2730508
2026-07-19,W3,Merica bubuk Ladaku,Bumbu,1.2417679
2026-07-20,W3,Merica bubuk Ladaku,Bumbu,1.0630649
2026-07-21,W3,Merica bubuk Ladaku,Bumbu,1.155735
2026-07-22,W3,Merica bubuk Ladaku,Bumbu,1.1523591
2026-07-23,W3,Merica bubuk Ladaku,Bumbu,1.1494012
2026-07-24,W3,Merica bubuk Ladaku,Bumbu,1.0909176
2026-07-18,W3,Mi goreng Sarimi,Mi,1.1343068
2026-07-19,W3,Mi goreng Sarimi,Mi,1.0730937
2026-07-20,W3,Mi goreng Sarimi,Mi,0.83891654
2026-07-21,W3,Mi goreng Sarimi,Mi,0.8217921
2026-07-22,W3,Mi goreng Sarimi,Mi,0.8316027
2026-07-23,W3,Mi goreng Sarimi,Mi,0.8122077
2026-07-24,W3,Mi goreng Sarimi,Mi,0.8303416
2026-07-18,W3,Mi goreng Sedaap,Mi,1.1081928
2026-07-19,W3,Mi goreng Sedaap,Mi,1.0832181
2026-07-20,W3,Mi goreng Sedaap,Mi,0.8793085
2026-07-21,W3,Mi goreng Sedaap,Mi,0.88647103
2026-07-22,W3,Mi goreng Sedaap,Mi,0.8856479
2026-07-23,W3,Mi goreng Sedaap,Mi,0.88299286
2026-07-24,W3,Mi goreng Sedaap,Mi,0.92892003
2026-07-18,W3,Mi jumbo Indomie,Mi,0.74752766
2026-07-19,W3,Mi jumbo Indomie,Mi,0.8349415
2026-07-20,W3,Mi jumbo Indomie,Mi,0.74925107
2026-07-21,W3,Mi jumbo Indomie,Mi,0.75048935
2026-07-22,W3,Mi jumbo Indomie,Mi,0.74725765
2026-07-23,W3,Mi jumbo Indomie,Mi,0.75626683
2026-07-24,W3,Mi jumbo Indomie,Mi,0.7577743
2026-07-18,W3,Mi kari ayam Indomie,Mi,0.55929
2026-07-19,W3,Mi kari ayam Indomie,Mi,0.51380605
2026-07-20,W3,Mi kari ayam Indomie,Mi,0.47657695
2026-07-21,W3,Mi kari ayam Indomie,Mi,0.47657695
2026-07-22,W3,Mi kari ayam Indomie,Mi,0.47657695
2026-07-23,W3,Mi kari ayam Indomie,Mi,0.47657695
2026-07-24,W3,Mi kari ayam Indomie,Mi,0.4636311
2026-07-18,W3,Mi soto Indomie,Mi,0.8622698
2026-07-19,W3,Mi soto Indomie,Mi,0.8128322
2026-07-20,W3,Mi soto Indomie,Mi,0.733324
2026-07-21,W3,Mi soto Indomie,Mi,0.73123264
2026-07-22,W3,Mi soto Indomie,Mi,0.7419155
2026-07-23,W3,Mi soto Indomie,Mi,0.7438298
2026-07-24,W3,Mi soto Indomie,Mi,0.7325159
2026-07-18,W3,Milo sachet,Sachet,1.7147423
2026-07-19,W3,Milo sachet,Sachet,1.7183237
2026-07-20,W3,Milo sachet,Sachet,1.4274623
2026-07-21,W3,Milo sachet,Sachet,1.4072504
2026-07-22,W3,Milo sachet,Sachet,1.5218611
2026-07-23,W3,Milo sachet,Sachet,1.4535649
2026-07-24,W3,Milo sachet,Sachet,1.4286789
2026-07-18,W3,Minyak goreng Bimoli 1L,Sembako,1.3584442
2026-07-19,W3,Minyak goreng Bimoli 1L,Sembako,1.3543558
2026-07-20,W3,Minyak goreng Bimoli 1L,Sembako,1.0997338
2026-07-21,W3,Minyak goreng Bimoli 1L,Sembako,1.0336586
2026-07-22,W3,Minyak goreng Bimoli 1L,Sembako,1.0363424
2026-07-23,W3,Minyak goreng Bimoli 1L,Sembako,1.0410612
2026-07-24,W3,Minyak goreng Bimoli 1L,Sembako,1.0462729
2026-07-18,W3,Minyak goreng Fortune 1L,Sembako,1.5533758
2026-07-19,W3,Minyak goreng Fortune 1L,Sembako,1.5925801
2026-07-20,W3,Minyak goreng Fortune 1L,Sembako,1.3347687
2026-07-21,W3,Minyak goreng Fortune 1L,Sembako,1.3294852
2026-07-22,W3,Minyak goreng Fortune 1L,Sembako,1.2716295
2026-07-23,W3,Minyak goreng Fortune 1L,Sembako,1.2716295
2026-07-24,W3,Minyak goreng Fortune 1L,Sembako,1.2998165
2026-07-18,W3,Minyak kayu putih Cap Lang 30ml (Bayi),Bayi,0.2739011
2026-07-19,W3,Minyak kayu putih Cap Lang 30ml (Bayi),Bayi,0.2750108
2026-07-20,W3,Minyak kayu putih Cap Lang 30ml (Bayi),Bayi,0.26633614
2026-07-21,W3,Minyak kayu putih Cap Lang 30ml (Bayi),Bayi,0.24753398
2026-07-22,W3,Minyak kayu putih Cap Lang 30ml (Bayi),Bayi,0.25190845
2026-07-23,W3,Minyak kayu putih Cap Lang 30ml (Bayi),Bayi,0.2485313
2026-07-24,W3,Minyak kayu putih Cap Lang 30ml (Bayi),Bayi,0.24946755
2026-07-18,W3,Minyak kayu putih Cap Lang 30ml (Obat),Obat,0.26352385
2026-07-19,W3,Minyak kayu putih Cap Lang 30ml (Obat),Obat,0.26582432
2026-07-20,W3,Minyak kayu putih Cap Lang 30ml (Obat),Obat,0.25416204
2026-07-21,W3,Minyak kayu putih Cap Lang 30ml (Obat),Obat,0.25416204
2026-07-22,W3,Minyak kayu putih Cap Lang 30ml (Obat),Obat,0.25416204
2026-07-23,W3,Minyak kayu putih Cap Lang 30ml (Obat),Obat,0.24358618
2026-07-24,W3,Minyak kayu putih Cap Lang 30ml (Obat),Obat,0.24358618
2026-07-18,W3,Minyak rem 100ml,LPG,0.38695705
2026-07-19,W3,Minyak rem 100ml,LPG,0.39804778
2026-07-20,W3,Minyak rem 100ml,LPG,0.36346155
2026-07-21,W3,Minyak rem 100ml,LPG,0.36006978
2026-07-22,W3,Minyak rem 100ml,LPG,0.36006978
2026-07-23,W3,Minyak rem 100ml,LPG,0.36006978
2026-07-24,W3,Minyak rem 100ml,LPG,0.36006978
2026-07-18,W3,Minyak telon My Baby 60ml,Bayi,0.25676683
2026-07-19,W3,Minyak telon My Baby 60ml,Bayi,0.25577375
2026-07-20,W3,Minyak telon My Baby 60ml,Bayi,0.24771757
2026-07-21,W3,Minyak telon My Baby 60ml,Bayi,0.25116882
2026-07-22,W3,Minyak telon My Baby 60ml,Bayi,0.26187608
2026-07-23,W3,Minyak telon My Baby 60ml,Bayi,0.26295298
2026-07-24,W3,Minyak telon My Baby 60ml,Bayi,0.25951466
2026-07-18,W3,Minyakita 1L,Sembako,1.4898846
2026-07-19,W3,Minyakita 1L,Sembako,1.6155622
2026-07-20,W3,Minyakita 1L,Sembako,1.4175023
2026-07-21,W3,Minyakita 1L,Sembako,1.4738735
2026-07-22,W3,Minyakita 1L,Sembako,1.4247648
2026-07-23,W3,Minyakita 1L,Sembako,1.4601285
2026-07-24,W3,Minyakita 1L,Sembako,1.4608908
2026-07-18,W3,Nugget Fiesta 250g,Frozen,0.60932434
2026-07-19,W3,Nugget Fiesta 250g,Frozen,0.60661256
2026-07-20,W3,Nugget Fiesta 250g,Frozen,0.53617084
2026-07-21,W3,Nugget Fiesta 250g,Frozen,0.5331625
2026-07-22,W3,Nugget Fiesta 250g,Frozen,0.5842597
2026-07-23,W3,Nugget Fiesta 250g,Frozen,0.6999317
2026-07-24,W3,Nugget Fiesta 250g,Frozen,0.63693947
2026-07-18,W3,Nugget So Good 250g,Frozen,0.6702271
2026-07-19,W3,Nugget So Good 250g,Frozen,0.66531664
2026-07-20,W3,Nugget So Good 250g,Frozen,0.5805859
2026-07-21,W3,Nugget So Good 250g,Frozen,0.58032185
2026-07-22,W3,Nugget So Good 250g,Frozen,0.54316324
2026-07-23,W3,Nugget So Good 250g,Frozen,0.5711267
2026-07-24,W3,Nugget So Good 250g,Frozen,0.5724491
2026-07-18,W3,Nutrisari sachet,Sachet,1.6780273
2026-07-19,W3,Nutrisari sachet,Sachet,1.761452
2026-07-20,W3,Nutrisari sachet,Sachet,1.5304158
2026-07-21,W3,Nutrisari sachet,Sachet,1.530415
2026-07-22,W3,Nutrisari sachet,Sachet,1.4710838
2026-07-23,W3,Nutrisari sachet,Sachet,1.5335519
2026-07-24,W3,Nutrisari sachet,Sachet,1.5451574
2026-07-18,W3,Oatmeal Quaker 35g,Mi,0.43532646
2026-07-19,W3,Oatmeal Quaker 35g,Mi,0.4607371
2026-07-20,W3,Oatmeal Quaker 35g,Mi,0.40588066
2026-07-21,W3,Oatmeal Quaker 35g,Mi,0.40588066
2026-07-22,W3,Oatmeal Quaker 35g,Mi,0.40178373
2026-07-23,W3,Oatmeal Quaker 35g,Mi,0.39327914
2026-07-24,W3,Oatmeal Quaker 35g,Mi,0.39327914
2026-07-18,W3,Oli motor 0.8L,LPG,0.42888153
2026-07-19,W3,Oli motor 0.8L,LPG,0.4190095
2026-07-20,W3,Oli motor 0.8L,LPG,0.37897882
2026-07-21,W3,Oli motor 0.8L,LPG,0.37897882
2026-07-22,W3,Oli motor 0.8L,LPG,0.3855866
2026-07-23,W3,Oli motor 0.8L,LPG,0.41708934
2026-07-24,W3,Oli motor 0.8L,LPG,0.41805506
2026-07-18,W3,Oli motor 1L,LPG,0.2625173
2026-07-19,W3,Oli motor 1L,LPG,0.2621805
2026-07-20,W3,Oli motor 1L,LPG,0.25788674
2026-07-21,W3,Oli motor 1L,LPG,0.2563807
2026-07-22,W3,Oli motor 1L,LPG,0.2564009
2026-07-23,W3,Oli motor 1L,LPG,0.2553318
2026-07-24,W3,Oli motor 1L,LPG,0.2553318
2026-07-18,W3,Oralit sachet,Obat,0.2726549
2026-07-19,W3,Oralit sachet,Obat,0.27230507
2026-07-20,W3,Oralit sachet,Obat,0.2660929
2026-07-21,W3,Oralit sachet,Obat,0.34118432
2026-07-22,W3,Oralit sachet,Obat,0.34118432
2026-07-23,W3,Oralit sachet,Obat,0.34118432
2026-07-24,W3,Oralit sachet,Obat,0.3593569
2026-07-18,W3,Oreo 119g,Snack,0.85085976
2026-07-19,W3,Oreo 119g,Snack,0.840053
2026-07-20,W3,Oreo 119g,Snack,0.7315746
2026-07-21,W3,Oreo 119g,Snack,0.7115954
2026-07-22,W3,Oreo 119g,Snack,0.7123018
2026-07-23,W3,Oreo 119g,Snack,0.7123018
2026-07-24,W3,Oreo 119g,Snack,0.7158677
2026-07-18,W3,Pantyliner Laurier,Tisu,0.24200147
2026-07-19,W3,Pantyliner Laurier,Tisu,0.24411404
2026-07-20,W3,Pantyliner Laurier,Tisu,0.21918507
2026-07-21,W3,Pantyliner Laurier,Tisu,0.21816458
2026-07-22,W3,Pantyliner Laurier,Tisu,0.21707883
2026-07-23,W3,Pantyliner Laurier,Tisu,0.28684703
2026-07-24,W3,Pantyliner Laurier,Tisu,0.28684703
2026-07-18,W3,Parfum Gatsby 100ml,Perawatan,0.614344
2026-07-19,W3,Parfum Gatsby 100ml,Perawatan,0.6082978
2026-07-20,W3,Parfum Gatsby 100ml,Perawatan,0.560423
2026-07-21,W3,Parfum Gatsby 100ml,Perawatan,0.560423
2026-07-22,W3,Parfum Gatsby 100ml,Perawatan,0.560423
2026-07-23,W3,Parfum Gatsby 100ml,Perawatan,0.56248444
2026-07-24,W3,Parfum Gatsby 100ml,Perawatan,0.51810396
2026-07-18,W3,Pasta gigi Close Up 65g,Perawatan,0.57887465
2026-07-19,W3,Pasta gigi Close Up 65g,Perawatan,0.519176
2026-07-20,W3,Pasta gigi Close Up 65g,Perawatan,0.46887833
2026-07-21,W3,Pasta gigi Close Up 65g,Perawatan,0.46887833
2026-07-22,W3,Pasta gigi Close Up 65g,Perawatan,0.46887833
2026-07-23,W3,Pasta gigi Close Up 65g,Perawatan,0.5188155
2026-07-24,W3,Pasta gigi Close Up 65g,Perawatan,0.5188155
2026-07-18,W3,Pasta gigi Pepsodent 75g,Perawatan,0.5717138
2026-07-19,W3,Pasta gigi Pepsodent 75g,Perawatan,0.6718296
2026-07-20,W3,Pasta gigi Pepsodent 75g,Perawatan,0.58805144
2026-07-21,W3,Pasta gigi Pepsodent 75g,Perawatan,0.45154163
2026-07-22,W3,Pasta gigi Pepsodent 75g,Perawatan,0.43478888
2026-07-23,W3,Pasta gigi Pepsodent 75g,Perawatan,0.4229344
2026-07-24,W3,Pasta gigi Pepsodent 75g,Perawatan,0.45645016
2026-07-18,W3,Pembalut Charm,Tisu,0.3693567
2026-07-19,W3,Pembalut Charm,Tisu,0.32172018
2026-07-20,W3,Pembalut Charm,Tisu,0.30341157
2026-07-21,W3,Pembalut Charm,Tisu,0.31031674
2026-07-22,W3,Pembalut Charm,Tisu,0.30781722
2026-07-23,W3,Pembalut Charm,Tisu,0.3085263
2026-07-24,W3,Pembalut Charm,Tisu,0.3096886
2026-07-18,W3,Pembalut Softex,Tisu,0.35700685
2026-07-19,W3,Pembalut Softex,Tisu,0.3449652
2026-07-20,W3,Pembalut Softex,Tisu,0.32637224
2026-07-21,W3,Pembalut Softex,Tisu,0.35713693
2026-07-22,W3,Pembalut Softex,Tisu,0.35713693
2026-07-23,W3,Pembalut Softex,Tisu,0.3488145
2026-07-24,W3,Pembalut Softex,Tisu,0.3488145
2026-07-18,W3,Penggaris Butterfly 30cm,ATK,0.11783118
2026-07-19,W3,Penggaris Butterfly 30cm,ATK,0.11783118
2026-07-20,W3,Penggaris Butterfly 30cm,ATK,0.11783118
2026-07-21,W3,Penggaris Butterfly 30cm,ATK,0.11783118
2026-07-22,W3,Penggaris Butterfly 30cm,ATK,0.11783118
2026-07-23,W3,Penggaris Butterfly 30cm,ATK,0.11783118
2026-07-24,W3,Penggaris Butterfly 30cm,ATK,0.11783118
2026-07-18,W3,Pengharum mobil,LPG,0.5370772
2026-07-19,W3,Pengharum mobil,LPG,0.5370772
2026-07-20,W3,Pengharum mobil,LPG,0.47248217
2026-07-21,W3,Pengharum mobil,LPG,0.47111717
2026-07-22,W3,Pengharum mobil,LPG,0.47111717
2026-07-23,W3,Pengharum mobil,LPG,0.45774105
2026-07-24,W3,Pengharum mobil,LPG,0.44123855
2026-07-18,W3,Pensil Faber-Castell,ATK,0.12509307
2026-07-19,W3,Pensil Faber-Castell,ATK,0.12565318
2026-07-20,W3,Pensil Faber-Castell,ATK,0.12482691
2026-07-21,W3,Pensil Faber-Castell,ATK,0.12482691
2026-07-22,W3,Pensil Faber-Castell,ATK,0.12482691
2026-07-23,W3,Pensil Faber-Castell,ATK,0.12482691
2026-07-24,W3,Pensil Faber-Castell,ATK,0.12482691
2026-07-18,W3,Penyedap Masako,Bumbu,1.4712862
2026-07-19,W3,Penyedap Masako,Bumbu,1.4020277
2026-07-20,W3,Penyedap Masako,Bumbu,1.1481805
2026-07-21,W3,Penyedap Masako,Bumbu,1.091157
2026-07-22,W3,Penyedap Masako,Bumbu,1.0226521
2026-07-23,W3,Penyedap Masako,Bumbu,1.0682029
2026-07-24,W3,Penyedap Masako,Bumbu,1.0699977
2026-07-18,W3,Penyedap Royco,Bumbu,1.4488999
2026-07-19,W3,Penyedap Royco,Bumbu,1.4858438
2026-07-20,W3,Penyedap Royco,Bumbu,1.3986692
2026-07-21,W3,Penyedap Royco,Bumbu,1.4056714
2026-07-22,W3,Penyedap Royco,Bumbu,1.4065214
2026-07-23,W3,Penyedap Royco,Bumbu,1.3922338
2026-07-24,W3,Penyedap Royco,Bumbu,1.4040263
2026-07-18,W3,Permen Relaxa,Snack,0.8766603
2026-07-19,W3,Permen Relaxa,Snack,0.87633073
2026-07-20,W3,Permen Relaxa,Snack,0.739036
2026-07-21,W3,Permen Relaxa,Snack,0.739036
2026-07-22,W3,Permen Relaxa,Snack,0.73906356
2026-07-23,W3,Permen Relaxa,Snack,0.73906356
2026-07-24,W3,Permen Relaxa,Snack,0.7736079
2026-07-18,W3,Permen karet Big Babol,Snack,0.64975506
2026-07-19,W3,Permen karet Big Babol,Snack,0.5775536
2026-07-20,W3,Permen karet Big Babol,Snack,0.524073
2026-07-21,W3,Permen karet Big Babol,Snack,0.524073
2026-07-22,W3,Permen karet Big Babol,Snack,0.524073
2026-07-23,W3,Permen karet Big Babol,Snack,0.524073
2026-07-24,W3,Permen karet Big Babol,Snack,0.52549267
2026-07-18,W3,Plastik es,Plastik,0.41400778
2026-07-19,W3,Plastik es,Plastik,0.4087272
2026-07-20,W3,Plastik es,Plastik,0.39913598
2026-07-21,W3,Plastik es,Plastik,0.39913598
2026-07-22,W3,Plastik es,Plastik,0.39849135
2026-07-23,W3,Plastik es,Plastik,0.39849135
2026-07-24,W3,Plastik es,Plastik,0.40130904
2026-07-18,W3,Plastik kiloan,Plastik,0.399036
2026-07-19,W3,Plastik kiloan,Plastik,0.41877383
2026-07-20,W3,Plastik kiloan,Plastik,0.39790258
2026-07-21,W3,Plastik kiloan,Plastik,0.3857553
2026-07-22,W3,Plastik kiloan,Plastik,0.3857553
2026-07-23,W3,Plastik kiloan,Plastik,0.3857553
2026-07-24,W3,Plastik kiloan,Plastik,0.3868003
2026-07-18,W3,Plastik kresek sedang,Plastik,0.26642978
2026-07-19,W3,Plastik kresek sedang,Plastik,0.27112228
2026-07-20,W3,Plastik kresek sedang,Plastik,0.25773817
2026-07-21,W3,Plastik kresek sedang,Plastik,0.25773817
2026-07-22,W3,Plastik kresek sedang,Plastik,0.25762215
2026-07-23,W3,Plastik kresek sedang,Plastik,0.25634006
2026-07-24,W3,Plastik kresek sedang,Plastik,0.25634006
2026-07-18,W3,Pocari Sweat 350ml,Minuman,2.3507278
2026-07-19,W3,Pocari Sweat 350ml,Minuman,2.373299
2026-07-20,W3,Pocari Sweat 350ml,Minuman,2.0734828
2026-07-21,W3,Pocari Sweat 350ml,Minuman,2.060097
2026-07-22,W3,Pocari Sweat 350ml,Minuman,2.060097
2026-07-23,W3,Pocari Sweat 350ml,Minuman,2.0529168
2026-07-24,W3,Pocari Sweat 350ml,Minuman,2.1203673
2026-07-18,W3,Pocari Sweat 500ml,Minuman,1.8929329
2026-07-19,W3,Pocari Sweat 500ml,Minuman,1.861566
2026-07-20,W3,Pocari Sweat 500ml,Minuman,1.7111704
2026-07-21,W3,Pocari Sweat 500ml,Minuman,1.9948878
2026-07-22,W3,Pocari Sweat 500ml,Minuman,2.0068474
2026-07-23,W3,Pocari Sweat 500ml,Minuman,2.0885417
2026-07-24,W3,Pocari Sweat 500ml,Minuman,2.0029619
2026-07-18,W3,Pomade Gatsby 80g,Perawatan,0.42007002
2026-07-19,W3,Pomade Gatsby 80g,Perawatan,0.3978953
2026-07-20,W3,Pomade Gatsby 80g,Perawatan,0.37082762
2026-07-21,W3,Pomade Gatsby 80g,Perawatan,0.37082762
2026-07-22,W3,Pomade Gatsby 80g,Perawatan,0.37082762
2026-07-23,W3,Pomade Gatsby 80g,Perawatan,0.37082762
2026-07-24,W3,Pomade Gatsby 80g,Perawatan,0.37082762
2026-07-18,W3,Pop Mie,Mi,1.395845
2026-07-19,W3,Pop Mie,Mi,1.3118275
2026-07-20,W3,Pop Mie,Mi,1.1392173
2026-07-21,W3,Pop Mie,Mi,1.1379769
2026-07-22,W3,Pop Mie,Mi,1.1379769
2026-07-23,W3,Pop Mie,Mi,1.1293279
2026-07-24,W3,Pop Mie,Mi,1.1239939
2026-07-18,W3,Popok MamyPoko isi 10,Bayi,0.1529666
2026-07-19,W3,Popok MamyPoko isi 10,Bayi,0.15365152
2026-07-20,W3,Popok MamyPoko isi 10,Bayi,0.15991446
2026-07-21,W3,Popok MamyPoko isi 10,Bayi,0.15991446
2026-07-22,W3,Popok MamyPoko isi 10,Bayi,0.15991446
2026-07-23,W3,Popok MamyPoko isi 10,Bayi,0.15098618
2026-07-24,W3,Popok MamyPoko isi 10,Bayi,0.15563135
2026-07-18,W3,Popok Merries isi 10,Bayi,0.18367086
2026-07-19,W3,Popok Merries isi 10,Bayi,0.18367086
2026-07-20,W3,Popok Merries isi 10,Bayi,0.16043651
2026-07-21,W3,Popok Merries isi 10,Bayi,0.16043651
2026-07-22,W3,Popok Merries isi 10,Bayi,0.18316284
2026-07-23,W3,Popok Merries isi 10,Bayi,0.18316284
2026-07-24,W3,Popok Merries isi 10,Bayi,0.16093239
2026-07-18,W3,Promag strip,Obat,0.29291204
2026-07-19,W3,Promag strip,Obat,0.2925362
2026-07-20,W3,Promag strip,Obat,0.25351208
2026-07-21,W3,Promag strip,Obat,0.25225043
2026-07-22,W3,Promag strip,Obat,0.24409166
2026-07-23,W3,Promag strip,Obat,0.23982923
2026-07-24,W3,Promag strip,Obat,0.23982923
2026-07-18,W3,Pulpen Standard AE7,ATK,0.19421431
2026-07-19,W3,Pulpen Standard AE7,ATK,0.19421431
2026-07-20,W3,Pulpen Standard AE7,ATK,0.19322893
2026-07-21,W3,Pulpen Standard AE7,ATK,0.19322893
2026-07-22,W3,Pulpen Standard AE7,ATK,0.19322893
2026-07-23,W3,Pulpen Standard AE7,ATK,0.19322893
2026-07-24,W3,Pulpen Standard AE7,ATK,0.19322893
2026-07-18,W3,Rinso 800g,Deterjen,0.81247574
2026-07-19,W3,Rinso 800g,Deterjen,0.8088598
2026-07-20,W3,Rinso 800g,Deterjen,0.7265384
2026-07-21,W3,Rinso 800g,Deterjen,0.7446221
2026-07-22,W3,Rinso 800g,Deterjen,0.74247086
2026-07-23,W3,Rinso 800g,Deterjen,0.7265384
2026-07-24,W3,Rinso 800g,Deterjen,0.74419
2026-07-18,W3,Rinso sachet,Deterjen,1.8375419
2026-07-19,W3,Rinso sachet,Deterjen,1.8106749
2026-07-20,W3,Rinso sachet,Deterjen,1.4973673
2026-07-21,W3,Rinso sachet,Deterjen,1.4830968
2026-07-22,W3,Rinso sachet,Deterjen,1.4111017
2026-07-23,W3,Rinso sachet,Deterjen,1.4487268
2026-07-24,W3,Rinso sachet,Deterjen,1.5945979
2026-07-18,W3,Roma Kelapa 300g,Snack,0.8025507
2026-07-19,W3,Roma Kelapa 300g,Snack,0.78177905
2026-07-20,W3,Roma Kelapa 300g,Snack,0.7140246
2026-07-21,W3,Roma Kelapa 300g,Snack,0.75816435
2026-07-22,W3,Roma Kelapa 300g,Snack,0.6453844
2026-07-23,W3,Roma Kelapa 300g,Snack,0.74852663
2026-07-24,W3,Roma Kelapa 300g,Snack,0.7576417
2026-07-18,W3,Sabun batang Lifebuoy,Perawatan,0.50759166
2026-07-19,W3,Sabun batang Lifebuoy,Perawatan,0.52501947
2026-07-20,W3,Sabun batang Lifebuoy,Perawatan,0.45573083
2026-07-21,W3,Sabun batang Lifebuoy,Perawatan,0.45573083
2026-07-22,W3,Sabun batang Lifebuoy,Perawatan,0.44019493
2026-07-23,W3,Sabun batang Lifebuoy,Perawatan,0.44019493
2026-07-24,W3,Sabun batang Lifebuoy,Perawatan,0.44019493
2026-07-18,W3,Sabun batang Lux,Perawatan,0.6119043
2026-07-19,W3,Sabun batang Lux,Perawatan,0.6373278
2026-07-20,W3,Sabun batang Lux,Perawatan,0.643556
2026-07-21,W3,Sabun batang Lux,Perawatan,0.6478584
2026-07-22,W3,Sabun batang Lux,Perawatan,0.5958183
2026-07-23,W3,Sabun batang Lux,Perawatan,0.51990765
2026-07-24,W3,Sabun batang Lux,Perawatan,0.5197973
2026-07-18,W3,Sabun cair Lifebuoy 250ml,Perawatan,0.7512481
2026-07-19,W3,Sabun cair Lifebuoy 250ml,Perawatan,0.75469625
2026-07-20,W3,Sabun cair Lifebuoy 250ml,Perawatan,0.67680144
2026-07-21,W3,Sabun cair Lifebuoy 250ml,Perawatan,0.6727296
2026-07-22,W3,Sabun cair Lifebuoy 250ml,Perawatan,0.6727296
2026-07-23,W3,Sabun cair Lifebuoy 250ml,Perawatan,0.6727296
2026-07-24,W3,Sabun cair Lifebuoy 250ml,Perawatan,0.6867874
2026-07-18,W3,Salonpas 10 pcs,Obat,0.3153128
2026-07-19,W3,Salonpas 10 pcs,Obat,0.31490827
2026-07-20,W3,Salonpas 10 pcs,Obat,0.27485558
2026-07-21,W3,Salonpas 10 pcs,Obat,0.27336454
2026-07-22,W3,Salonpas 10 pcs,Obat,0.27336454
2026-07-23,W3,Salonpas 10 pcs,Obat,0.27336454
2026-07-24,W3,Salonpas 10 pcs,Obat,0.27336454
2026-07-18,W3,Sampoerna A 16 batang,Rokok,1.211062
2026-07-19,W3,Sampoerna A 16 batang,Rokok,1.2045479
2026-07-20,W3,Sampoerna A 16 batang,Rokok,0.97975695
2026-07-21,W3,Sampoerna A 16 batang,Rokok,0.8936871
2026-07-22,W3,Sampoerna A 16 batang,Rokok,0.8889134
2026-07-23,W3,Sampoerna A 16 batang,Rokok,0.8936871
2026-07-24,W3,Sampoerna A 16 batang,Rokok,0.88409764
2026-07-18,W3,Sampoerna Mild 16 batang,Rokok,1.4307178
2026-07-19,W3,Sampoerna Mild 16 batang,Rokok,1.4303932
2026-07-20,W3,Sampoerna Mild 16 batang,Rokok,1.262038
2026-07-21,W3,Sampoerna Mild 16 batang,Rokok,1.1491114
2026-07-22,W3,Sampoerna Mild 16 batang,Rokok,1.1804925
2026-07-23,W3,Sampoerna Mild 16 batang,Rokok,1.196713
2026-07-24,W3,Sampoerna Mild 16 batang,Rokok,1.1938963
2026-07-18,W3,Sapu lidi,RumahTangga,0.11673592
2026-07-19,W3,Sapu lidi,RumahTangga,0.11673592
2026-07-20,W3,Sapu lidi,RumahTangga,0.1164025
2026-07-21,W3,Sapu lidi,RumahTangga,0.1164025
2026-07-22,W3,Sapu lidi,RumahTangga,0.111890145
2026-07-23,W3,Sapu lidi,RumahTangga,0.111890145
2026-07-24,W3,Sapu lidi,RumahTangga,0.111890145
2026-07-18,W3,Saus tiram Saori 133ml,Bumbu,2.1803362
2026-07-19,W3,Saus tiram Saori 133ml,Bumbu,2.0425544
2026-07-20,W3,Saus tiram Saori 133ml,Bumbu,1.820068
2026-07-21,W3,Saus tiram Saori 133ml,Bumbu,1.8192241
2026-07-22,W3,Saus tiram Saori 133ml,Bumbu,1.8881941
2026-07-23,W3,Saus tiram Saori 133ml,Bumbu,1.9032426
2026-07-24,W3,Saus tiram Saori 133ml,Bumbu,1.9273648
2026-07-18,W3,Saus tomat ABC 135ml,Bumbu,1.1575353
2026-07-19,W3,Saus tomat ABC 135ml,Bumbu,1.1508714
2026-07-20,W3,Saus tomat ABC 135ml,Bumbu,1.0179447
2026-07-21,W3,Saus tomat ABC 135ml,Bumbu,1.0590751
2026-07-22,W3,Saus tomat ABC 135ml,Bumbu,1.0856854
2026-07-23,W3,Saus tomat ABC 135ml,Bumbu,1.0264885
2026-07-24,W3,Saus tomat ABC 135ml,Bumbu,0.99488825
2026-07-18,W3,Sedotan,Plastik,0.44157436
2026-07-19,W3,Sedotan,Plastik,0.44059315
2026-07-20,W3,Sedotan,Plastik,0.3831481
2026-07-21,W3,Sedotan,Plastik,0.3831481
2026-07-22,W3,Sedotan,Plastik,0.38595435
2026-07-23,W3,Sedotan,Plastik,0.38595435
2026-07-24,W3,Sedotan,Plastik,0.38403526
2026-07-18,W3,Selang gas,LPG,0.35969794
2026-07-19,W3,Selang gas,LPG,0.3467374
2026-07-20,W3,Selang gas,LPG,0.33068565
2026-07-21,W3,Selang gas,LPG,0.32929927
2026-07-22,W3,Selang gas,LPG,0.32929927
2026-07-23,W3,Selang gas,LPG,0.31995735
2026-07-24,W3,Selang gas,LPG,0.31995735
2026-07-18,W3,Sendok plastik,Plastik,0.39815438
2026-07-19,W3,Sendok plastik,Plastik,0.4361634
2026-07-20,W3,Sendok plastik,Plastik,0.38015735
2026-07-21,W3,Sendok plastik,Plastik,0.38015735
2026-07-22,W3,Sendok plastik,Plastik,0.38015735
2026-07-23,W3,Sendok plastik,Plastik,0.38015735
2026-07-24,W3,Sendok plastik,Plastik,0.37639478
2026-07-18,W3,Shampoo Pantene sachet,Perawatan,0.6841826
2026-07-19,W3,Shampoo Pantene sachet,Perawatan,0.66402406
2026-07-20,W3,Shampoo Pantene sachet,Perawatan,0.5924089
2026-07-21,W3,Shampoo Pantene sachet,Perawatan,0.5924089
2026-07-22,W3,Shampoo Pantene sachet,Perawatan,0.5906975
2026-07-23,W3,Shampoo Pantene sachet,Perawatan,0.56614244
2026-07-24,W3,Shampoo Pantene sachet,Perawatan,0.5646548
2026-07-18,W3,Shampoo Sunsilk sachet,Perawatan,0.6266819
2026-07-19,W3,Shampoo Sunsilk sachet,Perawatan,0.6255748
2026-07-20,W3,Shampoo Sunsilk sachet,Perawatan,0.5660686
2026-07-21,W3,Shampoo Sunsilk sachet,Perawatan,0.5622254
2026-07-22,W3,Shampoo Sunsilk sachet,Perawatan,0.55252546
2026-07-23,W3,Shampoo Sunsilk sachet,Perawatan,0.5245526
2026-07-24,W3,Shampoo Sunsilk sachet,Perawatan,0.5245526
2026-07-18,W3,Sikat,Deterjen,1.2854543
2026-07-19,W3,Sikat,Deterjen,1.4099611
2026-07-20,W3,Sikat,Deterjen,1.2757587
2026-07-21,W3,Sikat,Deterjen,1.276409
2026-07-22,W3,Sikat,Deterjen,1.2417115
2026-07-23,W3,Sikat,Deterjen,1.2417115
2026-07-24,W3,Sikat,Deterjen,1.252229
2026-07-18,W3,Sikat gigi Formula,Perawatan,0.702521
2026-07-19,W3,Sikat gigi Formula,Perawatan,0.70003206
2026-07-20,W3,Sikat gigi Formula,Perawatan,0.63812286
2026-07-21,W3,Sikat gigi Formula,Perawatan,0.64090776
2026-07-22,W3,Sikat gigi Formula,Perawatan,0.63673675
2026-07-23,W3,Sikat gigi Formula,Perawatan,0.63673675
2026-07-24,W3,Sikat gigi Formula,Perawatan,0.638211
2026-07-18,W3,Snack jagung Cheetos,Snack,0.4865949
2026-07-19,W3,Snack jagung Cheetos,Snack,0.46869138
2026-07-20,W3,Snack jagung Cheetos,Snack,0.53198624
2026-07-21,W3,Snack jagung Cheetos,Snack,0.53198624
2026-07-22,W3,Snack jagung Cheetos,Snack,0.53198624
2026-07-23,W3,Snack jagung Cheetos,Snack,0.567916
2026-07-24,W3,Snack jagung Cheetos,Snack,0.5662134
2026-07-18,W3,Snack jagung Chiki,Snack,0.78080714
2026-07-19,W3,Snack jagung Chiki,Snack,0.7623357
2026-07-20,W3,Snack jagung Chiki,Snack,0.6984041
2026-07-21,W3,Snack jagung Chiki,Snack,0.6701321
2026-07-22,W3,Snack jagung Chiki,Snack,0.6196763
2026-07-23,W3,Snack jagung Chiki,Snack,0.6196763
2026-07-24,W3,Snack jagung Chiki,Snack,0.64675516
2026-07-18,W3,Snack kentang Qtela 60g,Snack,0.6691006
2026-07-19,W3,Snack kentang Qtela 60g,Snack,0.70427155
2026-07-20,W3,Snack kentang Qtela 60g,Snack,0.6126288
2026-07-21,W3,Snack kentang Qtela 60g,Snack,0.70131886
2026-07-22,W3,Snack kentang Qtela 60g,Snack,0.7252713
2026-07-23,W3,Snack kentang Qtela 60g,Snack,0.7190969
2026-07-24,W3,Snack kentang Qtela 60g,Snack,0.7251877
2026-07-18,W3,Soklin sachet,Deterjen,0.8881019
2026-07-19,W3,Soklin sachet,Deterjen,0.86978173
2026-07-20,W3,Soklin sachet,Deterjen,0.7808648
2026-07-21,W3,Soklin sachet,Deterjen,0.7799968
2026-07-22,W3,Soklin sachet,Deterjen,0.7799968
2026-07-23,W3,Soklin sachet,Deterjen,0.7776585
2026-07-24,W3,Soklin sachet,Deterjen,0.78519875
2026-07-18,W3,Sosis So Nice,Frozen,0.7647797
2026-07-19,W3,Sosis So Nice,Frozen,0.7604145
2026-07-20,W3,Sosis So Nice,Frozen,0.7012043
2026-07-21,W3,Sosis So Nice,Frozen,0.7273419
2026-07-22,W3,Sosis So Nice,Frozen,0.7215521
2026-07-23,W3,Sosis So Nice,Frozen,0.7153981
2026-07-24,W3,Sosis So Nice,Frozen,0.72378045
2026-07-18,W3,Spidol Snowman,ATK,0.14099379
2026-07-19,W3,Spidol Snowman,ATK,0.14099379
2026-07-20,W3,Spidol Snowman,ATK,0.1376964
2026-07-21,W3,Spidol Snowman,ATK,0.1376964
2026-07-22,W3,Spidol Snowman,ATK,0.1376964
2026-07-23,W3,Spidol Snowman,ATK,0.1376964
2026-07-24,W3,Spidol Snowman,ATK,0.1372721
2026-07-18,W3,Spons (kebersihan),Deterjen,0.970998
2026-07-19,W3,Spons (kebersihan),Deterjen,0.9542893
2026-07-20,W3,Spons (kebersihan),Deterjen,0.7779909
2026-07-21,W3,Spons (kebersihan),Deterjen,0.777637
2026-07-22,W3,Spons (kebersihan),Deterjen,0.7285463
2026-07-23,W3,Spons (kebersihan),Deterjen,0.6726267
2026-07-24,W3,Spons (kebersihan),Deterjen,0.63548297
2026-07-18,W3,Sprite 390ml,Minuman,2.1511686
2026-07-19,W3,Sprite 390ml,Minuman,2.0638175
2026-07-20,W3,Sprite 390ml,Minuman,1.77466
2026-07-21,W3,Sprite 390ml,Minuman,1.6834105
2026-07-22,W3,Sprite 390ml,Minuman,1.6620002
2026-07-23,W3,Sprite 390ml,Minuman,1.6620002
2026-07-24,W3,Sprite 390ml,Minuman,1.5921723
2026-07-18,W3,Sunlight 400ml,Deterjen,1.0465041
2026-07-19,W3,Sunlight 400ml,Deterjen,1.037044
2026-07-20,W3,Sunlight 400ml,Deterjen,0.9443719
2026-07-21,W3,Sunlight 400ml,Deterjen,0.9492102
2026-07-22,W3,Sunlight 400ml,Deterjen,0.9010572
2026-07-23,W3,Sunlight 400ml,Deterjen,0.9037665
2026-07-24,W3,Sunlight 400ml,Deterjen,0.90868926
2026-07-18,W3,Sunlight sachet,Deterjen,2.17647
2026-07-19,W3,Sunlight sachet,Deterjen,2.1753635
2026-07-20,W3,Sunlight sachet,Deterjen,1.9095807
2026-07-21,W3,Sunlight sachet,Deterjen,1.8614765
2026-07-22,W3,Sunlight sachet,Deterjen,1.8871286
2026-07-23,W3,Sunlight sachet,Deterjen,1.8383281
2026-07-24,W3,Sunlight sachet,Deterjen,1.9322468
2026-07-18,W3,Super Pell 450ml,Deterjen,0.88652295
2026-07-19,W3,Super Pell 450ml,Deterjen,0.81585795
2026-07-20,W3,Super Pell 450ml,Deterjen,0.6988191
2026-07-21,W3,Super Pell 450ml,Deterjen,0.6999779
2026-07-22,W3,Super Pell 450ml,Deterjen,0.70255256
2026-07-23,W3,Super Pell 450ml,Deterjen,0.6691116
2026-07-24,W3,Super Pell 450ml,Deterjen,0.54213023
2026-07-18,W3,Surya 12 batang,Rokok,1.1847832
2026-07-19,W3,Surya 12 batang,Rokok,1.1672087
2026-07-20,W3,Surya 12 batang,Rokok,0.960733
2026-07-21,W3,Surya 12 batang,Rokok,0.8998954
2026-07-22,W3,Surya 12 batang,Rokok,0.89700013
2026-07-23,W3,Surya 12 batang,Rokok,0.91440725
2026-07-24,W3,Surya 12 batang,Rokok,0.9078322
2026-07-18,W3,Surya 16 batang,Rokok,1.7450917
2026-07-19,W3,Surya 16 batang,Rokok,1.7372509
2026-07-20,W3,Surya 16 batang,Rokok,1.4952298
2026-07-21,W3,Surya 16 batang,Rokok,1.5039648
2026-07-22,W3,Surya 16 batang,Rokok,1.4995178
2026-07-23,W3,Surya 16 batang,Rokok,1.4958987
2026-07-24,W3,Surya 16 batang,Rokok,1.5330637
2026-07-18,W3,Susu formula Dancow 200g,Bayi,0.14154083
2026-07-19,W3,Susu formula Dancow 200g,Bayi,0.14154083
2026-07-20,W3,Susu formula Dancow 200g,Bayi,0.14113657
2026-07-21,W3,Susu formula Dancow 200g,Bayi,0.14113657
2026-07-22,W3,Susu formula Dancow 200g,Bayi,0.14113657
2026-07-23,W3,Susu formula Dancow 200g,Bayi,0.1360714
2026-07-24,W3,Susu formula Dancow 200g,Bayi,0.1360714
2026-07-18,W3,Susu formula SGM 200g,Bayi,0.15134768
2026-07-19,W3,Susu formula SGM 200g,Bayi,0.15134768
2026-07-20,W3,Susu formula SGM 200g,Bayi,0.15192297
2026-07-21,W3,Susu formula SGM 200g,Bayi,0.15192297
2026-07-22,W3,Susu formula SGM 200g,Bayi,0.15033604
2026-07-23,W3,Susu formula SGM 200g,Bayi,0.15033604
2026-07-24,W3,Susu formula SGM 200g,Bayi,0.15033604
2026-07-18,W3,Tali per meter,RumahTangga,0.13350217
2026-07-19,W3,Tali per meter,RumahTangga,0.13350217
2026-07-20,W3,Tali per meter,RumahTangga,0.13312086
2026-07-21,W3,Tali per meter,RumahTangga,0.13312086
2026-07-22,W3,Tali per meter,RumahTangga,0.13312086
2026-07-23,W3,Tali per meter,RumahTangga,0.13312086
2026-07-24,W3,Tali per meter,RumahTangga,0.13271067
2026-07-18,W3,Teh Botol Sosro 350ml,Minuman,2.263093
2026-07-19,W3,Teh Botol Sosro 350ml,Minuman,2.1419837
2026-07-20,W3,Teh Botol Sosro 350ml,Minuman,1.6951687
2026-07-21,W3,Teh Botol Sosro 350ml,Minuman,1.7290057
2026-07-22,W3,Teh Botol Sosro 350ml,Minuman,1.6800151
2026-07-23,W3,Teh Botol Sosro 350ml,Minuman,1.7370796
2026-07-24,W3,Teh Botol Sosro 350ml,Minuman,1.694245
2026-07-18,W3,Teh Gelas 350ml,Minuman,2.7004309
2026-07-19,W3,Teh Gelas 350ml,Minuman,2.7000787
2026-07-20,W3,Teh Gelas 350ml,Minuman,2.0713158
2026-07-21,W3,Teh Gelas 350ml,Minuman,2.2864852
2026-07-22,W3,Teh Gelas 350ml,Minuman,2.1035626
2026-07-23,W3,Teh Gelas 350ml,Minuman,2.1011517
2026-07-24,W3,Teh Gelas 350ml,Minuman,2.2637525
2026-07-18,W3,Teh Pucuk 350ml,Minuman,2.492697
2026-07-19,W3,Teh Pucuk 350ml,Minuman,2.6751387
2026-07-20,W3,Teh Pucuk 350ml,Minuman,2.2186058
2026-07-21,W3,Teh Pucuk 350ml,Minuman,2.1239579
2026-07-22,W3,Teh Pucuk 350ml,Minuman,2.134815
2026-07-23,W3,Teh Pucuk 350ml,Minuman,2.2538657
2026-07-24,W3,Teh Pucuk 350ml,Minuman,2.2346497
2026-07-18,W3,Teh Sariwangi 25 kantong,Sachet,1.4323847
2026-07-19,W3,Teh Sariwangi 25 kantong,Sachet,1.433371
2026-07-20,W3,Teh Sariwangi 25 kantong,Sachet,1.2118543
2026-07-21,W3,Teh Sariwangi 25 kantong,Sachet,1.1902201
2026-07-22,W3,Teh Sariwangi 25 kantong,Sachet,1.1901941
2026-07-23,W3,Teh Sariwangi 25 kantong,Sachet,1.1917936
2026-07-24,W3,Teh Sariwangi 25 kantong,Sachet,1.2312722
2026-07-18,W3,Teh Tong Tji sachet,Sachet,2.4474483
2026-07-19,W3,Teh Tong Tji sachet,Sachet,2.284661
2026-07-20,W3,Teh Tong Tji sachet,Sachet,1.9066473
2026-07-21,W3,Teh Tong Tji sachet,Sachet,1.9528979
2026-07-22,W3,Teh Tong Tji sachet,Sachet,1.9666059
2026-07-23,W3,Teh Tong Tji sachet,Sachet,2.1340196
2026-07-24,W3,Teh Tong Tji sachet,Sachet,2.1956768
2026-07-18,W3,Telur ayam 1 butir,Sembako,3.1141832
2026-07-19,W3,Telur ayam 1 butir,Sembako,3.172227
2026-07-20,W3,Telur ayam 1 butir,Sembako,2.530938
2026-07-21,W3,Telur ayam 1 butir,Sembako,2.6056273
2026-07-22,W3,Telur ayam 1 butir,Sembako,2.6712372
2026-07-23,W3,Telur ayam 1 butir,Sembako,2.7187388
2026-07-24,W3,Telur ayam 1 butir,Sembako,2.7213132
2026-07-18,W3,Telur ayam 1kg,Sembako,1.2458619
2026-07-19,W3,Telur ayam 1kg,Sembako,1.2585509
2026-07-20,W3,Telur ayam 1kg,Sembako,1.0544083
2026-07-21,W3,Telur ayam 1kg,Sembako,1.0176848
2026-07-22,W3,Telur ayam 1kg,Sembako,1.042398
2026-07-23,W3,Telur ayam 1kg,Sembako,1.0099396
2026-07-24,W3,Telur ayam 1kg,Sembako,1.0432872
2026-07-18,W3,Tembakau linting,Rokok,1.0463407
2026-07-19,W3,Tembakau linting,Rokok,1.0671424
2026-07-20,W3,Tembakau linting,Rokok,0.9320751
2026-07-21,W3,Tembakau linting,Rokok,0.94254476
2026-07-22,W3,Tembakau linting,Rokok,0.94263494
2026-07-23,W3,Tembakau linting,Rokok,0.96555376
2026-07-24,W3,Tembakau linting,Rokok,0.97605014
2026-07-18,W3,Tempura 250g,Frozen,0.52931654
2026-07-19,W3,Tempura 250g,Frozen,0.536436
2026-07-20,W3,Tempura 250g,Frozen,0.46674863
2026-07-21,W3,Tempura 250g,Frozen,0.46674863
2026-07-22,W3,Tempura 250g,Frozen,0.48285872
2026-07-23,W3,Tempura 250g,Frozen,0.46326587
2026-07-24,W3,Tempura 250g,Frozen,0.5035477
2026-07-18,W3,Tepung beras Rose Brand 500g,Sembako,1.4210268
2026-07-19,W3,Tepung beras Rose Brand 500g,Sembako,1.4268261
2026-07-20,W3,Tepung beras Rose Brand 500g,Sembako,1.2774814
2026-07-21,W3,Tepung beras Rose Brand 500g,Sembako,1.2884752
2026-07-22,W3,Tepung beras Rose Brand 500g,Sembako,1.2521691
2026-07-23,W3,Tepung beras Rose Brand 500g,Sembako,1.2534778
2026-07-24,W3,Tepung beras Rose Brand 500g,Sembako,1.1922195
2026-07-18,W3,Tepung terigu Kompas 1kg,Sembako,1.2246233
2026-07-19,W3,Tepung terigu Kompas 1kg,Sembako,1.2292756
2026-07-20,W3,Tepung terigu Kompas 1kg,Sembako,1.057368
2026-07-21,W3,Tepung terigu Kompas 1kg,Sembako,1.0510011
2026-07-22,W3,Tepung terigu Kompas 1kg,Sembako,1.0627854
2026-07-23,W3,Tepung terigu Kompas 1kg,Sembako,1.0701293
2026-07-24,W3,Tepung terigu Kompas 1kg,Sembako,1.1023654
2026-07-18,W3,Tepung terigu Segitiga Biru 1kg,Sembako,1.3558443
2026-07-19,W3,Tepung terigu Segitiga Biru 1kg,Sembako,1.4082574
2026-07-20,W3,Tepung terigu Segitiga Biru 1kg,Sembako,1.2462394
2026-07-21,W3,Tepung terigu Segitiga Biru 1kg,Sembako,1.223542
2026-07-22,W3,Tepung terigu Segitiga Biru 1kg,Sembako,1.2241639
2026-07-23,W3,Tepung terigu Segitiga Biru 1kg,Sembako,1.2715839
2026-07-24,W3,Tepung terigu Segitiga Biru 1kg,Sembako,1.3186573
2026-07-18,W3,Terasi ABC 20g,Bumbu,1.5130718
2026-07-19,W3,Terasi ABC 20g,Bumbu,1.4201127
2026-07-20,W3,Terasi ABC 20g,Bumbu,1.2046703
2026-07-21,W3,Terasi ABC 20g,Bumbu,1.3797847
2026-07-22,W3,Terasi ABC 20g,Bumbu,1.3145337
2026-07-23,W3,Terasi ABC 20g,Bumbu,1.3094907
2026-07-24,W3,Terasi ABC 20g,Bumbu,1.3175316
2026-07-18,W3,Tisu Paseo,Tisu,0.29725674
2026-07-19,W3,Tisu Paseo,Tisu,0.27881122
2026-07-20,W3,Tisu Paseo,Tisu,0.27017057
2026-07-21,W3,Tisu Paseo,Tisu,0.27017057
2026-07-22,W3,Tisu Paseo,Tisu,0.30773833
2026-07-23,W3,Tisu Paseo,Tisu,0.30486652
2026-07-24,W3,Tisu Paseo,Tisu,0.30486652
2026-07-18,W3,Tisu Tessa,Tisu,0.44586146
2026-07-19,W3,Tisu Tessa,Tisu,0.44586146
2026-07-20,W3,Tisu Tessa,Tisu,0.38402122
2026-07-21,W3,Tisu Tessa,Tisu,0.37290952
2026-07-22,W3,Tisu Tessa,Tisu,0.34397325
2026-07-23,W3,Tisu Tessa,Tisu,0.36276957
2026-07-24,W3,Tisu Tessa,Tisu,0.36189663
2026-07-18,W3,Tisu basah Cussons,Tisu,0.39129865
2026-07-19,W3,Tisu basah Cussons,Tisu,0.39079657
2026-07-20,W3,Tisu basah Cussons,Tisu,0.36802745
2026-07-21,W3,Tisu basah Cussons,Tisu,0.36802745
2026-07-22,W3,Tisu basah Cussons,Tisu,0.36802745
2026-07-23,W3,Tisu basah Cussons,Tisu,0.40699962
2026-07-24,W3,Tisu basah Cussons,Tisu,0.45351246
2026-07-18,W3,Tolak Angin sachet,Obat,0.25216958
2026-07-19,W3,Tolak Angin sachet,Obat,0.3074885
2026-07-20,W3,Tolak Angin sachet,Obat,0.29459983
2026-07-21,W3,Tolak Angin sachet,Obat,0.29459983
2026-07-22,W3,Tolak Angin sachet,Obat,0.29459983
2026-07-23,W3,Tolak Angin sachet,Obat,0.29459983
2026-07-24,W3,Tolak Angin sachet,Obat,0.29459983
2026-07-18,W3,Tusuk gigi,Plastik,0.36275616
2026-07-19,W3,Tusuk gigi,Plastik,0.36222312
2026-07-20,W3,Tusuk gigi,Plastik,0.33380172
2026-07-21,W3,Tusuk gigi,Plastik,0.33284274
2026-07-22,W3,Tusuk gigi,Plastik,0.36684135
2026-07-23,W3,Tusuk gigi,Plastik,0.36684135
2026-07-24,W3,Tusuk gigi,Plastik,0.36663443
2026-07-18,W3,Tusuk sate,Plastik,0.46255726
2026-07-19,W3,Tusuk sate,Plastik,0.46049863
2026-07-20,W3,Tusuk sate,Plastik,0.43491575
2026-07-21,W3,Tusuk sate,Plastik,0.4338409
2026-07-22,W3,Tusuk sate,Plastik,0.40755254
2026-07-23,W3,Tusuk sate,Plastik,0.40755254
2026-07-24,W3,Tusuk sate,Plastik,0.40765738
2026-07-18,W3,Ultra Milk 250ml,Minuman,3.4549224
2026-07-19,W3,Ultra Milk 250ml,Minuman,3.3245952
2026-07-20,W3,Ultra Milk 250ml,Minuman,2.4738576
2026-07-21,W3,Ultra Milk 250ml,Minuman,2.4264753
2026-07-22,W3,Ultra Milk 250ml,Minuman,2.592871
2026-07-23,W3,Ultra Milk 250ml,Minuman,2.6838362
2026-07-24,W3,Ultra Milk 250ml,Minuman,2.7330053
2026-07-18,W3,Wafer Tango 115g,Snack,1.0066661
2026-07-19,W3,Wafer Tango 115g,Snack,1.007325
2026-07-20,W3,Wafer Tango 115g,Snack,0.85390776
2026-07-21,W3,Wafer Tango 115g,Snack,0.85860544
2026-07-22,W3,Wafer Tango 115g,Snack,0.86981094
2026-07-23,W3,Wafer Tango 115g,Snack,0.86981094
2026-07-24,W3,Wafer Tango 115g,Snack,0.87733483
2026-07-18,W4,Aluminium foil,Plastik,0.2091776
2026-07-19,W4,Aluminium foil,Plastik,0.21180241
2026-07-20,W4,Aluminium foil,Plastik,0.20102972
2026-07-21,W4,Aluminium foil,Plastik,0.19984718
2026-07-22,W4,Aluminium foil,Plastik,0.19984718
2026-07-23,W4,Aluminium foil,Plastik,0.19984718
2026-07-24,W4,Aluminium foil,Plastik,0.19984718
2026-07-18,W4,Antangin sachet,Obat,0.4484946
2026-07-19,W4,Antangin sachet,Obat,0.5105199
2026-07-20,W4,Antangin sachet,Obat,0.43741983
2026-07-21,W4,Antangin sachet,Obat,0.43741983
2026-07-22,W4,Antangin sachet,Obat,0.43370485
2026-07-23,W4,Antangin sachet,Obat,0.43370485
2026-07-24,W4,Antangin sachet,Obat,0.40965447
2026-07-18,W4,Aqua 1.5L,Minuman,3.7005544
2026-07-19,W4,Aqua 1.5L,Minuman,3.5582607
2026-07-20,W4,Aqua 1.5L,Minuman,2.9920688
2026-07-21,W4,Aqua 1.5L,Minuman,3.051524
2026-07-22,W4,Aqua 1.5L,Minuman,3.1381912
2026-07-23,W4,Aqua 1.5L,Minuman,3.1957242
2026-07-24,W4,Aqua 1.5L,Minuman,3.1698031
2026-07-18,W4,Baby powder My Baby 50g,Bayi,0.20115207
2026-07-19,W4,Baby powder My Baby 50g,Bayi,0.20037411
2026-07-20,W4,Baby powder My Baby 50g,Bayi,0.19681755
2026-07-21,W4,Baby powder My Baby 50g,Bayi,0.19681755
2026-07-22,W4,Baby powder My Baby 50g,Bayi,0.19681755
2026-07-23,W4,Baby powder My Baby 50g,Bayi,0.18341325
2026-07-24,W4,Baby powder My Baby 50g,Bayi,0.1827039
2026-07-18,W4,Bakso 250g,Frozen,0.98740536
2026-07-19,W4,Bakso 250g,Frozen,0.9511416
2026-07-20,W4,Bakso 250g,Frozen,0.7994469
2026-07-21,W4,Bakso 250g,Frozen,0.7951337
2026-07-22,W4,Bakso 250g,Frozen,0.797121
2026-07-23,W4,Bakso 250g,Frozen,0.7970503
2026-07-24,W4,Bakso 250g,Frozen,0.79896665
2026-07-18,W4,Balsem Geliga 20g,Obat,0.8405556
2026-07-19,W4,Balsem Geliga 20g,Obat,0.867868
2026-07-20,W4,Balsem Geliga 20g,Obat,0.72601473
2026-07-21,W4,Balsem Geliga 20g,Obat,0.765379
2026-07-22,W4,Balsem Geliga 20g,Obat,0.75667965
2026-07-23,W4,Balsem Geliga 20g,Obat,0.7540871
2026-07-24,W4,Balsem Geliga 20g,Obat,0.7578622
2026-07-18,W4,Basreng 100g,Snack,4.365768
2026-07-19,W4,Basreng 100g,Snack,4.2157373
2026-07-20,W4,Basreng 100g,Snack,3.8602726
2026-07-21,W4,Basreng 100g,Snack,4.0700464
2026-07-22,W4,Basreng 100g,Snack,4.095012
2026-07-23,W4,Basreng 100g,Snack,4.2723203
2026-07-24,W4,Basreng 100g,Snack,4.3247023
2026-07-18,W4,Bayclin 500ml,Deterjen,0.8133201
2026-07-19,W4,Bayclin 500ml,Deterjen,0.8081948
2026-07-20,W4,Bayclin 500ml,Deterjen,0.69885
2026-07-21,W4,Bayclin 500ml,Deterjen,0.69885
2026-07-22,W4,Bayclin 500ml,Deterjen,0.70299685
2026-07-23,W4,Bayclin 500ml,Deterjen,0.69885
2026-07-24,W4,Bayclin 500ml,Deterjen,0.70046806
2026-07-18,W4,Beras medium 1kg,Sembako,1.0417761
2026-07-19,W4,Beras medium 1kg,Sembako,1.1074773
2026-07-20,W4,Beras medium 1kg,Sembako,0.8532481
2026-07-21,W4,Beras medium 1kg,Sembako,0.8645508
2026-07-22,W4,Beras medium 1kg,Sembako,0.8884549
2026-07-23,W4,Beras medium 1kg,Sembako,0.9245824
2026-07-24,W4,Beras medium 1kg,Sembako,0.95326126
2026-07-18,W4,Beras medium SPHP 5kg,Sembako,0.47675034
2026-07-19,W4,Beras medium SPHP 5kg,Sembako,0.47613862
2026-07-20,W4,Beras medium SPHP 5kg,Sembako,0.36572227
2026-07-21,W4,Beras medium SPHP 5kg,Sembako,0.32936057
2026-07-22,W4,Beras medium SPHP 5kg,Sembako,0.3282735
2026-07-23,W4,Beras medium SPHP 5kg,Sembako,0.3282735
2026-07-24,W4,Beras medium SPHP 5kg,Sembako,0.3282735
2026-07-18,W4,Beras premium 10kg,Sembako,0.07879754
2026-07-19,W4,Beras premium 10kg,Sembako,0.07879754
2026-07-20,W4,Beras premium 10kg,Sembako,0.07879754
2026-07-21,W4,Beras premium 10kg,Sembako,0.07879754
2026-07-22,W4,Beras premium 10kg,Sembako,0.07879754
2026-07-23,W4,Beras premium 10kg,Sembako,0.07879754
2026-07-24,W4,Beras premium 10kg,Sembako,0.07879754
2026-07-18,W4,Beras premium 5kg,Sembako,0.26930863
2026-07-19,W4,Beras premium 5kg,Sembako,0.26896307
2026-07-20,W4,Beras premium 5kg,Sembako,0.26115918
2026-07-21,W4,Beras premium 5kg,Sembako,0.31200108
2026-07-22,W4,Beras premium 5kg,Sembako,0.31200108
2026-07-23,W4,Beras premium 5kg,Sembako,0.31200108
2026-07-24,W4,Beras premium 5kg,Sembako,0.26202402
2026-07-18,W4,Buku gambar,ATK,0.5904097
2026-07-19,W4,Buku gambar,ATK,0.6140726
2026-07-20,W4,Buku gambar,ATK,0.6198272
2026-07-21,W4,Buku gambar,ATK,0.6162075
2026-07-22,W4,Buku gambar,ATK,0.6162075
2026-07-23,W4,Buku gambar,ATK,0.6162075
2026-07-24,W4,Buku gambar,ATK,0.5530072
2026-07-18,W4,Buku tulis Kiky,ATK,0.44389847
2026-07-19,W4,Buku tulis Kiky,ATK,0.3930141
2026-07-20,W4,Buku tulis Kiky,ATK,0.31514972
2026-07-21,W4,Buku tulis Kiky,ATK,0.31514972
2026-07-22,W4,Buku tulis Kiky,ATK,0.31514972
2026-07-23,W4,Buku tulis Kiky,ATK,0.31646934
2026-07-24,W4,Buku tulis Kiky,ATK,0.31514972
2026-07-18,W4,Buku tulis Sinar Dunia,ATK,0.47392038
2026-07-19,W4,Buku tulis Sinar Dunia,ATK,0.507999
2026-07-20,W4,Buku tulis Sinar Dunia,ATK,0.43773577
2026-07-21,W4,Buku tulis Sinar Dunia,ATK,0.43773577
2026-07-22,W4,Buku tulis Sinar Dunia,ATK,0.40468958
2026-07-23,W4,Buku tulis Sinar Dunia,ATK,0.42857555
2026-07-24,W4,Buku tulis Sinar Dunia,ATK,0.40468958
2026-07-18,W4,Charger,RumahTangga,0.1024852
2026-07-19,W4,Charger,RumahTangga,0.1024852
2026-07-20,W4,Charger,RumahTangga,0.1024852
2026-07-21,W4,Charger,RumahTangga,0.1024852
2026-07-22,W4,Charger,RumahTangga,0.1024852
2026-07-23,W4,Charger,RumahTangga,0.1024852
2026-07-24,W4,Charger,RumahTangga,0.1024852
2026-07-18,W4,Chocolatos sachet,Sachet,4.7403426
2026-07-19,W4,Chocolatos sachet,Sachet,4.822334
2026-07-20,W4,Chocolatos sachet,Sachet,3.759786
2026-07-21,W4,Chocolatos sachet,Sachet,4.118902
2026-07-22,W4,Chocolatos sachet,Sachet,4.237677
2026-07-23,W4,Chocolatos sachet,Sachet,4.178641
2026-07-24,W4,Chocolatos sachet,Sachet,4.1831
2026-07-18,W4,Cuka 100ml,Bumbu,1.0324138
2026-07-19,W4,Cuka 100ml,Bumbu,1.027819
2026-07-20,W4,Cuka 100ml,Bumbu,0.8584481
2026-07-21,W4,Cuka 100ml,Bumbu,0.8628462
2026-07-22,W4,Cuka 100ml,Bumbu,0.85706955
2026-07-23,W4,Cuka 100ml,Bumbu,0.8058949
2026-07-24,W4,Cuka 100ml,Bumbu,0.7753587
2026-07-18,W4,Deodoran Rexona 45ml,Perawatan,0.89195967
2026-07-19,W4,Deodoran Rexona 45ml,Perawatan,0.88799
2026-07-20,W4,Deodoran Rexona 45ml,Perawatan,0.88413274
2026-07-21,W4,Deodoran Rexona 45ml,Perawatan,0.88413274
2026-07-22,W4,Deodoran Rexona 45ml,Perawatan,0.69952255
2026-07-23,W4,Deodoran Rexona 45ml,Perawatan,0.69952255
2026-07-24,W4,Deodoran Rexona 45ml,Perawatan,0.7011422
2026-07-18,W4,Deodoran Rexona sachet,Perawatan,1.0819206
2026-07-19,W4,Deodoran Rexona sachet,Perawatan,1.1867578
2026-07-20,W4,Deodoran Rexona sachet,Perawatan,1.0616169
2026-07-21,W4,Deodoran Rexona sachet,Perawatan,1.043798
2026-07-22,W4,Deodoran Rexona sachet,Perawatan,0.9821394
2026-07-23,W4,Deodoran Rexona sachet,Perawatan,0.9082777
2026-07-24,W4,Deodoran Rexona sachet,Perawatan,0.9041669
2026-07-18,W4,Diapet strip,Obat,0.57470304
2026-07-19,W4,Diapet strip,Obat,0.5768596
2026-07-20,W4,Diapet strip,Obat,0.50380087
2026-07-21,W4,Diapet strip,Obat,0.4204099
2026-07-22,W4,Diapet strip,Obat,0.4204099
2026-07-23,W4,Diapet strip,Obat,0.47250083
2026-07-24,W4,Diapet strip,Obat,0.47163606
2026-07-18,W4,Djarum Super 12 batang,Rokok,0.8462454
2026-07-19,W4,Djarum Super 12 batang,Rokok,0.83992326
2026-07-20,W4,Djarum Super 12 batang,Rokok,0.74987495
2026-07-21,W4,Djarum Super 12 batang,Rokok,0.7502672
2026-07-22,W4,Djarum Super 12 batang,Rokok,0.76844686
2026-07-23,W4,Djarum Super 12 batang,Rokok,0.768158
2026-07-24,W4,Djarum Super 12 batang,Rokok,0.7544391
2026-07-18,W4,Es krim cup Wall's,Frozen,0.83497906
2026-07-19,W4,Es krim cup Wall's,Frozen,0.7879938
2026-07-20,W4,Es krim cup Wall's,Frozen,0.62518984
2026-07-21,W4,Es krim cup Wall's,Frozen,0.5904403
2026-07-22,W4,Es krim cup Wall's,Frozen,0.5904403
2026-07-23,W4,Es krim cup Wall's,Frozen,0.5904403
2026-07-24,W4,Es krim cup Wall's,Frozen,0.62852156
2026-07-18,W4,Esse 16 batang,Rokok,0.66132295
2026-07-19,W4,Esse 16 batang,Rokok,0.6161742
2026-07-20,W4,Esse 16 batang,Rokok,0.52447224
2026-07-21,W4,Esse 16 batang,Rokok,0.55387646
2026-07-22,W4,Esse 16 batang,Rokok,0.5557102
2026-07-23,W4,Esse 16 batang,Rokok,0.5557102
2026-07-24,W4,Esse 16 batang,Rokok,0.5569969
2026-07-18,W4,Extra Joss sachet,Sachet,4.5506954
2026-07-19,W4,Extra Joss sachet,Sachet,4.915736
2026-07-20,W4,Extra Joss sachet,Sachet,3.8893578
2026-07-21,W4,Extra Joss sachet,Sachet,4.1482983
2026-07-22,W4,Extra Joss sachet,Sachet,3.9934664
2026-07-23,W4,Extra Joss sachet,Sachet,4.240289
2026-07-24,W4,Extra Joss sachet,Sachet,4.3716745
2026-07-18,W4,FreshCare 10ml,Obat,0.48299733
2026-07-19,W4,FreshCare 10ml,Obat,0.42008445
2026-07-20,W4,FreshCare 10ml,Obat,0.44350725
2026-07-21,W4,FreshCare 10ml,Obat,0.44350725
2026-07-22,W4,FreshCare 10ml,Obat,0.44350725
2026-07-23,W4,FreshCare 10ml,Obat,0.44350725
2026-07-24,W4,FreshCare 10ml,Obat,0.482854
2026-07-18,W4,Frestea 350ml,Minuman,3.7861521
2026-07-19,W4,Frestea 350ml,Minuman,3.815416
2026-07-20,W4,Frestea 350ml,Minuman,3.177834
2026-07-21,W4,Frestea 350ml,Minuman,3.21648
2026-07-22,W4,Frestea 350ml,Minuman,3.2538953
2026-07-23,W4,Frestea 350ml,Minuman,3.3952014
2026-07-24,W4,Frestea 350ml,Minuman,3.3517418
2026-07-18,W4,Garam Refina 500g,Sembako,1.4248424
2026-07-19,W4,Garam Refina 500g,Sembako,1.3714864
2026-07-20,W4,Garam Refina 500g,Sembako,1.1664829
2026-07-21,W4,Garam Refina 500g,Sembako,1.1496423
2026-07-22,W4,Garam Refina 500g,Sembako,1.1005242
2026-07-23,W4,Garam Refina 500g,Sembako,1.11395
2026-07-24,W4,Garam Refina 500g,Sembako,1.1118059
2026-07-18,W4,Gayung,RumahTangga,0.13645057
2026-07-19,W4,Gayung,RumahTangga,0.13503183
2026-07-20,W4,Gayung,RumahTangga,0.13414389
2026-07-21,W4,Gayung,RumahTangga,0.13414389
2026-07-22,W4,Gayung,RumahTangga,0.13414389
2026-07-23,W4,Gayung,RumahTangga,0.13414389
2026-07-24,W4,Gayung,RumahTangga,0.13414389
2026-07-18,W4,Gelas plastik,Plastik,0.45054105
2026-07-19,W4,Gelas plastik,Plastik,0.40754014
2026-07-20,W4,Gelas plastik,Plastik,0.40959588
2026-07-21,W4,Gelas plastik,Plastik,0.40959588
2026-07-22,W4,Gelas plastik,Plastik,0.37385315
2026-07-23,W4,Gelas plastik,Plastik,0.37222874
2026-07-24,W4,Gelas plastik,Plastik,0.37222874
2026-07-18,W4,Gudang Garam 16 batang,Rokok,1.0619838
2026-07-19,W4,Gudang Garam 16 batang,Rokok,1.0398275
2026-07-20,W4,Gudang Garam 16 batang,Rokok,0.89583117
2026-07-21,W4,Gudang Garam 16 batang,Rokok,0.86681813
2026-07-22,W4,Gudang Garam 16 batang,Rokok,0.8730796
2026-07-23,W4,Gudang Garam 16 batang,Rokok,0.8704901
2026-07-24,W4,Gudang Garam 16 batang,Rokok,0.86882514
2026-07-18,W4,Gula pasir Gulaku 1kg,Sembako,0.7369942
2026-07-19,W4,Gula pasir Gulaku 1kg,Sembako,0.73420537
2026-07-20,W4,Gula pasir Gulaku 1kg,Sembako,0.6778039
2026-07-21,W4,Gula pasir Gulaku 1kg,Sembako,0.70791185
2026-07-22,W4,Gula pasir Gulaku 1kg,Sembako,0.7057897
2026-07-23,W4,Gula pasir Gulaku 1kg,Sembako,0.7246263
2026-07-24,W4,Gula pasir Gulaku 1kg,Sembako,0.72630405
2026-07-18,W4,Gula pasir curah 1kg,Sembako,1.0641794
2026-07-19,W4,Gula pasir curah 1kg,Sembako,1.1463586
2026-07-20,W4,Gula pasir curah 1kg,Sembako,0.89677185
2026-07-21,W4,Gula pasir curah 1kg,Sembako,0.9050192
2026-07-22,W4,Gula pasir curah 1kg,Sembako,0.8670248
2026-07-23,W4,Gula pasir curah 1kg,Sembako,0.89550155
2026-07-24,W4,Gula pasir curah 1kg,Sembako,0.8972866
2026-07-18,W4,Gunting Joyko,ATK,0.6041452
2026-07-19,W4,Gunting Joyko,ATK,0.5982942
2026-07-20,W4,Gunting Joyko,ATK,0.6291568
2026-07-21,W4,Gunting Joyko,ATK,0.55597186
2026-07-22,W4,Gunting Joyko,ATK,0.57924557
2026-07-23,W4,Gunting Joyko,ATK,0.65711886
2026-07-24,W4,Gunting Joyko,ATK,0.62413013
2026-07-18,W4,Hanger,RumahTangga,0.12088302
2026-07-19,W4,Hanger,RumahTangga,0.12088302
2026-07-20,W4,Hanger,RumahTangga,0.12062581
2026-07-21,W4,Hanger,RumahTangga,0.12062581
2026-07-22,W4,Hanger,RumahTangga,0.12062581
2026-07-23,W4,Hanger,RumahTangga,0.12062581
2026-07-24,W4,Hanger,RumahTangga,0.12062581
2026-07-18,W4,Hansaplast 10 pcs,Obat,0.82807535
2026-07-19,W4,Hansaplast 10 pcs,Obat,0.88745177
2026-07-20,W4,Hansaplast 10 pcs,Obat,0.84370065
2026-07-21,W4,Hansaplast 10 pcs,Obat,0.835804
2026-07-22,W4,Hansaplast 10 pcs,Obat,0.81895125
2026-07-23,W4,Hansaplast 10 pcs,Obat,0.83637255
2026-07-24,W4,Hansaplast 10 pcs,Obat,0.8449464
2026-07-18,W4,Indomie Cup,Mi,4.8064547
2026-07-19,W4,Indomie Cup,Mi,5.1947417
2026-07-20,W4,Indomie Cup,Mi,4.027249
2026-07-21,W4,Indomie Cup,Mi,4.3606706
2026-07-22,W4,Indomie Cup,Mi,4.950611
2026-07-23,W4,Indomie Cup,Mi,5.271699
2026-07-24,W4,Indomie Cup,Mi,5.3216686
2026-07-18,W4,Indomilk 190ml,Minuman,3.6259103
2026-07-19,W4,Indomilk 190ml,Minuman,3.4491558
2026-07-20,W4,Indomilk 190ml,Minuman,2.8840156
2026-07-21,W4,Indomilk 190ml,Minuman,2.9217072
2026-07-22,W4,Indomilk 190ml,Minuman,2.953379
2026-07-23,W4,Indomilk 190ml,Minuman,3.0169184
2026-07-24,W4,Indomilk 190ml,Minuman,3.018548
2026-07-18,W4,Isolasi,RumahTangga,0.13121621
2026-07-19,W4,Isolasi,RumahTangga,0.13121621
2026-07-20,W4,Isolasi,RumahTangga,0.13093701
2026-07-21,W4,Isolasi,RumahTangga,0.13093701
2026-07-22,W4,Isolasi,RumahTangga,0.13093701
2026-07-23,W4,Isolasi,RumahTangga,0.13093701
2026-07-24,W4,Isolasi,RumahTangga,0.13093701
2026-07-18,W4,Kabel USB,RumahTangga,0.11920993
2026-07-19,W4,Kabel USB,RumahTangga,0.11920993
2026-07-20,W4,Kabel USB,RumahTangga,0.11895628
2026-07-21,W4,Kabel USB,RumahTangga,0.11895628
2026-07-22,W4,Kabel USB,RumahTangga,0.11895628
2026-07-23,W4,Kabel USB,RumahTangga,0.12066965
2026-07-24,W4,Kabel USB,RumahTangga,0.11895628
2026-07-18,W4,Kacang kulit Garuda 100g,Snack,3.1913054
2026-07-19,W4,Kacang kulit Garuda 100g,Snack,3.1629457
2026-07-20,W4,Kacang kulit Garuda 100g,Snack,2.7128983
2026-07-21,W4,Kacang kulit Garuda 100g,Snack,3.0050948
2026-07-22,W4,Kacang kulit Garuda 100g,Snack,3.0186992
2026-07-23,W4,Kacang kulit Garuda 100g,Snack,2.9991758
2026-07-24,W4,Kacang kulit Garuda 100g,Snack,2.8827264
2026-07-18,W4,Kacang sukro Garuda 80g,Snack,3.738974
2026-07-19,W4,Kacang sukro Garuda 80g,Snack,3.8741808
2026-07-20,W4,Kacang sukro Garuda 80g,Snack,3.2051466
2026-07-21,W4,Kacang sukro Garuda 80g,Snack,3.3413575
2026-07-22,W4,Kacang sukro Garuda 80g,Snack,3.309741
2026-07-23,W4,Kacang sukro Garuda 80g,Snack,3.453351
2026-07-24,W4,Kacang sukro Garuda 80g,Snack,3.3811812
2026-07-18,W4,Kecap manis ABC 135ml,Bumbu,0.7134244
2026-07-19,W4,Kecap manis ABC 135ml,Bumbu,0.7134244
2026-07-20,W4,Kecap manis ABC 135ml,Bumbu,0.6310658
2026-07-21,W4,Kecap manis ABC 135ml,Bumbu,0.6329633
2026-07-22,W4,Kecap manis ABC 135ml,Bumbu,0.6310658
2026-07-23,W4,Kecap manis ABC 135ml,Bumbu,0.61654776
2026-07-24,W4,Kecap manis ABC 135ml,Bumbu,0.63252693
2026-07-18,W4,Kecap manis Sedap 135ml,Bumbu,0.64655334
2026-07-19,W4,Kecap manis Sedap 135ml,Bumbu,0.6746704
2026-07-20,W4,Kecap manis Sedap 135ml,Bumbu,0.58382666
2026-07-21,W4,Kecap manis Sedap 135ml,Bumbu,0.6818469
2026-07-22,W4,Kecap manis Sedap 135ml,Bumbu,0.7164051
2026-07-23,W4,Kecap manis Sedap 135ml,Bumbu,0.7164051
2026-07-24,W4,Kecap manis Sedap 135ml,Bumbu,0.64009464
2026-07-18,W4,Keripik kentang Chitato 68g,Snack,4.671286
2026-07-19,W4,Keripik kentang Chitato 68g,Snack,4.66369
2026-07-20,W4,Keripik kentang Chitato 68g,Snack,4.0985975
2026-07-21,W4,Keripik kentang Chitato 68g,Snack,4.134838
2026-07-22,W4,Keripik kentang Chitato 68g,Snack,4.2799873
2026-07-23,W4,Keripik kentang Chitato 68g,Snack,4.3369107
2026-07-24,W4,Keripik kentang Chitato 68g,Snack,4.370448
2026-07-18,W4,Kerupuk 100g,Snack,2.9496822
2026-07-19,W4,Kerupuk 100g,Snack,2.8670557
2026-07-20,W4,Kerupuk 100g,Snack,2.4277046
2026-07-21,W4,Kerupuk 100g,Snack,2.6893547
2026-07-22,W4,Kerupuk 100g,Snack,2.7110639
2026-07-23,W4,Kerupuk 100g,Snack,2.7896535
2026-07-24,W4,Kerupuk 100g,Snack,2.7627428
2026-07-18,W4,Khong Guan 200g,Snack,2.7641532
2026-07-19,W4,Khong Guan 200g,Snack,2.7439227
2026-07-20,W4,Khong Guan 200g,Snack,2.4941604
2026-07-21,W4,Khong Guan 200g,Snack,2.422297
2026-07-22,W4,Khong Guan 200g,Snack,2.4416075
2026-07-23,W4,Khong Guan 200g,Snack,2.4502978
2026-07-24,W4,Khong Guan 200g,Snack,2.521242
2026-07-18,W4,Klem selang,LPG,0.38394293
2026-07-19,W4,Klem selang,LPG,0.38042387
2026-07-20,W4,Klem selang,LPG,0.39968726
2026-07-21,W4,Klem selang,LPG,0.3412693
2026-07-22,W4,Klem selang,LPG,0.3412693
2026-07-23,W4,Klem selang,LPG,0.3425943
2026-07-24,W4,Klem selang,LPG,0.34298605
2026-07-18,W4,Kopi ABC sachet,Sachet,2.8320878
2026-07-19,W4,Kopi ABC sachet,Sachet,2.5446663
2026-07-20,W4,Kopi ABC sachet,Sachet,2.319398
2026-07-21,W4,Kopi ABC sachet,Sachet,2.6461995
2026-07-22,W4,Kopi ABC sachet,Sachet,2.675062
2026-07-23,W4,Kopi ABC sachet,Sachet,2.6706314
2026-07-24,W4,Kopi ABC sachet,Sachet,2.7358282
2026-07-18,W4,Kopi Kapal Api sachet,Sachet,9.292078
2026-07-19,W4,Kopi Kapal Api sachet,Sachet,9.3061495
2026-07-20,W4,Kopi Kapal Api sachet,Sachet,7.5294423
2026-07-21,W4,Kopi Kapal Api sachet,Sachet,7.7681026
2026-07-22,W4,Kopi Kapal Api sachet,Sachet,7.881389
2026-07-23,W4,Kopi Kapal Api sachet,Sachet,7.869083
2026-07-24,W4,Kopi Kapal Api sachet,Sachet,7.917529
2026-07-18,W4,Kopi susu Good Day sachet,Sachet,5.4928975
2026-07-19,W4,Kopi susu Good Day sachet,Sachet,5.457744
2026-07-20,W4,Kopi susu Good Day sachet,Sachet,4.54301
2026-07-21,W4,Kopi susu Good Day sachet,Sachet,4.6159973
2026-07-22,W4,Kopi susu Good Day sachet,Sachet,4.3925734
2026-07-23,W4,Kopi susu Good Day sachet,Sachet,4.288016
2026-07-24,W4,Kopi susu Good Day sachet,Sachet,4.5800714
2026-07-18,W4,Kopiko 78C 240ml,Minuman,3.947433
2026-07-19,W4,Kopiko 78C 240ml,Minuman,3.7660213
2026-07-20,W4,Kopiko 78C 240ml,Minuman,3.46166
2026-07-21,W4,Kopiko 78C 240ml,Minuman,3.4471247
2026-07-22,W4,Kopiko 78C 240ml,Minuman,3.514629
2026-07-23,W4,Kopiko 78C 240ml,Minuman,3.5314317
2026-07-24,W4,Kopiko 78C 240ml,Minuman,3.61162
2026-07-18,W4,Korek gas,Rokok,1.3909261
2026-07-19,W4,Korek gas,Rokok,1.3985815
2026-07-20,W4,Korek gas,Rokok,1.1204251
2026-07-21,W4,Korek gas,Rokok,1.1615723
2026-07-22,W4,Korek gas,Rokok,1.129849
2026-07-23,W4,Korek gas,Rokok,1.1615723
2026-07-24,W4,Korek gas,Rokok,1.1371487
2026-07-18,W4,Korek kayu,Rokok,1.3201087
2026-07-19,W4,Korek kayu,Rokok,1.315062
2026-07-20,W4,Korek kayu,Rokok,1.1315315
2026-07-21,W4,Korek kayu,Rokok,1.1365825
2026-07-22,W4,Korek kayu,Rokok,1.0931504
2026-07-23,W4,Korek kayu,Rokok,1.1297706
2026-07-24,W4,Korek kayu,Rokok,1.1354265
2026-07-18,W4,Kratingdaeng 150ml,Minuman,2.3684964
2026-07-19,W4,Kratingdaeng 150ml,Minuman,2.4242108
2026-07-20,W4,Kratingdaeng 150ml,Minuman,1.9444444
2026-07-21,W4,Kratingdaeng 150ml,Minuman,2.2123005
2026-07-22,W4,Kratingdaeng 150ml,Minuman,2.1777687
2026-07-23,W4,Kratingdaeng 150ml,Minuman,2.2147355
2026-07-24,W4,Kratingdaeng 150ml,Minuman,2.2520344
2026-07-18,W4,Kuaci Rebo 100g,Snack,2.7013378
2026-07-19,W4,Kuaci Rebo 100g,Snack,2.6440701
2026-07-20,W4,Kuaci Rebo 100g,Snack,2.3823931
2026-07-21,W4,Kuaci Rebo 100g,Snack,2.2851143
2026-07-22,W4,Kuaci Rebo 100g,Snack,2.1613975
2026-07-23,W4,Kuaci Rebo 100g,Snack,2.1539347
2026-07-24,W4,Kuaci Rebo 100g,Snack,1.9443865
2026-07-18,W4,Kukubima sachet,Minuman,3.4025753
2026-07-19,W4,Kukubima sachet,Minuman,3.347493
2026-07-20,W4,Kukubima sachet,Minuman,2.8183706
2026-07-21,W4,Kukubima sachet,Minuman,2.8874693
2026-07-22,W4,Kukubima sachet,Minuman,2.825283
2026-07-23,W4,Kukubima sachet,Minuman,3.005101
2026-07-24,W4,Kukubima sachet,Minuman,3.0136695
2026-07-18,W4,LA Bold 16 batang,Rokok,0.96243465
2026-07-19,W4,LA Bold 16 batang,Rokok,0.96773416
2026-07-20,W4,LA Bold 16 batang,Rokok,0.8354728
2026-07-21,W4,LA Bold 16 batang,Rokok,0.8507568
2026-07-22,W4,LA Bold 16 batang,Rokok,0.83905286
2026-07-23,W4,LA Bold 16 batang,Rokok,0.8583165
2026-07-24,W4,LA Bold 16 batang,Rokok,0.86261344
2026-07-18,W4,Lakban,RumahTangga,0.11422722
2026-07-19,W4,Lakban,RumahTangga,0.11422722
2026-07-20,W4,Lakban,RumahTangga,0.11422722
2026-07-21,W4,Lakban,RumahTangga,0.11422722
2026-07-22,W4,Lakban,RumahTangga,0.11422722
2026-07-23,W4,Lakban,RumahTangga,0.11422722
2026-07-24,W4,Lakban,RumahTangga,0.11422722
2026-07-18,W4,Lap dapur,Plastik,0.36583695
2026-07-19,W4,Lap dapur,Plastik,0.36452785
2026-07-20,W4,Lap dapur,Plastik,0.32891113
2026-07-21,W4,Lap dapur,Plastik,0.32891113
2026-07-22,W4,Lap dapur,Plastik,0.32891113
2026-07-23,W4,Lap dapur,Plastik,0.32891113
2026-07-24,W4,Lap dapur,Plastik,0.32891113
2026-07-18,W4,Le Minerale 600ml,Minuman,3.8527524
2026-07-19,W4,Le Minerale 600ml,Minuman,3.8859885
2026-07-20,W4,Le Minerale 600ml,Minuman,3.194855
2026-07-21,W4,Le Minerale 600ml,Minuman,3.2565942
2026-07-22,W4,Le Minerale 600ml,Minuman,3.2378595
2026-07-23,W4,Le Minerale 600ml,Minuman,3.3317213
2026-07-24,W4,Le Minerale 600ml,Minuman,3.3667006
2026-07-18,W4,Makaroni 200g,Mi,2.8667176
2026-07-19,W4,Makaroni 200g,Mi,2.9239423
2026-07-20,W4,Makaroni 200g,Mi,2.6430118
2026-07-21,W4,Makaroni 200g,Mi,2.7262638
2026-07-22,W4,Makaroni 200g,Mi,2.8967044
2026-07-23,W4,Makaroni 200g,Mi,2.9684258
2026-07-24,W4,Makaroni 200g,Mi,3.003358
2026-07-18,W4,Makaroni pedas 100g,Snack,3.1098287
2026-07-19,W4,Makaroni pedas 100g,Snack,3.0540216
2026-07-20,W4,Makaroni pedas 100g,Snack,2.6609533
2026-07-21,W4,Makaroni pedas 100g,Snack,2.67108
2026-07-22,W4,Makaroni pedas 100g,Snack,2.7240372
2026-07-23,W4,Makaroni pedas 100g,Snack,2.8116953
2026-07-24,W4,Makaroni pedas 100g,Snack,2.8720484
2026-07-18,W4,Mama Lemon 400ml,Deterjen,0.61785376
2026-07-19,W4,Mama Lemon 400ml,Deterjen,0.64817685
2026-07-20,W4,Mama Lemon 400ml,Deterjen,0.6134746
2026-07-21,W4,Mama Lemon 400ml,Deterjen,0.61484283
2026-07-22,W4,Mama Lemon 400ml,Deterjen,0.5728903
2026-07-23,W4,Mama Lemon 400ml,Deterjen,0.5728903
2026-07-24,W4,Mama Lemon 400ml,Deterjen,0.5744283
2026-07-18,W4,Map,ATK,0.16313092
2026-07-19,W4,Map,ATK,0.15827523
2026-07-20,W4,Map,ATK,0.15401281
2026-07-21,W4,Map,ATK,0.20918763
2026-07-22,W4,Map,ATK,0.20918763
2026-07-23,W4,Map,ATK,0.30032745
2026-07-24,W4,Map,ATK,0.30227545
2026-07-18,W4,Merica bubuk Ladaku,Bumbu,0.6215041
2026-07-19,W4,Merica bubuk Ladaku,Bumbu,0.622815
2026-07-20,W4,Merica bubuk Ladaku,Bumbu,0.54910487
2026-07-21,W4,Merica bubuk Ladaku,Bumbu,0.5588932
2026-07-22,W4,Merica bubuk Ladaku,Bumbu,0.5588932
2026-07-23,W4,Merica bubuk Ladaku,Bumbu,0.56182665
2026-07-24,W4,Merica bubuk Ladaku,Bumbu,0.54910487
2026-07-18,W4,Mi goreng Indomie,Mi,11.875889
2026-07-19,W4,Mi goreng Indomie,Mi,11.065609
2026-07-20,W4,Mi goreng Indomie,Mi,11.190991
2026-07-21,W4,Mi goreng Indomie,Mi,11.475408
2026-07-22,W4,Mi goreng Indomie,Mi,10.660001
2026-07-23,W4,Mi goreng Indomie,Mi,11.873358
2026-07-24,W4,Mi goreng Indomie,Mi,12.105518
2026-07-18,W4,Mi goreng Sedaap,Mi,4.066086
2026-07-19,W4,Mi goreng Sedaap,Mi,4.420654
2026-07-20,W4,Mi goreng Sedaap,Mi,3.5905564
2026-07-21,W4,Mi goreng Sedaap,Mi,3.5096705
2026-07-22,W4,Mi goreng Sedaap,Mi,3.6681545
2026-07-23,W4,Mi goreng Sedaap,Mi,3.5522966
2026-07-24,W4,Mi goreng Sedaap,Mi,3.397962
2026-07-18,W4,Mi jumbo Indomie,Mi,3.0414438
2026-07-19,W4,Mi jumbo Indomie,Mi,2.9413652
2026-07-20,W4,Mi jumbo Indomie,Mi,2.3907614
2026-07-21,W4,Mi jumbo Indomie,Mi,2.5724664
2026-07-22,W4,Mi jumbo Indomie,Mi,2.6428568
2026-07-23,W4,Mi jumbo Indomie,Mi,2.606038
2026-07-24,W4,Mi jumbo Indomie,Mi,2.0964286
2026-07-18,W4,Mi kari ayam Indomie,Mi,4.2349014
2026-07-19,W4,Mi kari ayam Indomie,Mi,4.2399035
2026-07-20,W4,Mi kari ayam Indomie,Mi,3.5132787
2026-07-21,W4,Mi kari ayam Indomie,Mi,3.551275
2026-07-22,W4,Mi kari ayam Indomie,Mi,3.4730127
2026-07-23,W4,Mi kari ayam Indomie,Mi,3.449252
2026-07-24,W4,Mi kari ayam Indomie,Mi,3.48365
2026-07-18,W4,Minyak goreng Fortune 1L,Sembako,1.1476771
2026-07-19,W4,Minyak goreng Fortune 1L,Sembako,1.0621437
2026-07-20,W4,Minyak goreng Fortune 1L,Sembako,0.8868973
2026-07-21,W4,Minyak goreng Fortune 1L,Sembako,0.8900456
2026-07-22,W4,Minyak goreng Fortune 1L,Sembako,0.8900456
2026-07-23,W4,Minyak goreng Fortune 1L,Sembako,0.8735901
2026-07-24,W4,Minyak goreng Fortune 1L,Sembako,0.89590394
2026-07-18,W4,Minyak rambut Gatsby 75g,Perawatan,0.8279304
2026-07-19,W4,Minyak rambut Gatsby 75g,Perawatan,0.7881712
2026-07-20,W4,Minyak rambut Gatsby 75g,Perawatan,0.7321754
2026-07-21,W4,Minyak rambut Gatsby 75g,Perawatan,0.7422319
2026-07-22,W4,Minyak rambut Gatsby 75g,Perawatan,0.6950737
2026-07-23,W4,Minyak rambut Gatsby 75g,Perawatan,0.6933867
2026-07-24,W4,Minyak rambut Gatsby 75g,Perawatan,0.6968579
2026-07-18,W4,Minyak telon My Baby 60ml,Bayi,0.1285446
2026-07-19,W4,Minyak telon My Baby 60ml,Bayi,0.1285446
2026-07-20,W4,Minyak telon My Baby 60ml,Bayi,0.12827112
2026-07-21,W4,Minyak telon My Baby 60ml,Bayi,0.12827112
2026-07-22,W4,Minyak telon My Baby 60ml,Bayi,0.12827112
2026-07-23,W4,Minyak telon My Baby 60ml,Bayi,0.12827112
2026-07-24,W4,Minyak telon My Baby 60ml,Bayi,0.12827112
2026-07-18,W4,Minyakita 1L,Sembako,0.9726207
2026-07-19,W4,Minyakita 1L,Sembako,0.96706915
2026-07-20,W4,Minyakita 1L,Sembako,0.8128577
2026-07-21,W4,Minyakita 1L,Sembako,0.8112127
2026-07-22,W4,Minyakita 1L,Sembako,0.7952887
2026-07-23,W4,Minyakita 1L,Sembako,0.781246
2026-07-24,W4,Minyakita 1L,Sembako,0.7830549
2026-07-18,W4,Nescafe 220ml,Minuman,4.565613
2026-07-19,W4,Nescafe 220ml,Minuman,4.4256034
2026-07-20,W4,Nescafe 220ml,Minuman,4.0905333
2026-07-21,W4,Nescafe 220ml,Minuman,3.8119063
2026-07-22,W4,Nescafe 220ml,Minuman,3.9893355
2026-07-23,W4,Nescafe 220ml,Minuman,4.059891
2026-07-24,W4,Nescafe 220ml,Minuman,4.11187
2026-07-18,W4,Nugget Fiesta 250g,Frozen,1.1881992
2026-07-19,W4,Nugget Fiesta 250g,Frozen,1.1931018
2026-07-20,W4,Nugget Fiesta 250g,Frozen,0.88513297
2026-07-21,W4,Nugget Fiesta 250g,Frozen,0.8896678
2026-07-22,W4,Nugget Fiesta 250g,Frozen,0.93515164
2026-07-23,W4,Nugget Fiesta 250g,Frozen,0.9338623
2026-07-24,W4,Nugget Fiesta 250g,Frozen,0.9417722
2026-07-18,W4,Oatmeal Quaker 35g,Mi,3.6319287
2026-07-19,W4,Oatmeal Quaker 35g,Mi,3.6768632
2026-07-20,W4,Oatmeal Quaker 35g,Mi,2.9840524
2026-07-21,W4,Oatmeal Quaker 35g,Mi,3.0114872
2026-07-22,W4,Oatmeal Quaker 35g,Mi,3.114158
2026-07-23,W4,Oatmeal Quaker 35g,Mi,3.1801786
2026-07-24,W4,Oatmeal Quaker 35g,Mi,3.1649075
2026-07-18,W4,Oli motor 0.8L,LPG,0.20434721
2026-07-19,W4,Oli motor 0.8L,LPG,0.205114
2026-07-20,W4,Oli motor 0.8L,LPG,0.20110491
2026-07-21,W4,Oli motor 0.8L,LPG,0.19241582
2026-07-22,W4,Oli motor 0.8L,LPG,0.19241582
2026-07-23,W4,Oli motor 0.8L,LPG,0.19241582
2026-07-24,W4,Oli motor 0.8L,LPG,0.19197358
2026-07-18,W4,Oralit sachet,Obat,0.42017496
2026-07-19,W4,Oralit sachet,Obat,0.3869178
2026-07-20,W4,Oralit sachet,Obat,0.36879262
2026-07-21,W4,Oralit sachet,Obat,0.38555256
2026-07-22,W4,Oralit sachet,Obat,0.38555256
2026-07-23,W4,Oralit sachet,Obat,0.38682795
2026-07-24,W4,Oralit sachet,Obat,0.3779141
2026-07-18,W4,Pantyliner Laurier,Tisu,0.400688
2026-07-19,W4,Pantyliner Laurier,Tisu,0.40387562
2026-07-20,W4,Pantyliner Laurier,Tisu,0.35846356
2026-07-21,W4,Pantyliner Laurier,Tisu,0.36103767
2026-07-22,W4,Pantyliner Laurier,Tisu,0.36033434
2026-07-23,W4,Pantyliner Laurier,Tisu,0.3654968
2026-07-24,W4,Pantyliner Laurier,Tisu,0.3657723
2026-07-18,W4,Pel,RumahTangga,0.11548098
2026-07-19,W4,Pel,RumahTangga,0.11548098
2026-07-20,W4,Pel,RumahTangga,0.11548098
2026-07-21,W4,Pel,RumahTangga,0.11548098
2026-07-22,W4,Pel,RumahTangga,0.11548098
2026-07-23,W4,Pel,RumahTangga,0.11548098
2026-07-24,W4,Pel,RumahTangga,0.11548098
2026-07-18,W4,Pembalut Charm,Tisu,0.31811896
2026-07-19,W4,Pembalut Charm,Tisu,0.31652308
2026-07-20,W4,Pembalut Charm,Tisu,0.29506078
2026-07-21,W4,Pembalut Charm,Tisu,0.29506078
2026-07-22,W4,Pembalut Charm,Tisu,0.2881765
2026-07-23,W4,Pembalut Charm,Tisu,0.2891385
2026-07-24,W4,Pembalut Charm,Tisu,0.28878152
2026-07-18,W4,Penghapus Faber-Castell,ATK,0.41350254
2026-07-19,W4,Penghapus Faber-Castell,ATK,0.41171622
2026-07-20,W4,Penghapus Faber-Castell,ATK,0.3927734
2026-07-21,W4,Penghapus Faber-Castell,ATK,0.40514925
2026-07-22,W4,Penghapus Faber-Castell,ATK,0.39320257
2026-07-23,W4,Penghapus Faber-Castell,ATK,0.3955289
2026-07-24,W4,Penghapus Faber-Castell,ATK,0.3955289
2026-07-18,W4,Pengharum mobil,LPG,0.4175683
2026-07-19,W4,Pengharum mobil,LPG,0.4154735
2026-07-20,W4,Pengharum mobil,LPG,0.39109817
2026-07-21,W4,Pengharum mobil,LPG,0.40055084
2026-07-22,W4,Pengharum mobil,LPG,0.3951113
2026-07-23,W4,Pengharum mobil,LPG,0.3951113
2026-07-24,W4,Pengharum mobil,LPG,0.3951113
2026-07-18,W4,Permen Kopiko,Snack,2.2852695
2026-07-19,W4,Permen Kopiko,Snack,2.2983696
2026-07-20,W4,Permen Kopiko,Snack,1.9559398
2026-07-21,W4,Permen Kopiko,Snack,1.9328126
2026-07-22,W4,Permen Kopiko,Snack,1.9328126
2026-07-23,W4,Permen Kopiko,Snack,1.9328126
2026-07-24,W4,Permen Kopiko,Snack,1.6158384
2026-07-18,W4,Plastik es,Plastik,0.31378996
2026-07-19,W4,Plastik es,Plastik,0.31168732
2026-07-20,W4,Plastik es,Plastik,0.3014446
2026-07-21,W4,Plastik es,Plastik,0.30075178
2026-07-22,W4,Plastik es,Plastik,0.30075178
2026-07-23,W4,Plastik es,Plastik,0.30075178
2026-07-24,W4,Plastik es,Plastik,0.25806573
2026-07-18,W4,Plastik kresek kecil,Plastik,0.29865918
2026-07-19,W4,Plastik kresek kecil,Plastik,0.29895103
2026-07-20,W4,Plastik kresek kecil,Plastik,0.28491247
2026-07-21,W4,Plastik kresek kecil,Plastik,0.28491247
2026-07-22,W4,Plastik kresek kecil,Plastik,0.28425765
2026-07-23,W4,Plastik kresek kecil,Plastik,0.28425765
2026-07-24,W4,Plastik kresek kecil,Plastik,0.28425765
2026-07-18,W4,Plastik kresek sedang,Plastik,0.26387662
2026-07-19,W4,Plastik kresek sedang,Plastik,0.26852417
2026-07-20,W4,Plastik kresek sedang,Plastik,0.25526834
2026-07-21,W4,Plastik kresek sedang,Plastik,0.25526834
2026-07-22,W4,Plastik kresek sedang,Plastik,0.25813624
2026-07-23,W4,Plastik kresek sedang,Plastik,0.25813624
2026-07-24,W4,Plastik kresek sedang,Plastik,0.25813624
2026-07-18,W4,Pocari Sweat 350ml,Minuman,3.8689148
2026-07-19,W4,Pocari Sweat 350ml,Minuman,3.8729174
2026-07-20,W4,Pocari Sweat 350ml,Minuman,3.3622174
2026-07-21,W4,Pocari Sweat 350ml,Minuman,3.4397597
2026-07-22,W4,Pocari Sweat 350ml,Minuman,3.758964
2026-07-23,W4,Pocari Sweat 350ml,Minuman,4.567617
2026-07-24,W4,Pocari Sweat 350ml,Minuman,4.592304
2026-07-18,W4,Popok Merries isi 10,Bayi,0.15014258
2026-07-19,W4,Popok Merries isi 10,Bayi,0.15081486
2026-07-20,W4,Popok Merries isi 10,Bayi,0.14982313
2026-07-21,W4,Popok Merries isi 10,Bayi,0.14982313
2026-07-22,W4,Popok Merries isi 10,Bayi,0.14982313
2026-07-23,W4,Popok Merries isi 10,Bayi,0.15164088
2026-07-24,W4,Popok Merries isi 10,Bayi,0.15657431
2026-07-18,W4,Pulpen Standard AE7,ATK,0.5271443
2026-07-19,W4,Pulpen Standard AE7,ATK,0.52449983
2026-07-20,W4,Pulpen Standard AE7,ATK,0.47823653
2026-07-21,W4,Pulpen Standard AE7,ATK,0.47823653
2026-07-22,W4,Pulpen Standard AE7,ATK,0.4567483
2026-07-23,W4,Pulpen Standard AE7,ATK,0.39060146
2026-07-24,W4,Pulpen Standard AE7,ATK,0.39060146
2026-07-18,W4,Rautan Joyko,ATK,0.64076906
2026-07-19,W4,Rautan Joyko,ATK,0.63590044
2026-07-20,W4,Rautan Joyko,ATK,0.638403
2026-07-21,W4,Rautan Joyko,ATK,0.6409625
2026-07-22,W4,Rautan Joyko,ATK,0.6376347
2026-07-23,W4,Rautan Joyko,ATK,0.633983
2026-07-24,W4,Rautan Joyko,ATK,0.71568227
2026-07-18,W4,Rinso 800g,Deterjen,0.96259075
2026-07-19,W4,Rinso 800g,Deterjen,0.9554146
2026-07-20,W4,Rinso 800g,Deterjen,0.79694325
2026-07-21,W4,Rinso 800g,Deterjen,0.7987498
2026-07-22,W4,Rinso 800g,Deterjen,0.7600129
2026-07-23,W4,Rinso 800g,Deterjen,0.7600129
2026-07-24,W4,Rinso 800g,Deterjen,0.7541786
2026-07-18,W4,Roma Kelapa 300g,Snack,3.8701367
2026-07-19,W4,Roma Kelapa 300g,Snack,3.8796673
2026-07-20,W4,Roma Kelapa 300g,Snack,3.233078
2026-07-21,W4,Roma Kelapa 300g,Snack,3.422135
2026-07-22,W4,Roma Kelapa 300g,Snack,3.542503
2026-07-23,W4,Roma Kelapa 300g,Snack,3.6446683
2026-07-24,W4,Roma Kelapa 300g,Snack,3.5571415
2026-07-18,W4,Sabun batang Lifebuoy,Perawatan,0.77141255
2026-07-19,W4,Sabun batang Lifebuoy,Perawatan,0.72735345
2026-07-20,W4,Sabun batang Lifebuoy,Perawatan,0.689142
2026-07-21,W4,Sabun batang Lifebuoy,Perawatan,0.69067895
2026-07-22,W4,Sabun batang Lifebuoy,Perawatan,0.69067895
2026-07-23,W4,Sabun batang Lifebuoy,Perawatan,0.7472751
2026-07-24,W4,Sabun batang Lifebuoy,Perawatan,0.76982415
2026-07-18,W4,Sabun batang Lux,Perawatan,0.7912836
2026-07-19,W4,Sabun batang Lux,Perawatan,0.7565291
2026-07-20,W4,Sabun batang Lux,Perawatan,0.6639236
2026-07-21,W4,Sabun batang Lux,Perawatan,0.6241201
2026-07-22,W4,Sabun batang Lux,Perawatan,0.54180837
2026-07-23,W4,Sabun batang Lux,Perawatan,0.54180837
2026-07-24,W4,Sabun batang Lux,Perawatan,0.572958
2026-07-18,W4,Sabun cair Lifebuoy 250ml,Perawatan,0.8537412
2026-07-19,W4,Sabun cair Lifebuoy 250ml,Perawatan,0.8518476
2026-07-20,W4,Sabun cair Lifebuoy 250ml,Perawatan,0.86829877
2026-07-21,W4,Sabun cair Lifebuoy 250ml,Perawatan,0.8753716
2026-07-22,W4,Sabun cair Lifebuoy 250ml,Perawatan,0.8109591
2026-07-23,W4,Sabun cair Lifebuoy 250ml,Perawatan,0.7340321
2026-07-24,W4,Sabun cair Lifebuoy 250ml,Perawatan,0.73549527
2026-07-18,W4,Sampoerna Mild 16 batang,Rokok,0.76621634
2026-07-19,W4,Sampoerna Mild 16 batang,Rokok,0.7665045
2026-07-20,W4,Sampoerna Mild 16 batang,Rokok,0.66873187
2026-07-21,W4,Sampoerna Mild 16 batang,Rokok,0.66873187
2026-07-22,W4,Sampoerna Mild 16 batang,Rokok,0.66873187
2026-07-23,W4,Sampoerna Mild 16 batang,Rokok,0.66873187
2026-07-24,W4,Sampoerna Mild 16 batang,Rokok,0.75146407
2026-07-18,W4,Sapu lidi,RumahTangga,0.11106595
2026-07-19,W4,Sapu lidi,RumahTangga,0.11106595
2026-07-20,W4,Sapu lidi,RumahTangga,0.11106595
2026-07-21,W4,Sapu lidi,RumahTangga,0.11106595
2026-07-22,W4,Sapu lidi,RumahTangga,0.11106595
2026-07-23,W4,Sapu lidi,RumahTangga,0.11106595
2026-07-24,W4,Sapu lidi,RumahTangga,0.11106595
2026-07-18,W4,Saus sambal ABC 135ml,Bumbu,0.8460722
2026-07-19,W4,Saus sambal ABC 135ml,Bumbu,0.8400513
2026-07-20,W4,Saus sambal ABC 135ml,Bumbu,0.72247106
2026-07-21,W4,Saus sambal ABC 135ml,Bumbu,0.694717
2026-07-22,W4,Saus sambal ABC 135ml,Bumbu,0.694717
2026-07-23,W4,Saus sambal ABC 135ml,Bumbu,0.68066096
2026-07-24,W4,Saus sambal ABC 135ml,Bumbu,0.6898339
2026-07-18,W4,Saus tomat ABC 135ml,Bumbu,0.69494873
2026-07-19,W4,Saus tomat ABC 135ml,Bumbu,0.62042356
2026-07-20,W4,Saus tomat ABC 135ml,Bumbu,0.48173735
2026-07-21,W4,Saus tomat ABC 135ml,Bumbu,0.48173735
2026-07-22,W4,Saus tomat ABC 135ml,Bumbu,0.48173735
2026-07-23,W4,Saus tomat ABC 135ml,Bumbu,0.43573487
2026-07-24,W4,Saus tomat ABC 135ml,Bumbu,0.44053897
2026-07-18,W4,Selang gas,LPG,0.19481032
2026-07-19,W4,Selang gas,LPG,0.19554132
2026-07-20,W4,Selang gas,LPG,0.19021454
2026-07-21,W4,Selang gas,LPG,0.19021454
2026-07-22,W4,Selang gas,LPG,0.19021454
2026-07-23,W4,Selang gas,LPG,0.19021454
2026-07-24,W4,Selang gas,LPG,0.19021454
2026-07-18,W4,Senter,RumahTangga,0.11456091
2026-07-19,W4,Senter,RumahTangga,0.11456091
2026-07-20,W4,Senter,RumahTangga,0.11456091
2026-07-21,W4,Senter,RumahTangga,0.11456091
2026-07-22,W4,Senter,RumahTangga,0.11456091
2026-07-23,W4,Senter,RumahTangga,0.11456091
2026-07-24,W4,Senter,RumahTangga,0.11456091
2026-07-18,W4,Shampoo Clear sachet,Perawatan,0.6688351
2026-07-19,W4,Shampoo Clear sachet,Perawatan,0.6688351
2026-07-20,W4,Shampoo Clear sachet,Perawatan,0.5976665
2026-07-21,W4,Shampoo Clear sachet,Perawatan,0.5976665
2026-07-22,W4,Shampoo Clear sachet,Perawatan,0.5852161
2026-07-23,W4,Shampoo Clear sachet,Perawatan,0.5852161
2026-07-24,W4,Shampoo Clear sachet,Perawatan,0.5636678
2026-07-18,W4,Shampoo Sunsilk sachet,Perawatan,1.0173088
2026-07-19,W4,Shampoo Sunsilk sachet,Perawatan,0.93709695
2026-07-20,W4,Shampoo Sunsilk sachet,Perawatan,0.8062464
2026-07-21,W4,Shampoo Sunsilk sachet,Perawatan,0.7848249
2026-07-22,W4,Shampoo Sunsilk sachet,Perawatan,0.7848249
2026-07-23,W4,Shampoo Sunsilk sachet,Perawatan,0.8023825
2026-07-24,W4,Shampoo Sunsilk sachet,Perawatan,0.7762001
2026-07-18,W4,Sikat,Deterjen,0.89966303
2026-07-19,W4,Sikat,Deterjen,0.9028737
2026-07-20,W4,Sikat,Deterjen,0.79616684
2026-07-21,W4,Sikat,Deterjen,0.779771
2026-07-22,W4,Sikat,Deterjen,0.779771
2026-07-23,W4,Sikat,Deterjen,0.80347973
2026-07-24,W4,Sikat,Deterjen,0.7990817
2026-07-18,W4,Sikat gigi Formula,Perawatan,0.7489845
2026-07-19,W4,Sikat gigi Formula,Perawatan,0.721962
2026-07-20,W4,Sikat gigi Formula,Perawatan,0.67593205
2026-07-21,W4,Sikat gigi Formula,Perawatan,0.67390573
2026-07-22,W4,Sikat gigi Formula,Perawatan,0.68507326
2026-07-23,W4,Sikat gigi Formula,Perawatan,0.68535596
2026-07-24,W4,Sikat gigi Formula,Perawatan,0.6819765
2026-07-18,W4,Soklin sachet,Deterjen,0.8120827
2026-07-19,W4,Soklin sachet,Deterjen,0.87139964
2026-07-20,W4,Soklin sachet,Deterjen,0.7412739
2026-07-21,W4,Soklin sachet,Deterjen,0.7491329
2026-07-22,W4,Soklin sachet,Deterjen,0.7491329
2026-07-23,W4,Soklin sachet,Deterjen,0.72979575
2026-07-24,W4,Soklin sachet,Deterjen,0.67070574
2026-07-18,W4,Sosis So Nice,Frozen,0.95523685
2026-07-19,W4,Sosis So Nice,Frozen,0.9857589
2026-07-20,W4,Sosis So Nice,Frozen,0.8709153
2026-07-21,W4,Sosis So Nice,Frozen,0.92255104
2026-07-22,W4,Sosis So Nice,Frozen,0.93303055
2026-07-23,W4,Sosis So Nice,Frozen,1.0000466
2026-07-24,W4,Sosis So Nice,Frozen,1.0455662
2026-07-18,W4,Spons (kebersihan),Deterjen,1.0310763
2026-07-19,W4,Spons (kebersihan),Deterjen,1.0221177
2026-07-20,W4,Spons (kebersihan),Deterjen,0.8136397
2026-07-21,W4,Spons (kebersihan),Deterjen,0.82263595
2026-07-22,W4,Spons (kebersihan),Deterjen,0.82016987
2026-07-23,W4,Spons (kebersihan),Deterjen,0.81998706
2026-07-24,W4,Spons (kebersihan),Deterjen,0.82731605
2026-07-18,W4,Sunlight sachet,Deterjen,1.3136681
2026-07-19,W4,Sunlight sachet,Deterjen,1.2961191
2026-07-20,W4,Sunlight sachet,Deterjen,1.0458449
2026-07-21,W4,Sunlight sachet,Deterjen,1.0492039
2026-07-22,W4,Sunlight sachet,Deterjen,1.0759722
2026-07-23,W4,Sunlight sachet,Deterjen,1.134464
2026-07-24,W4,Sunlight sachet,Deterjen,1.1760664
2026-07-18,W4,Super Pell 450ml,Deterjen,0.64554006
2026-07-19,W4,Super Pell 450ml,Deterjen,0.6445663
2026-07-20,W4,Super Pell 450ml,Deterjen,0.55305403
2026-07-21,W4,Super Pell 450ml,Deterjen,0.55305403
2026-07-22,W4,Super Pell 450ml,Deterjen,0.6191495
2026-07-23,W4,Super Pell 450ml,Deterjen,0.67407006
2026-07-24,W4,Super Pell 450ml,Deterjen,0.57655233
2026-07-18,W4,Susu formula Dancow 200g,Bayi,0.1311353
2026-07-19,W4,Susu formula Dancow 200g,Bayi,0.1311353
2026-07-20,W4,Susu formula Dancow 200g,Bayi,0.1311353
2026-07-21,W4,Susu formula Dancow 200g,Bayi,0.1311353
2026-07-22,W4,Susu formula Dancow 200g,Bayi,0.1311353
2026-07-23,W4,Susu formula Dancow 200g,Bayi,0.1311353
2026-07-24,W4,Susu formula Dancow 200g,Bayi,0.1311353
2026-07-18,W4,Susu formula SGM 200g,Bayi,0.14840676
2026-07-19,W4,Susu formula SGM 200g,Bayi,0.14907126
2026-07-20,W4,Susu formula SGM 200g,Bayi,0.14632654
2026-07-21,W4,Susu formula SGM 200g,Bayi,0.14632654
2026-07-22,W4,Susu formula SGM 200g,Bayi,0.14632654
2026-07-23,W4,Susu formula SGM 200g,Bayi,0.14604692
2026-07-24,W4,Susu formula SGM 200g,Bayi,0.14604692
2026-07-18,W4,Teh Sariwangi 25 kantong,Sachet,2.4190724
2026-07-19,W4,Teh Sariwangi 25 kantong,Sachet,1.8528965
2026-07-20,W4,Teh Sariwangi 25 kantong,Sachet,2.1292958
2026-07-21,W4,Teh Sariwangi 25 kantong,Sachet,1.9311447
2026-07-22,W4,Teh Sariwangi 25 kantong,Sachet,2.3227732
2026-07-23,W4,Teh Sariwangi 25 kantong,Sachet,2.4721184
2026-07-24,W4,Teh Sariwangi 25 kantong,Sachet,2.4991782
2026-07-18,W4,Teh Tong Tji sachet,Sachet,3.3273437
2026-07-19,W4,Teh Tong Tji sachet,Sachet,2.8680792
2026-07-20,W4,Teh Tong Tji sachet,Sachet,2.1727464
2026-07-21,W4,Teh Tong Tji sachet,Sachet,2.1967947
2026-07-22,W4,Teh Tong Tji sachet,Sachet,2.1919034
2026-07-23,W4,Teh Tong Tji sachet,Sachet,2.393207
2026-07-24,W4,Teh Tong Tji sachet,Sachet,2.550301
2026-07-18,W4,Tepung terigu Kompas 1kg,Sembako,0.9406504
2026-07-19,W4,Tepung terigu Kompas 1kg,Sembako,1.0063568
2026-07-20,W4,Tepung terigu Kompas 1kg,Sembako,0.84045243
2026-07-21,W4,Tepung terigu Kompas 1kg,Sembako,0.84373313
2026-07-22,W4,Tepung terigu Kompas 1kg,Sembako,0.8433525
2026-07-23,W4,Tepung terigu Kompas 1kg,Sembako,0.8408243
2026-07-24,W4,Tepung terigu Kompas 1kg,Sembako,0.8243336
2026-07-18,W4,Terasi ABC 20g,Bumbu,0.6685871
2026-07-19,W4,Terasi ABC 20g,Bumbu,0.6691737
2026-07-20,W4,Terasi ABC 20g,Bumbu,0.6043308
2026-07-21,W4,Terasi ABC 20g,Bumbu,0.6468189
2026-07-22,W4,Terasi ABC 20g,Bumbu,0.6501946
2026-07-23,W4,Terasi ABC 20g,Bumbu,0.70633423
2026-07-24,W4,Terasi ABC 20g,Bumbu,0.6504629
2026-07-18,W4,Tisu Nice,Tisu,0.2197592
2026-07-19,W4,Tisu Nice,Tisu,0.2199533
2026-07-20,W4,Tisu Nice,Tisu,0.21632086
2026-07-21,W4,Tisu Nice,Tisu,0.21632086
2026-07-22,W4,Tisu Nice,Tisu,0.21632086
2026-07-23,W4,Tisu Nice,Tisu,0.21632086
2026-07-24,W4,Tisu Nice,Tisu,0.25351214
2026-07-18,W4,Tisu Tessa,Tisu,0.27450857
2026-07-19,W4,Tisu Tessa,Tisu,0.24385975
2026-07-20,W4,Tisu Tessa,Tisu,0.23193327
2026-07-21,W4,Tisu Tessa,Tisu,0.23193327
2026-07-22,W4,Tisu Tessa,Tisu,0.23193327
2026-07-23,W4,Tisu Tessa,Tisu,0.23193327
2026-07-24,W4,Tisu Tessa,Tisu,0.232807
2026-07-18,W4,Tisu basah Mitu,Tisu,0.50373644
2026-07-19,W4,Tisu basah Mitu,Tisu,0.44026116
2026-07-20,W4,Tisu basah Mitu,Tisu,0.39061123
2026-07-21,W4,Tisu basah Mitu,Tisu,0.38851672
2026-07-22,W4,Tisu basah Mitu,Tisu,0.38791603
2026-07-23,W4,Tisu basah Mitu,Tisu,0.38791603
2026-07-24,W4,Tisu basah Mitu,Tisu,0.38865787
2026-07-18,W4,Ultra Milk 250ml,Minuman,5.2209105
2026-07-19,W4,Ultra Milk 250ml,Minuman,5.7102647
2026-07-20,W4,Ultra Milk 250ml,Minuman,4.5810227
2026-07-21,W4,Ultra Milk 250ml,Minuman,4.745529
2026-07-22,W4,Ultra Milk 250ml,Minuman,4.9441214
2026-07-23,W4,Ultra Milk 250ml,Minuman,4.95691
2026-07-24,W4,Ultra Milk 250ml,Minuman,5.203761
2026-07-18,W5,Aluminium foil,Plastik,0.23918028
2026-07-19,W5,Aluminium foil,Plastik,0.24027094
2026-07-20,W5,Aluminium foil,Plastik,0.22859593
2026-07-21,W5,Aluminium foil,Plastik,0.22859593
2026-07-22,W5,Aluminium foil,Plastik,0.22859593
2026-07-23,W5,Aluminium foil,Plastik,0.22859593
2026-07-24,W5,Aluminium foil,Plastik,0.2071222
2026-07-18,W5,Aqua 1.5L,Minuman,3.3496344
2026-07-19,W5,Aqua 1.5L,Minuman,3.3435793
2026-07-20,W5,Aqua 1.5L,Minuman,2.6953704
2026-07-21,W5,Aqua 1.5L,Minuman,2.5706582
2026-07-22,W5,Aqua 1.5L,Minuman,2.5446136
2026-07-23,W5,Aqua 1.5L,Minuman,2.6399937
2026-07-24,W5,Aqua 1.5L,Minuman,2.6062691
2026-07-18,W5,Aqua 330ml,Minuman,3.2768047
2026-07-19,W5,Aqua 330ml,Minuman,3.2483404
2026-07-20,W5,Aqua 330ml,Minuman,2.7382717
2026-07-21,W5,Aqua 330ml,Minuman,2.663159
2026-07-22,W5,Aqua 330ml,Minuman,2.6917765
2026-07-23,W5,Aqua 330ml,Minuman,2.6849294
2026-07-24,W5,Aqua 330ml,Minuman,2.8983612
2026-07-18,W5,Astor,Snack,1.5026503
2026-07-19,W5,Astor,Snack,1.48301
2026-07-20,W5,Astor,Snack,1.3224317
2026-07-21,W5,Astor,Snack,1.3852619
2026-07-22,W5,Astor,Snack,1.3185416
2026-07-23,W5,Astor,Snack,1.2917104
2026-07-24,W5,Astor,Snack,1.235739
2026-07-18,W5,Attack sachet,Deterjen,0.8183406
2026-07-19,W5,Attack sachet,Deterjen,0.8122563
2026-07-20,W5,Attack sachet,Deterjen,0.75294244
2026-07-21,W5,Attack sachet,Deterjen,0.7686681
2026-07-22,W5,Attack sachet,Deterjen,0.76648015
2026-07-23,W5,Attack sachet,Deterjen,0.7837142
2026-07-24,W5,Attack sachet,Deterjen,0.7958551
2026-07-18,W5,Baby powder My Baby 50g,Bayi,0.17340021
2026-07-19,W5,Baby powder My Baby 50g,Bayi,0.17417662
2026-07-20,W5,Baby powder My Baby 50g,Bayi,0.16846792
2026-07-21,W5,Baby powder My Baby 50g,Bayi,0.16846792
2026-07-22,W5,Baby powder My Baby 50g,Bayi,0.18435046
2026-07-23,W5,Baby powder My Baby 50g,Bayi,0.18435046
2026-07-24,W5,Baby powder My Baby 50g,Bayi,0.18435046
2026-07-18,W5,Bakso 250g,Frozen,0.8390203
2026-07-19,W5,Bakso 250g,Frozen,0.9105292
2026-07-20,W5,Bakso 250g,Frozen,0.7622489
2026-07-21,W5,Bakso 250g,Frozen,0.7971285
2026-07-22,W5,Bakso 250g,Frozen,0.76199406
2026-07-23,W5,Bakso 250g,Frozen,0.76199406
2026-07-24,W5,Bakso 250g,Frozen,0.7461471
2026-07-18,W5,Basreng 100g,Snack,1.127086
2026-07-19,W5,Basreng 100g,Snack,1.1389568
2026-07-20,W5,Basreng 100g,Snack,1.0483389
2026-07-21,W5,Basreng 100g,Snack,1.0061699
2026-07-22,W5,Basreng 100g,Snack,1.0525596
2026-07-23,W5,Basreng 100g,Snack,1.087936
2026-07-24,W5,Basreng 100g,Snack,1.0971509
2026-07-18,W5,Baterai AAA ABC 2pcs,RumahTangga,0.16920513
2026-07-19,W5,Baterai AAA ABC 2pcs,RumahTangga,0.16920513
2026-07-20,W5,Baterai AAA ABC 2pcs,RumahTangga,0.1669939
2026-07-21,W5,Baterai AAA ABC 2pcs,RumahTangga,0.1669939
2026-07-22,W5,Baterai AAA ABC 2pcs,RumahTangga,0.1569718
2026-07-23,W5,Baterai AAA ABC 2pcs,RumahTangga,0.1569718
2026-07-24,W5,Baterai AAA ABC 2pcs,RumahTangga,0.1569718
2026-07-18,W5,Bayclin 500ml,Deterjen,0.94498885
2026-07-19,W5,Bayclin 500ml,Deterjen,0.8660655
2026-07-20,W5,Bayclin 500ml,Deterjen,0.8053341
2026-07-21,W5,Bayclin 500ml,Deterjen,0.78122205
2026-07-22,W5,Bayclin 500ml,Deterjen,0.7761948
2026-07-23,W5,Bayclin 500ml,Deterjen,0.77852875
2026-07-24,W5,Bayclin 500ml,Deterjen,0.8201555
2026-07-18,W5,Beras medium SPHP 5kg,Sembako,0.5339399
2026-07-19,W5,Beras medium SPHP 5kg,Sembako,0.5055515
2026-07-20,W5,Beras medium SPHP 5kg,Sembako,0.4353449
2026-07-21,W5,Beras medium SPHP 5kg,Sembako,0.4353449
2026-07-22,W5,Beras medium SPHP 5kg,Sembako,0.40967986
2026-07-23,W5,Beras medium SPHP 5kg,Sembako,0.40967986
2026-07-24,W5,Beras medium SPHP 5kg,Sembako,0.40967986
2026-07-18,W5,Beras premium 10kg,Sembako,0.079841614
2026-07-19,W5,Beras premium 10kg,Sembako,0.079841614
2026-07-20,W5,Beras premium 10kg,Sembako,0.079841614
2026-07-21,W5,Beras premium 10kg,Sembako,0.079841614
2026-07-22,W5,Beras premium 10kg,Sembako,0.079841614
2026-07-23,W5,Beras premium 10kg,Sembako,0.079841614
2026-07-24,W5,Beras premium 10kg,Sembako,0.079841614
2026-07-18,W5,Beras premium 5kg,Sembako,0.4535561
2026-07-19,W5,Beras premium 5kg,Sembako,0.4512807
2026-07-20,W5,Beras premium 5kg,Sembako,0.39844945
2026-07-21,W5,Beras premium 5kg,Sembako,0.39844945
2026-07-22,W5,Beras premium 5kg,Sembako,0.40221137
2026-07-23,W5,Beras premium 5kg,Sembako,0.3962692
2026-07-24,W5,Beras premium 5kg,Sembako,0.37255487
2026-07-18,W5,Better,Snack,1.2419738
2026-07-19,W5,Better,Snack,1.1549076
2026-07-20,W5,Better,Snack,1.0646994
2026-07-21,W5,Better,Snack,1.0551411
2026-07-22,W5,Better,Snack,1.0551411
2026-07-23,W5,Better,Snack,1.051978
2026-07-24,W5,Better,Snack,1.0041472
2026-07-18,W5,Body lotion Citra 100ml,Perawatan,0.5268799
2026-07-19,W5,Body lotion Citra 100ml,Perawatan,0.5268799
2026-07-20,W5,Body lotion Citra 100ml,Perawatan,0.4805243
2026-07-21,W5,Body lotion Citra 100ml,Perawatan,0.4805243
2026-07-22,W5,Body lotion Citra 100ml,Perawatan,0.4805243
2026-07-23,W5,Body lotion Citra 100ml,Perawatan,0.47007647
2026-07-24,W5,Body lotion Citra 100ml,Perawatan,0.47007647
2026-07-18,W5,Bohlam LED Hannochs 9W,RumahTangga,0.20955223
2026-07-19,W5,Bohlam LED Hannochs 9W,RumahTangga,0.20955223
2026-07-20,W5,Bohlam LED Hannochs 9W,RumahTangga,0.20635945
2026-07-21,W5,Bohlam LED Hannochs 9W,RumahTangga,0.2022248
2026-07-22,W5,Bohlam LED Hannochs 9W,RumahTangga,0.2022248
2026-07-23,W5,Bohlam LED Hannochs 9W,RumahTangga,0.19299501
2026-07-24,W5,Bohlam LED Hannochs 9W,RumahTangga,0.19299501
2026-07-18,W5,Buavita 250ml,Minuman,3.5329037
2026-07-19,W5,Buavita 250ml,Minuman,3.3024287
2026-07-20,W5,Buavita 250ml,Minuman,2.6994424
2026-07-21,W5,Buavita 250ml,Minuman,2.7158759
2026-07-22,W5,Buavita 250ml,Minuman,2.7605972
2026-07-23,W5,Buavita 250ml,Minuman,3.072066
2026-07-24,W5,Buavita 250ml,Minuman,3.19772
2026-07-18,W5,Bubur bayi Promina 120g,Bayi,0.17097026
2026-07-19,W5,Bubur bayi Promina 120g,Bayi,0.17173578
2026-07-20,W5,Bubur bayi Promina 120g,Bayi,0.16884239
2026-07-21,W5,Bubur bayi Promina 120g,Bayi,0.16884239
2026-07-22,W5,Bubur bayi Promina 120g,Bayi,0.16884239
2026-07-23,W5,Bubur bayi Promina 120g,Bayi,0.16884239
2026-07-24,W5,Bubur bayi Promina 120g,Bayi,0.16884239
2026-07-18,W5,Bubur instan 50g,Mi,1.1943526
2026-07-19,W5,Bubur instan 50g,Mi,1.1728318
2026-07-20,W5,Bubur instan 50g,Mi,1.0022751
2026-07-21,W5,Bubur instan 50g,Mi,1.1080722
2026-07-22,W5,Bubur instan 50g,Mi,1.1080722
2026-07-23,W5,Bubur instan 50g,Mi,1.0641773
2026-07-24,W5,Bubur instan 50g,Mi,1.0017803
2026-07-18,W5,Buku gambar,ATK,0.17460337
2026-07-19,W5,Buku gambar,ATK,0.17460337
2026-07-20,W5,Buku gambar,ATK,0.17402402
2026-07-21,W5,Buku gambar,ATK,0.17402402
2026-07-22,W5,Buku gambar,ATK,0.17402402
2026-07-23,W5,Buku gambar,ATK,0.17402402
2026-07-24,W5,Buku gambar,ATK,0.17402402
2026-07-18,W5,Buku tulis Kiky,ATK,0.18663803
2026-07-19,W5,Buku tulis Kiky,ATK,0.18747371
2026-07-20,W5,Buku tulis Kiky,ATK,0.18397507
2026-07-21,W5,Buku tulis Kiky,ATK,0.18397507
2026-07-22,W5,Buku tulis Kiky,ATK,0.18397507
2026-07-23,W5,Buku tulis Kiky,ATK,0.18397507
2026-07-24,W5,Buku tulis Kiky,ATK,0.18397507
2026-07-18,W5,Coca-Cola 390ml,Minuman,2.4543967
2026-07-19,W5,Coca-Cola 390ml,Minuman,2.4587882
2026-07-20,W5,Coca-Cola 390ml,Minuman,2.0777855
2026-07-21,W5,Coca-Cola 390ml,Minuman,2.0132647
2026-07-22,W5,Coca-Cola 390ml,Minuman,1.9314032
2026-07-23,W5,Coca-Cola 390ml,Minuman,1.9804212
2026-07-24,W5,Coca-Cola 390ml,Minuman,1.9245106
2026-07-18,W5,Cornetto,Frozen,0.7263528
2026-07-19,W5,Cornetto,Frozen,0.7263528
2026-07-20,W5,Cornetto,Frozen,0.6602082
2026-07-21,W5,Cornetto,Frozen,0.67169845
2026-07-22,W5,Cornetto,Frozen,0.6823783
2026-07-23,W5,Cornetto,Frozen,0.6536531
2026-07-24,W5,Cornetto,Frozen,0.6588818
2026-07-18,W5,Correction pen Joyko,ATK,0.17238136
2026-07-19,W5,Correction pen Joyko,ATK,0.17238136
2026-07-20,W5,Correction pen Joyko,ATK,0.1664656
2026-07-21,W5,Correction pen Joyko,ATK,0.1664656
2026-07-22,W5,Correction pen Joyko,ATK,0.1664656
2026-07-23,W5,Correction pen Joyko,ATK,0.1664656
2026-07-24,W5,Correction pen Joyko,ATK,0.1664656
2026-07-18,W5,Cuka 100ml,Bumbu,0.9246204
2026-07-19,W5,Cuka 100ml,Bumbu,0.8641852
2026-07-20,W5,Cuka 100ml,Bumbu,0.76912683
2026-07-21,W5,Cuka 100ml,Bumbu,0.8309228
2026-07-22,W5,Cuka 100ml,Bumbu,0.8363541
2026-07-23,W5,Cuka 100ml,Bumbu,0.8098605
2026-07-24,W5,Cuka 100ml,Bumbu,0.81203467
2026-07-18,W5,Cutter Joyko,ATK,0.15735242
2026-07-19,W5,Cutter Joyko,ATK,0.15805699
2026-07-20,W5,Cutter Joyko,ATK,0.15514682
2026-07-21,W5,Cutter Joyko,ATK,0.15514682
2026-07-22,W5,Cutter Joyko,ATK,0.15514682
2026-07-23,W5,Cutter Joyko,ATK,0.15514682
2026-07-24,W5,Cutter Joyko,ATK,0.15514682
2026-07-18,W5,Daia sachet,Deterjen,0.8782734
2026-07-19,W5,Daia sachet,Deterjen,0.87064254
2026-07-20,W5,Daia sachet,Deterjen,0.7640362
2026-07-21,W5,Daia sachet,Deterjen,0.76795065
2026-07-22,W5,Daia sachet,Deterjen,0.70718193
2026-07-23,W5,Daia sachet,Deterjen,0.79247427
2026-07-24,W5,Daia sachet,Deterjen,0.8100007
2026-07-18,W5,Dancow sachet,Sachet,4.745142
2026-07-19,W5,Dancow sachet,Sachet,4.819061
2026-07-20,W5,Dancow sachet,Sachet,3.7411182
2026-07-21,W5,Dancow sachet,Sachet,3.7267866
2026-07-22,W5,Dancow sachet,Sachet,4.401535
2026-07-23,W5,Dancow sachet,Sachet,4.358222
2026-07-24,W5,Dancow sachet,Sachet,4.3450055
2026-07-18,W5,Deodoran Rexona 45ml,Perawatan,0.7962884
2026-07-19,W5,Deodoran Rexona 45ml,Perawatan,0.89186305
2026-07-20,W5,Deodoran Rexona 45ml,Perawatan,0.7883626
2026-07-21,W5,Deodoran Rexona 45ml,Perawatan,0.7722204
2026-07-22,W5,Deodoran Rexona 45ml,Perawatan,0.7751318
2026-07-23,W5,Deodoran Rexona 45ml,Perawatan,0.9268288
2026-07-24,W5,Deodoran Rexona 45ml,Perawatan,0.81578535
2026-07-18,W5,Diapet strip,Obat,0.79049253
2026-07-19,W5,Diapet strip,Obat,0.78697443
2026-07-20,W5,Diapet strip,Obat,0.7330185
2026-07-21,W5,Diapet strip,Obat,0.73954713
2026-07-22,W5,Diapet strip,Obat,0.73954713
2026-07-23,W5,Diapet strip,Obat,0.7589892
2026-07-24,W5,Diapet strip,Obat,0.7798988
2026-07-18,W5,Djarum Super 12 batang,Rokok,3.5906148
2026-07-19,W5,Djarum Super 12 batang,Rokok,3.6874185
2026-07-20,W5,Djarum Super 12 batang,Rokok,3.0817902
2026-07-21,W5,Djarum Super 12 batang,Rokok,3.0911431
2026-07-22,W5,Djarum Super 12 batang,Rokok,3.1195533
2026-07-23,W5,Djarum Super 12 batang,Rokok,3.2079747
2026-07-24,W5,Djarum Super 12 batang,Rokok,3.2577004
2026-07-18,W5,Djarum Super 16 batang,Rokok,2.7683723
2026-07-19,W5,Djarum Super 16 batang,Rokok,2.467041
2026-07-20,W5,Djarum Super 16 batang,Rokok,1.9602815
2026-07-21,W5,Djarum Super 16 batang,Rokok,1.8487692
2026-07-22,W5,Djarum Super 16 batang,Rokok,1.7048147
2026-07-23,W5,Djarum Super 16 batang,Rokok,1.8176544
2026-07-24,W5,Djarum Super 16 batang,Rokok,1.8471195
2026-07-18,W5,Downy sachet,Deterjen,0.75118685
2026-07-19,W5,Downy sachet,Deterjen,0.87493867
2026-07-20,W5,Downy sachet,Deterjen,0.7379761
2026-07-21,W5,Downy sachet,Deterjen,0.6279846
2026-07-22,W5,Downy sachet,Deterjen,0.7349204
2026-07-23,W5,Downy sachet,Deterjen,0.7322712
2026-07-24,W5,Downy sachet,Deterjen,0.68887687
2026-07-18,W5,Ember,RumahTangga,0.15809155
2026-07-19,W5,Ember,RumahTangga,0.15809155
2026-07-20,W5,Ember,RumahTangga,0.15753257
2026-07-21,W5,Ember,RumahTangga,0.16133474
2026-07-22,W5,Ember,RumahTangga,0.16133474
2026-07-23,W5,Ember,RumahTangga,0.16133474
2026-07-24,W5,Ember,RumahTangga,0.16133474
2026-07-18,W5,Es krim cup Wall's,Frozen,0.6053232
2026-07-19,W5,Es krim cup Wall's,Frozen,0.6130779
2026-07-20,W5,Es krim cup Wall's,Frozen,0.52261937
2026-07-21,W5,Es krim cup Wall's,Frozen,0.5278811
2026-07-22,W5,Es krim cup Wall's,Frozen,0.5278811
2026-07-23,W5,Es krim cup Wall's,Frozen,0.5174041
2026-07-24,W5,Es krim cup Wall's,Frozen,0.52261937
2026-07-18,W5,Esse 16 batang,Rokok,2.141502
2026-07-19,W5,Esse 16 batang,Rokok,2.038011
2026-07-20,W5,Esse 16 batang,Rokok,1.6828563
2026-07-21,W5,Esse 16 batang,Rokok,1.7931542
2026-07-22,W5,Esse 16 batang,Rokok,1.8779622
2026-07-23,W5,Esse 16 batang,Rokok,2.034718
2026-07-24,W5,Esse 16 batang,Rokok,2.1073978
2026-07-18,W5,Extra Joss sachet,Sachet,4.5786977
2026-07-19,W5,Extra Joss sachet,Sachet,4.43551
2026-07-20,W5,Extra Joss sachet,Sachet,3.431002
2026-07-21,W5,Extra Joss sachet,Sachet,3.4333034
2026-07-22,W5,Extra Joss sachet,Sachet,3.5190005
2026-07-23,W5,Extra Joss sachet,Sachet,3.5279531
2026-07-24,W5,Extra Joss sachet,Sachet,3.7162335
2026-07-18,W5,Garam Dolphin 500g,Sembako,0.98255277
2026-07-19,W5,Garam Dolphin 500g,Sembako,0.9774755
2026-07-20,W5,Garam Dolphin 500g,Sembako,0.7766015
2026-07-21,W5,Garam Dolphin 500g,Sembako,0.7424405
2026-07-22,W5,Garam Dolphin 500g,Sembako,0.72751015
2026-07-23,W5,Garam Dolphin 500g,Sembako,0.7253292
2026-07-24,W5,Garam Dolphin 500g,Sembako,0.7270086
2026-07-18,W5,Gayung,RumahTangga,0.2461482
2026-07-19,W5,Gayung,RumahTangga,0.2461482
2026-07-20,W5,Gayung,RumahTangga,0.23949863
2026-07-21,W5,Gayung,RumahTangga,0.2385
2026-07-22,W5,Gayung,RumahTangga,0.24046358
2026-07-23,W5,Gayung,RumahTangga,0.24139719
2026-07-24,W5,Gayung,RumahTangga,0.24104185
2026-07-18,W5,Good Day 250ml,Minuman,2.5692928
2026-07-19,W5,Good Day 250ml,Minuman,2.6309516
2026-07-20,W5,Good Day 250ml,Minuman,2.190392
2026-07-21,W5,Good Day 250ml,Minuman,2.173018
2026-07-22,W5,Good Day 250ml,Minuman,2.201508
2026-07-23,W5,Good Day 250ml,Minuman,2.235601
2026-07-24,W5,Good Day 250ml,Minuman,2.143371
2026-07-18,W5,Gudang Garam Filter 12 batang,Rokok,3.9890473
2026-07-19,W5,Gudang Garam Filter 12 batang,Rokok,3.9516063
2026-07-20,W5,Gudang Garam Filter 12 batang,Rokok,3.5423346
2026-07-21,W5,Gudang Garam Filter 12 batang,Rokok,3.5626106
2026-07-22,W5,Gudang Garam Filter 12 batang,Rokok,3.6524694
2026-07-23,W5,Gudang Garam Filter 12 batang,Rokok,3.4249115
2026-07-24,W5,Gudang Garam Filter 12 batang,Rokok,3.4672556
2026-07-18,W5,Gula pasir Rose Brand 1kg,Sembako,1.1868467
2026-07-19,W5,Gula pasir Rose Brand 1kg,Sembako,1.1672462
2026-07-20,W5,Gula pasir Rose Brand 1kg,Sembako,0.9421798
2026-07-21,W5,Gula pasir Rose Brand 1kg,Sembako,0.87413394
2026-07-22,W5,Gula pasir Rose Brand 1kg,Sembako,0.908223
2026-07-23,W5,Gula pasir Rose Brand 1kg,Sembako,0.86285293
2026-07-24,W5,Gula pasir Rose Brand 1kg,Sembako,0.8671726
2026-07-18,W5,Hanger,RumahTangga,0.23296727
2026-07-19,W5,Hanger,RumahTangga,0.20476365
2026-07-20,W5,Hanger,RumahTangga,0.19341096
2026-07-21,W5,Hanger,RumahTangga,0.19341096
2026-07-22,W5,Hanger,RumahTangga,0.22546719
2026-07-23,W5,Hanger,RumahTangga,0.22452706
2026-07-24,W5,Hanger,RumahTangga,0.22770068
2026-07-18,W5,Indomie Cup,Mi,0.87274677
2026-07-19,W5,Indomie Cup,Mi,0.9961094
2026-07-20,W5,Indomie Cup,Mi,0.97059685
2026-07-21,W5,Indomie Cup,Mi,1.032257
2026-07-22,W5,Indomie Cup,Mi,1.0416133
2026-07-23,W5,Indomie Cup,Mi,0.949109
2026-07-24,W5,Indomie Cup,Mi,0.9295887
2026-07-18,W5,Indomilk 190ml,Minuman,4.138646
2026-07-19,W5,Indomilk 190ml,Minuman,3.961869
2026-07-20,W5,Indomilk 190ml,Minuman,3.4307342
2026-07-21,W5,Indomilk 190ml,Minuman,3.310006
2026-07-22,W5,Indomilk 190ml,Minuman,3.2526252
2026-07-23,W5,Indomilk 190ml,Minuman,3.2438667
2026-07-24,W5,Indomilk 190ml,Minuman,3.2418952
2026-07-18,W5,Isolasi,RumahTangga,0.24278958
2026-07-19,W5,Isolasi,RumahTangga,0.24185058
2026-07-20,W5,Isolasi,RumahTangga,0.23244385
2026-07-21,W5,Isolasi,RumahTangga,0.23244385
2026-07-22,W5,Isolasi,RumahTangga,0.23435758
2026-07-23,W5,Isolasi,RumahTangga,0.23526748
2026-07-24,W5,Isolasi,RumahTangga,0.23086677
2026-07-18,W5,Kabel USB,RumahTangga,0.14270757
2026-07-19,W5,Kabel USB,RumahTangga,0.14270757
2026-07-20,W5,Kabel USB,RumahTangga,0.14270757
2026-07-21,W5,Kabel USB,RumahTangga,0.14270757
2026-07-22,W5,Kabel USB,RumahTangga,0.14270757
2026-07-23,W5,Kabel USB,RumahTangga,0.14270757
2026-07-24,W5,Kabel USB,RumahTangga,0.14717259
2026-07-18,W5,Kaldu bubuk Royco 100g,Bumbu,1.5247134
2026-07-19,W5,Kaldu bubuk Royco 100g,Bumbu,1.5044199
2026-07-20,W5,Kaldu bubuk Royco 100g,Bumbu,1.33749
2026-07-21,W5,Kaldu bubuk Royco 100g,Bumbu,1.3488219
2026-07-22,W5,Kaldu bubuk Royco 100g,Bumbu,1.3465879
2026-07-23,W5,Kaldu bubuk Royco 100g,Bumbu,1.3557314
2026-07-24,W5,Kaldu bubuk Royco 100g,Bumbu,1.3529755
2026-07-18,W5,Karbol 500ml,Deterjen,0.7774894
2026-07-19,W5,Karbol 500ml,Deterjen,0.7567029
2026-07-20,W5,Karbol 500ml,Deterjen,0.689438
2026-07-21,W5,Karbol 500ml,Deterjen,0.689438
2026-07-22,W5,Karbol 500ml,Deterjen,0.7311048
2026-07-23,W5,Karbol 500ml,Deterjen,0.7106157
2026-07-24,W5,Karbol 500ml,Deterjen,0.6936804
2026-07-18,W5,Kecap asin ABC 135ml,Bumbu,1.2812566
2026-07-19,W5,Kecap asin ABC 135ml,Bumbu,1.3254707
2026-07-20,W5,Kecap asin ABC 135ml,Bumbu,1.1178778
2026-07-21,W5,Kecap asin ABC 135ml,Bumbu,1.1548297
2026-07-22,W5,Kecap asin ABC 135ml,Bumbu,1.1505623
2026-07-23,W5,Kecap asin ABC 135ml,Bumbu,1.1505623
2026-07-24,W5,Kecap asin ABC 135ml,Bumbu,1.1660645
2026-07-18,W5,Kecap manis ABC 135ml,Bumbu,1.2269504
2026-07-19,W5,Kecap manis ABC 135ml,Bumbu,1.1882386
2026-07-20,W5,Kecap manis ABC 135ml,Bumbu,1.008793
2026-07-21,W5,Kecap manis ABC 135ml,Bumbu,0.99459964
2026-07-22,W5,Kecap manis ABC 135ml,Bumbu,0.99759024
2026-07-23,W5,Kecap manis ABC 135ml,Bumbu,0.9519353
2026-07-24,W5,Kecap manis ABC 135ml,Bumbu,0.95748025
2026-07-18,W5,Kecap manis Sedap 135ml,Bumbu,1.1043767
2026-07-19,W5,Kecap manis Sedap 135ml,Bumbu,1.0969969
2026-07-20,W5,Kecap manis Sedap 135ml,Bumbu,1.0055139
2026-07-21,W5,Kecap manis Sedap 135ml,Bumbu,0.98218316
2026-07-22,W5,Kecap manis Sedap 135ml,Bumbu,0.91743475
2026-07-23,W5,Kecap manis Sedap 135ml,Bumbu,0.92662674
2026-07-24,W5,Kecap manis Sedap 135ml,Bumbu,0.90530586
2026-07-18,W5,Keripik kentang Chitato 68g,Snack,1.0767566
2026-07-19,W5,Keripik kentang Chitato 68g,Snack,0.9199587
2026-07-20,W5,Keripik kentang Chitato 68g,Snack,0.8073299
2026-07-21,W5,Keripik kentang Chitato 68g,Snack,0.78954095
2026-07-22,W5,Keripik kentang Chitato 68g,Snack,0.80662245
2026-07-23,W5,Keripik kentang Chitato 68g,Snack,0.8401764
2026-07-24,W5,Keripik kentang Chitato 68g,Snack,0.8423159
2026-07-18,W5,Kerupuk 100g,Snack,1.1210803
2026-07-19,W5,Kerupuk 100g,Snack,1.2431636
2026-07-20,W5,Kerupuk 100g,Snack,1.0381114
2026-07-21,W5,Kerupuk 100g,Snack,0.9576248
2026-07-22,W5,Kerupuk 100g,Snack,1.0027987
2026-07-23,W5,Kerupuk 100g,Snack,1.0871001
2026-07-24,W5,Kerupuk 100g,Snack,1.0590705
2026-07-18,W5,Khong Guan 200g,Snack,1.0573487
2026-07-19,W5,Khong Guan 200g,Snack,0.92637455
2026-07-20,W5,Khong Guan 200g,Snack,0.8404348
2026-07-21,W5,Khong Guan 200g,Snack,0.8157726
2026-07-22,W5,Khong Guan 200g,Snack,0.81644905
2026-07-23,W5,Khong Guan 200g,Snack,0.79517865
2026-07-24,W5,Khong Guan 200g,Snack,0.756447
2026-07-18,W5,Klem selang,LPG,1.1849436
2026-07-19,W5,Klem selang,LPG,1.1401187
2026-07-20,W5,Klem selang,LPG,0.9187767
2026-07-21,W5,Klem selang,LPG,0.9252873
2026-07-22,W5,Klem selang,LPG,0.93474066
2026-07-23,W5,Klem selang,LPG,0.9541841
2026-07-24,W5,Klem selang,LPG,0.92734516
2026-07-18,W5,Kopi ABC sachet,Sachet,4.0720997
2026-07-19,W5,Kopi ABC sachet,Sachet,4.168107
2026-07-20,W5,Kopi ABC sachet,Sachet,3.6052525
2026-07-21,W5,Kopi ABC sachet,Sachet,3.4915676
2026-07-22,W5,Kopi ABC sachet,Sachet,3.3070955
2026-07-23,W5,Kopi ABC sachet,Sachet,3.6885889
2026-07-24,W5,Kopi ABC sachet,Sachet,3.5306046
2026-07-18,W5,Kopi Kapal Api sachet,Sachet,9.948366
2026-07-19,W5,Kopi Kapal Api sachet,Sachet,9.992098
2026-07-20,W5,Kopi Kapal Api sachet,Sachet,8.219443
2026-07-21,W5,Kopi Kapal Api sachet,Sachet,8.402795
2026-07-22,W5,Kopi Kapal Api sachet,Sachet,8.570807
2026-07-23,W5,Kopi Kapal Api sachet,Sachet,8.400596
2026-07-24,W5,Kopi Kapal Api sachet,Sachet,8.4348135
2026-07-18,W5,Kopi susu Good Day sachet,Sachet,3.909379
2026-07-19,W5,Kopi susu Good Day sachet,Sachet,3.945014
2026-07-20,W5,Kopi susu Good Day sachet,Sachet,3.2276728
2026-07-21,W5,Kopi susu Good Day sachet,Sachet,3.1812487
2026-07-22,W5,Kopi susu Good Day sachet,Sachet,3.2903702
2026-07-23,W5,Kopi susu Good Day sachet,Sachet,3.3940058
2026-07-24,W5,Kopi susu Good Day sachet,Sachet,3.4024043
2026-07-18,W5,Kopi susu Torabika sachet,Sachet,4.6428432
2026-07-19,W5,Kopi susu Torabika sachet,Sachet,4.672168
2026-07-20,W5,Kopi susu Torabika sachet,Sachet,3.8279846
2026-07-21,W5,Kopi susu Torabika sachet,Sachet,4.185527
2026-07-22,W5,Kopi susu Torabika sachet,Sachet,4.271422
2026-07-23,W5,Kopi susu Torabika sachet,Sachet,4.246248
2026-07-24,W5,Kopi susu Torabika sachet,Sachet,4.3443613
2026-07-18,W5,Kopiko 78C 240ml,Minuman,3.635056
2026-07-19,W5,Kopiko 78C 240ml,Minuman,3.4850433
2026-07-20,W5,Kopiko 78C 240ml,Minuman,2.8797607
2026-07-21,W5,Kopiko 78C 240ml,Minuman,2.8713243
2026-07-22,W5,Kopiko 78C 240ml,Minuman,2.924895
2026-07-23,W5,Kopiko 78C 240ml,Minuman,2.7704673
2026-07-24,W5,Kopiko 78C 240ml,Minuman,2.8904066
2026-07-18,W5,Korek gas,Rokok,4.5769672
2026-07-19,W5,Korek gas,Rokok,4.6202846
2026-07-20,W5,Korek gas,Rokok,3.646297
2026-07-21,W5,Korek gas,Rokok,3.6759841
2026-07-22,W5,Korek gas,Rokok,3.6934733
2026-07-23,W5,Korek gas,Rokok,3.7113645
2026-07-24,W5,Korek gas,Rokok,4.0676713
2026-07-18,W5,Korek kayu,Rokok,3.8434062
2026-07-19,W5,Korek kayu,Rokok,3.9182305
2026-07-20,W5,Korek kayu,Rokok,3.253738
2026-07-21,W5,Korek kayu,Rokok,3.1894696
2026-07-22,W5,Korek kayu,Rokok,3.2148035
2026-07-23,W5,Korek kayu,Rokok,3.2418373
2026-07-24,W5,Korek kayu,Rokok,3.250197
2026-07-18,W5,LPG 3kg,LPG,0.9589869
2026-07-19,W5,LPG 3kg,LPG,1.0099518
2026-07-20,W5,LPG 3kg,LPG,0.8631992
2026-07-21,W5,LPG 3kg,LPG,0.86762166
2026-07-22,W5,LPG 3kg,LPG,0.84968126
2026-07-23,W5,LPG 3kg,LPG,0.84968126
2026-07-24,W5,LPG 3kg,LPG,0.83664304
2026-07-18,W5,Lakban,RumahTangga,0.1822066
2026-07-19,W5,Lakban,RumahTangga,0.1822066
2026-07-20,W5,Lakban,RumahTangga,0.1804629
2026-07-21,W5,Lakban,RumahTangga,0.18966624
2026-07-22,W5,Lakban,RumahTangga,0.18966624
2026-07-23,W5,Lakban,RumahTangga,0.18966624
2026-07-24,W5,Lakban,RumahTangga,0.19038074
2026-07-18,W5,Lem Alteco,RumahTangga,0.2689684
2026-07-19,W5,Lem Alteco,RumahTangga,0.27001268
2026-07-20,W5,Lem Alteco,RumahTangga,0.2731903
2026-07-21,W5,Lem Alteco,RumahTangga,0.26079628
2026-07-22,W5,Lem Alteco,RumahTangga,0.24806345
2026-07-23,W5,Lem Alteco,RumahTangga,0.22800066
2026-07-24,W5,Lem Alteco,RumahTangga,0.22885957
2026-07-18,W5,Makaroni 200g,Mi,0.9340316
2026-07-19,W5,Makaroni 200g,Mi,0.91368616
2026-07-20,W5,Makaroni 200g,Mi,0.7949813
2026-07-21,W5,Makaroni 200g,Mi,0.7949813
2026-07-22,W5,Makaroni 200g,Mi,0.7753776
2026-07-23,W5,Makaroni 200g,Mi,0.7536329
2026-07-24,W5,Makaroni 200g,Mi,0.75581324
2026-07-18,W5,Makaroni pedas 100g,Snack,1.3008668
2026-07-19,W5,Makaroni pedas 100g,Snack,1.2351828
2026-07-20,W5,Makaroni pedas 100g,Snack,1.0800903
2026-07-21,W5,Makaroni pedas 100g,Snack,1.1179886
2026-07-22,W5,Makaroni pedas 100g,Snack,1.0785272
2026-07-23,W5,Makaroni pedas 100g,Snack,1.0322337
2026-07-24,W5,Makaroni pedas 100g,Snack,1.1593902
2026-07-18,W5,Map,ATK,0.20664178
2026-07-19,W5,Map,ATK,0.20756704
2026-07-20,W5,Map,ATK,0.22952808
2026-07-21,W5,Map,ATK,0.22952808
2026-07-22,W5,Map,ATK,0.24005307
2026-07-23,W5,Map,ATK,0.28074223
2026-07-24,W5,Map,ATK,0.28179982
2026-07-18,W5,Masker,Obat,0.89270276
2026-07-19,W5,Masker,Obat,0.8887298
2026-07-20,W5,Masker,Obat,0.756098
2026-07-21,W5,Masker,Obat,0.75997174
2026-07-22,W5,Masker,Obat,0.69906783
2026-07-23,W5,Masker,Obat,0.69906783
2026-07-24,W5,Masker,Obat,0.70634055
2026-07-18,W5,Mayones Maestro 100g,Bumbu,0.9733627
2026-07-19,W5,Mayones Maestro 100g,Bumbu,1.0573664
2026-07-20,W5,Mayones Maestro 100g,Bumbu,1.0123389
2026-07-21,W5,Mayones Maestro 100g,Bumbu,1.0195407
2026-07-22,W5,Mayones Maestro 100g,Bumbu,1.027323
2026-07-23,W5,Mayones Maestro 100g,Bumbu,0.99966913
2026-07-24,W5,Mayones Maestro 100g,Bumbu,0.97470564
2026-07-18,W5,Mi ayam bawang Indomie,Mi,1.4710375
2026-07-19,W5,Mi ayam bawang Indomie,Mi,1.5684502
2026-07-20,W5,Mi ayam bawang Indomie,Mi,1.4526982
2026-07-21,W5,Mi ayam bawang Indomie,Mi,1.4028379
2026-07-22,W5,Mi ayam bawang Indomie,Mi,1.3760344
2026-07-23,W5,Mi ayam bawang Indomie,Mi,1.405349
2026-07-24,W5,Mi ayam bawang Indomie,Mi,1.4960527
2026-07-18,W5,Mi goreng Indomie,Mi,1.8938733
2026-07-19,W5,Mi goreng Indomie,Mi,1.876542
2026-07-20,W5,Mi goreng Indomie,Mi,1.6172421
2026-07-21,W5,Mi goreng Indomie,Mi,1.6123176
2026-07-22,W5,Mi goreng Indomie,Mi,1.6051797
2026-07-23,W5,Mi goreng Indomie,Mi,1.5218291
2026-07-24,W5,Mi goreng Indomie,Mi,1.5308663
2026-07-18,W5,Mi goreng Sarimi,Mi,0.9034263
2026-07-19,W5,Mi goreng Sarimi,Mi,0.8967094
2026-07-20,W5,Mi goreng Sarimi,Mi,0.7960384
2026-07-21,W5,Mi goreng Sarimi,Mi,0.79340404
2026-07-22,W5,Mi goreng Sarimi,Mi,0.792848
2026-07-23,W5,Mi goreng Sarimi,Mi,0.8308366
2026-07-24,W5,Mi goreng Sarimi,Mi,0.83552533
2026-07-18,W5,Mi kari ayam Indomie,Mi,1.0940702
2026-07-19,W5,Mi kari ayam Indomie,Mi,1.2318853
2026-07-20,W5,Mi kari ayam Indomie,Mi,0.93983483
2026-07-21,W5,Mi kari ayam Indomie,Mi,0.93175507
2026-07-22,W5,Mi kari ayam Indomie,Mi,0.928947
2026-07-23,W5,Mi kari ayam Indomie,Mi,0.8201533
2026-07-24,W5,Mi kari ayam Indomie,Mi,0.94757605
2026-07-18,W5,Minyak goreng Bimoli 1L,Sembako,1.2251146
2026-07-19,W5,Minyak goreng Bimoli 1L,Sembako,1.2912377
2026-07-20,W5,Minyak goreng Bimoli 1L,Sembako,1.0309349
2026-07-21,W5,Minyak goreng Bimoli 1L,Sembako,0.94131655
2026-07-22,W5,Minyak goreng Bimoli 1L,Sembako,0.94122654
2026-07-23,W5,Minyak goreng Bimoli 1L,Sembako,0.9397776
2026-07-24,W5,Minyak goreng Bimoli 1L,Sembako,0.9187297
2026-07-18,W5,Minyak goreng Sania 1L,Sembako,0.867524
2026-07-19,W5,Minyak goreng Sania 1L,Sembako,0.87976116
2026-07-20,W5,Minyak goreng Sania 1L,Sembako,0.7625397
2026-07-21,W5,Minyak goreng Sania 1L,Sembako,0.7870257
2026-07-22,W5,Minyak goreng Sania 1L,Sembako,0.78417057
2026-07-23,W5,Minyak goreng Sania 1L,Sembako,0.7664464
2026-07-24,W5,Minyak goreng Sania 1L,Sembako,0.77028346
2026-07-18,W5,Minyak kayu putih Cap Lang 30ml (Bayi),Bayi,0.15800682
2026-07-19,W5,Minyak kayu putih Cap Lang 30ml (Bayi),Bayi,0.15871431
2026-07-20,W5,Minyak kayu putih Cap Lang 30ml (Bayi),Bayi,0.15788443
2026-07-21,W5,Minyak kayu putih Cap Lang 30ml (Bayi),Bayi,0.15788443
2026-07-22,W5,Minyak kayu putih Cap Lang 30ml (Bayi),Bayi,0.15788443
2026-07-23,W5,Minyak kayu putih Cap Lang 30ml (Bayi),Bayi,0.15788443
2026-07-24,W5,Minyak kayu putih Cap Lang 30ml (Bayi),Bayi,0.15788443
2026-07-18,W5,Minyak kayu putih Cap Lang 30ml (Obat),Obat,0.4216233
2026-07-19,W5,Minyak kayu putih Cap Lang 30ml (Obat),Obat,0.4210823
2026-07-20,W5,Minyak kayu putih Cap Lang 30ml (Obat),Obat,0.38199222
2026-07-21,W5,Minyak kayu putih Cap Lang 30ml (Obat),Obat,0.35469133
2026-07-22,W5,Minyak kayu putih Cap Lang 30ml (Obat),Obat,0.34375563
2026-07-23,W5,Minyak kayu putih Cap Lang 30ml (Obat),Obat,0.35469133
2026-07-24,W5,Minyak kayu putih Cap Lang 30ml (Obat),Obat,0.35469133
2026-07-18,W5,Minyak rambut Gatsby 75g,Perawatan,0.5697326
2026-07-19,W5,Minyak rambut Gatsby 75g,Perawatan,0.54302496
2026-07-20,W5,Minyak rambut Gatsby 75g,Perawatan,0.5015386
2026-07-21,W5,Minyak rambut Gatsby 75g,Perawatan,0.5122401
2026-07-22,W5,Minyak rambut Gatsby 75g,Perawatan,0.5015386
2026-07-23,W5,Minyak rambut Gatsby 75g,Perawatan,0.5015386
2026-07-24,W5,Minyak rambut Gatsby 75g,Perawatan,0.5015386
2026-07-18,W5,Minyak telon My Baby 60ml,Bayi,0.2555684
2026-07-19,W5,Minyak telon My Baby 60ml,Bayi,0.26337588
2026-07-20,W5,Minyak telon My Baby 60ml,Bayi,0.24656144
2026-07-21,W5,Minyak telon My Baby 60ml,Bayi,0.19916642
2026-07-22,W5,Minyak telon My Baby 60ml,Bayi,0.16907732
2026-07-23,W5,Minyak telon My Baby 60ml,Bayi,0.16907732
2026-07-24,W5,Minyak telon My Baby 60ml,Bayi,0.16907732
2026-07-18,W5,Minyakita 1L,Sembako,1.5729089
2026-07-19,W5,Minyakita 1L,Sembako,1.5987482
2026-07-20,W5,Minyakita 1L,Sembako,1.4670793
2026-07-21,W5,Minyakita 1L,Sembako,1.4164587
2026-07-22,W5,Minyakita 1L,Sembako,1.4119924
2026-07-23,W5,Minyakita 1L,Sembako,1.4362854
2026-07-24,W5,Minyakita 1L,Sembako,1.4155661
2026-07-18,W5,Nugget Fiesta 250g,Frozen,0.5002324
2026-07-19,W5,Nugget Fiesta 250g,Frozen,0.5100176
2026-07-20,W5,Nugget Fiesta 250g,Frozen,0.44824708
2026-07-21,W5,Nugget Fiesta 250g,Frozen,0.43854785
2026-07-22,W5,Nugget Fiesta 250g,Frozen,0.45077628
2026-07-23,W5,Nugget Fiesta 250g,Frozen,0.43854785
2026-07-24,W5,Nugget Fiesta 250g,Frozen,0.47157687
2026-07-18,W5,Nugget So Good 250g,Frozen,0.6108128
2026-07-19,W5,Nugget So Good 250g,Frozen,0.6077485
2026-07-20,W5,Nugget So Good 250g,Frozen,0.5021268
2026-07-21,W5,Nugget So Good 250g,Frozen,0.47390062
2026-07-22,W5,Nugget So Good 250g,Frozen,0.47699827
2026-07-23,W5,Nugget So Good 250g,Frozen,0.47699827
2026-07-24,W5,Nugget So Good 250g,Frozen,0.47699827
2026-07-18,W5,Nutrisari sachet,Sachet,5.593089
2026-07-19,W5,Nutrisari sachet,Sachet,5.5572944
2026-07-20,W5,Nutrisari sachet,Sachet,4.910258
2026-07-21,W5,Nutrisari sachet,Sachet,4.728074
2026-07-22,W5,Nutrisari sachet,Sachet,4.7930746
2026-07-23,W5,Nutrisari sachet,Sachet,4.8271117
2026-07-24,W5,Nutrisari sachet,Sachet,4.860248
2026-07-18,W5,Oli motor 0.8L,LPG,0.503782
2026-07-19,W5,Oli motor 0.8L,LPG,0.525275
2026-07-20,W5,Oli motor 0.8L,LPG,0.48543775
2026-07-21,W5,Oli motor 0.8L,LPG,0.4732181
2026-07-22,W5,Oli motor 0.8L,LPG,0.47097468
2026-07-23,W5,Oli motor 0.8L,LPG,0.4950819
2026-07-24,W5,Oli motor 0.8L,LPG,0.49520156
2026-07-18,W5,Oli motor 1L,LPG,0.32542133
2026-07-19,W5,Oli motor 1L,LPG,0.36495402
2026-07-20,W5,Oli motor 1L,LPG,0.33452034
2026-07-21,W5,Oli motor 1L,LPG,0.34127235
2026-07-22,W5,Oli motor 1L,LPG,0.34860277
2026-07-23,W5,Oli motor 1L,LPG,0.34801817
2026-07-24,W5,Oli motor 1L,LPG,0.34831038
2026-07-18,W5,Oralit sachet,Obat,0.42194238
2026-07-19,W5,Oralit sachet,Obat,0.39093173
2026-07-20,W5,Oralit sachet,Obat,0.3684407
2026-07-21,W5,Oralit sachet,Obat,0.38958403
2026-07-22,W5,Oralit sachet,Obat,0.38951656
2026-07-23,W5,Oralit sachet,Obat,0.38951656
2026-07-24,W5,Oralit sachet,Obat,0.38696602
2026-07-18,W5,Paracetamol Sanmol strip,Obat,0.71049607
2026-07-19,W5,Paracetamol Sanmol strip,Obat,0.7069317
2026-07-20,W5,Paracetamol Sanmol strip,Obat,0.6043703
2026-07-21,W5,Paracetamol Sanmol strip,Obat,0.6043703
2026-07-22,W5,Paracetamol Sanmol strip,Obat,0.6083207
2026-07-23,W5,Paracetamol Sanmol strip,Obat,0.6128584
2026-07-24,W5,Paracetamol Sanmol strip,Obat,0.6128584
2026-07-18,W5,Paracetamol strip,Obat,0.56051385
2026-07-19,W5,Paracetamol strip,Obat,0.5516831
2026-07-20,W5,Paracetamol strip,Obat,0.48391214
2026-07-21,W5,Paracetamol strip,Obat,0.4706786
2026-07-22,W5,Paracetamol strip,Obat,0.4706786
2026-07-23,W5,Paracetamol strip,Obat,0.4706786
2026-07-24,W5,Paracetamol strip,Obat,0.5142998
2026-07-18,W5,Pasta gigi Sensodyne 40g,Perawatan,0.44410685
2026-07-19,W5,Pasta gigi Sensodyne 40g,Perawatan,0.48606294
2026-07-20,W5,Pasta gigi Sensodyne 40g,Perawatan,0.4413382
2026-07-21,W5,Pasta gigi Sensodyne 40g,Perawatan,0.4413382
2026-07-22,W5,Pasta gigi Sensodyne 40g,Perawatan,0.4413382
2026-07-23,W5,Pasta gigi Sensodyne 40g,Perawatan,0.4413382
2026-07-24,W5,Pasta gigi Sensodyne 40g,Perawatan,0.4413382
2026-07-18,W5,Pembalut Charm,Tisu,0.2560918
2026-07-19,W5,Pembalut Charm,Tisu,0.2910898
2026-07-20,W5,Pembalut Charm,Tisu,0.28697264
2026-07-21,W5,Pembalut Charm,Tisu,0.2827345
2026-07-22,W5,Pembalut Charm,Tisu,0.28155562
2026-07-23,W5,Pembalut Charm,Tisu,0.28155562
2026-07-24,W5,Pembalut Charm,Tisu,0.28338185
2026-07-18,W5,Pembalut Softex,Tisu,0.4029377
2026-07-19,W5,Pembalut Softex,Tisu,0.38772875
2026-07-20,W5,Pembalut Softex,Tisu,0.3499706
2026-07-21,W5,Pembalut Softex,Tisu,0.33691382
2026-07-22,W5,Pembalut Softex,Tisu,0.33691382
2026-07-23,W5,Pembalut Softex,Tisu,0.31341776
2026-07-24,W5,Pembalut Softex,Tisu,0.30598885
2026-07-18,W5,Penggaris Butterfly 30cm,ATK,0.16106246
2026-07-19,W5,Penggaris Butterfly 30cm,ATK,0.16106246
2026-07-20,W5,Penggaris Butterfly 30cm,ATK,0.16060245
2026-07-21,W5,Penggaris Butterfly 30cm,ATK,0.16060245
2026-07-22,W5,Penggaris Butterfly 30cm,ATK,0.16060245
2026-07-23,W5,Penggaris Butterfly 30cm,ATK,0.16060245
2026-07-24,W5,Penggaris Butterfly 30cm,ATK,0.16060245
2026-07-18,W5,Pengharum mobil,LPG,0.5360629
2026-07-19,W5,Pengharum mobil,LPG,0.5382354
2026-07-20,W5,Pengharum mobil,LPG,0.4735011
2026-07-21,W5,Pengharum mobil,LPG,0.4721331
2026-07-22,W5,Pengharum mobil,LPG,0.48431373
2026-07-23,W5,Pengharum mobil,LPG,0.4719845
2026-07-24,W5,Pengharum mobil,LPG,0.47307733
2026-07-18,W5,Pengki,RumahTangga,0.17834985
2026-07-19,W5,Pengki,RumahTangga,0.17637108
2026-07-20,W5,Pengki,RumahTangga,0.17344163
2026-07-21,W5,Pengki,RumahTangga,0.17344163
2026-07-22,W5,Pengki,RumahTangga,0.17721099
2026-07-23,W5,Pengki,RumahTangga,0.17721099
2026-07-24,W5,Pengki,RumahTangga,0.17721099
2026-07-18,W5,Pensil Faber-Castell,ATK,0.16652991
2026-07-19,W5,Pensil Faber-Castell,ATK,0.16727556
2026-07-20,W5,Pensil Faber-Castell,ATK,0.16652991
2026-07-21,W5,Pensil Faber-Castell,ATK,0.16652991
2026-07-22,W5,Pensil Faber-Castell,ATK,0.16652991
2026-07-23,W5,Pensil Faber-Castell,ATK,0.16652991
2026-07-24,W5,Pensil Faber-Castell,ATK,0.16652991
2026-07-18,W5,Permen karet Big Babol,Snack,1.3598863
2026-07-19,W5,Permen karet Big Babol,Snack,1.2125006
2026-07-20,W5,Permen karet Big Babol,Snack,1.1355716
2026-07-21,W5,Permen karet Big Babol,Snack,1.2687609
2026-07-22,W5,Permen karet Big Babol,Snack,1.3428478
2026-07-23,W5,Permen karet Big Babol,Snack,1.345911
2026-07-24,W5,Permen karet Big Babol,Snack,1.373496
2026-07-18,W5,Plastic wrap,Plastik,0.23074996
2026-07-19,W5,Plastic wrap,Plastik,0.23250403
2026-07-20,W5,Plastic wrap,Plastik,0.22556636
2026-07-21,W5,Plastic wrap,Plastik,0.21009898
2026-07-22,W5,Plastic wrap,Plastik,0.21009898
2026-07-23,W5,Plastic wrap,Plastik,0.2100044
2026-07-24,W5,Plastic wrap,Plastik,0.20895928
2026-07-18,W5,Plastik es,Plastik,0.32764235
2026-07-19,W5,Plastik es,Plastik,0.3394378
2026-07-20,W5,Plastik es,Plastik,0.34389868
2026-07-21,W5,Plastik es,Plastik,0.35402548
2026-07-22,W5,Plastik es,Plastik,0.35402548
2026-07-23,W5,Plastik es,Plastik,0.3268867
2026-07-24,W5,Plastik es,Plastik,0.31796524
2026-07-18,W5,Plastik klip,Plastik,0.4711053
2026-07-19,W5,Plastik klip,Plastik,0.4711053
2026-07-20,W5,Plastik klip,Plastik,0.42765337
2026-07-21,W5,Plastik klip,Plastik,0.42455253
2026-07-22,W5,Plastik klip,Plastik,0.42304522
2026-07-23,W5,Plastik klip,Plastik,0.42589018
2026-07-24,W5,Plastik klip,Plastik,0.42297196
2026-07-18,W5,Plastik kresek kecil,Plastik,0.26407638
2026-07-19,W5,Plastik kresek kecil,Plastik,0.2658917
2026-07-20,W5,Plastik kresek kecil,Plastik,0.25457752
2026-07-21,W5,Plastik kresek kecil,Plastik,0.25457752
2026-07-22,W5,Plastik kresek kecil,Plastik,0.25585082
2026-07-23,W5,Plastik kresek kecil,Plastik,0.25457752
2026-07-24,W5,Plastik kresek kecil,Plastik,0.28060874
2026-07-18,W5,Pocari Sweat 350ml,Minuman,3.0818417
2026-07-19,W5,Pocari Sweat 350ml,Minuman,3.0872278
2026-07-20,W5,Pocari Sweat 350ml,Minuman,2.57632
2026-07-21,W5,Pocari Sweat 350ml,Minuman,2.5611053
2026-07-22,W5,Pocari Sweat 350ml,Minuman,2.6616168
2026-07-23,W5,Pocari Sweat 350ml,Minuman,2.6625686
2026-07-24,W5,Pocari Sweat 350ml,Minuman,3.0370164
2026-07-18,W5,Pomade Gatsby 80g,Perawatan,0.4823709
2026-07-19,W5,Pomade Gatsby 80g,Perawatan,0.48175198
2026-07-20,W5,Pomade Gatsby 80g,Perawatan,0.4557383
2026-07-21,W5,Pomade Gatsby 80g,Perawatan,0.4557383
2026-07-22,W5,Pomade Gatsby 80g,Perawatan,0.46570885
2026-07-23,W5,Pomade Gatsby 80g,Perawatan,0.46570885
2026-07-24,W5,Pomade Gatsby 80g,Perawatan,0.46570885
2026-07-18,W5,Pop Mie,Mi,0.7174504
2026-07-19,W5,Pop Mie,Mi,0.71652985
2026-07-20,W5,Pop Mie,Mi,0.64347243
2026-07-21,W5,Pop Mie,Mi,0.6560795
2026-07-22,W5,Pop Mie,Mi,0.63708913
2026-07-23,W5,Pop Mie,Mi,0.7030495
2026-07-24,W5,Pop Mie,Mi,0.7095097
2026-07-18,W5,Popok Sweety isi 10,Bayi,0.17449085
2026-07-19,W5,Popok Sweety isi 10,Bayi,0.17527217
2026-07-20,W5,Popok Sweety isi 10,Bayi,0.17237055
2026-07-21,W5,Popok Sweety isi 10,Bayi,0.17237055
2026-07-22,W5,Popok Sweety isi 10,Bayi,0.17237055
2026-07-23,W5,Popok Sweety isi 10,Bayi,0.17237055
2026-07-24,W5,Popok Sweety isi 10,Bayi,0.17237055
2026-07-18,W5,Promag strip,Obat,0.3360633
2026-07-19,W5,Promag strip,Obat,0.32154086
2026-07-20,W5,Promag strip,Obat,0.31415924
2026-07-21,W5,Promag strip,Obat,0.31415924
2026-07-22,W5,Promag strip,Obat,0.31415924
2026-07-23,W5,Promag strip,Obat,0.31415924
2026-07-24,W5,Promag strip,Obat,0.31501025
2026-07-18,W5,Pulpen Pilot,ATK,0.20151131
2026-07-19,W5,Pulpen Pilot,ATK,0.2024136
2026-07-20,W5,Pulpen Pilot,ATK,0.19615202
2026-07-21,W5,Pulpen Pilot,ATK,0.19615202
2026-07-22,W5,Pulpen Pilot,ATK,0.19615202
2026-07-23,W5,Pulpen Pilot,ATK,0.19615202
2026-07-24,W5,Pulpen Pilot,ATK,0.19615202
2026-07-18,W5,Rautan Joyko,ATK,0.24863552
2026-07-19,W5,Rautan Joyko,ATK,0.2483165
2026-07-20,W5,Rautan Joyko,ATK,0.24252415
2026-07-21,W5,Rautan Joyko,ATK,0.27812982
2026-07-22,W5,Rautan Joyko,ATK,0.27812982
2026-07-23,W5,Rautan Joyko,ATK,0.27812982
2026-07-24,W5,Rautan Joyko,ATK,0.27812982
2026-07-18,W5,Rinso sachet,Deterjen,1.1708425
2026-07-19,W5,Rinso sachet,Deterjen,1.1577297
2026-07-20,W5,Rinso sachet,Deterjen,0.9711964
2026-07-21,W5,Rinso sachet,Deterjen,0.926307
2026-07-22,W5,Rinso sachet,Deterjen,0.923846
2026-07-23,W5,Rinso sachet,Deterjen,0.9274615
2026-07-24,W5,Rinso sachet,Deterjen,0.96456605
2026-07-18,W5,Roma Kelapa 300g,Snack,1.0020589
2026-07-19,W5,Roma Kelapa 300g,Snack,0.8731641
2026-07-20,W5,Roma Kelapa 300g,Snack,0.7937707
2026-07-21,W5,Roma Kelapa 300g,Snack,0.7669924
2026-07-22,W5,Roma Kelapa 300g,Snack,0.7893264
2026-07-23,W5,Roma Kelapa 300g,Snack,0.8114504
2026-07-24,W5,Roma Kelapa 300g,Snack,0.82816505
2026-07-18,W5,Sabun batang Lifebuoy,Perawatan,0.61971706
2026-07-19,W5,Sabun batang Lifebuoy,Perawatan,0.5740352
2026-07-20,W5,Sabun batang Lifebuoy,Perawatan,0.50666213
2026-07-21,W5,Sabun batang Lifebuoy,Perawatan,0.50666213
2026-07-22,W5,Sabun batang Lifebuoy,Perawatan,0.54749376
2026-07-23,W5,Sabun batang Lifebuoy,Perawatan,0.54749376
2026-07-24,W5,Sabun batang Lifebuoy,Perawatan,0.545912
2026-07-18,W5,Sabun batang Lux,Perawatan,0.5723099
2026-07-19,W5,Sabun batang Lux,Perawatan,0.5678307
2026-07-20,W5,Sabun batang Lux,Perawatan,0.48701862
2026-07-21,W5,Sabun batang Lux,Perawatan,0.48701862
2026-07-22,W5,Sabun batang Lux,Perawatan,0.48701862
2026-07-23,W5,Sabun batang Lux,Perawatan,0.48561165
2026-07-24,W5,Sabun batang Lux,Perawatan,0.49835277
2026-07-18,W5,Sampoerna A 16 batang,Rokok,1.8901166
2026-07-19,W5,Sampoerna A 16 batang,Rokok,1.9497858
2026-07-20,W5,Sampoerna A 16 batang,Rokok,1.5864042
2026-07-21,W5,Sampoerna A 16 batang,Rokok,1.5945319
2026-07-22,W5,Sampoerna A 16 batang,Rokok,1.5965048
2026-07-23,W5,Sampoerna A 16 batang,Rokok,1.5489763
2026-07-24,W5,Sampoerna A 16 batang,Rokok,1.5568888
2026-07-18,W5,Santan Kara 65ml,Sembako,1.6506591
2026-07-19,W5,Santan Kara 65ml,Sembako,1.6629179
2026-07-20,W5,Santan Kara 65ml,Sembako,1.4836032
2026-07-21,W5,Santan Kara 65ml,Sembako,1.4535772
2026-07-22,W5,Santan Kara 65ml,Sembako,1.4686849
2026-07-23,W5,Santan Kara 65ml,Sembako,1.5010388
2026-07-24,W5,Santan Kara 65ml,Sembako,1.5202587
2026-07-18,W5,Sapu ijuk,RumahTangga,0.21759441
2026-07-19,W5,Sapu ijuk,RumahTangga,0.21841094
2026-07-20,W5,Sapu ijuk,RumahTangga,0.21502371
2026-07-21,W5,Sapu ijuk,RumahTangga,0.21502371
2026-07-22,W5,Sapu ijuk,RumahTangga,0.1968843
2026-07-23,W5,Sapu ijuk,RumahTangga,0.1968843
2026-07-24,W5,Sapu ijuk,RumahTangga,0.1968843
2026-07-18,W5,Sapu lidi,RumahTangga,0.24330442
2026-07-19,W5,Sapu lidi,RumahTangga,0.24432316
2026-07-20,W5,Sapu lidi,RumahTangga,0.23707183
2026-07-21,W5,Sapu lidi,RumahTangga,0.2493353
2026-07-22,W5,Sapu lidi,RumahTangga,0.24787919
2026-07-23,W5,Sapu lidi,RumahTangga,0.23707183
2026-07-24,W5,Sapu lidi,RumahTangga,0.23796493
2026-07-18,W5,Saus tiram Saori 133ml,Bumbu,1.556813
2026-07-19,W5,Saus tiram Saori 133ml,Bumbu,1.5092237
2026-07-20,W5,Saus tiram Saori 133ml,Bumbu,1.3383398
2026-07-21,W5,Saus tiram Saori 133ml,Bumbu,1.3451967
2026-07-22,W5,Saus tiram Saori 133ml,Bumbu,1.3727224
2026-07-23,W5,Saus tiram Saori 133ml,Bumbu,1.3801736
2026-07-24,W5,Saus tiram Saori 133ml,Bumbu,1.3906184
2026-07-18,W5,Saus tomat ABC 135ml,Bumbu,1.319318
2026-07-19,W5,Saus tomat ABC 135ml,Bumbu,1.3243724
2026-07-20,W5,Saus tomat ABC 135ml,Bumbu,1.2365177
2026-07-21,W5,Saus tomat ABC 135ml,Bumbu,1.2428528
2026-07-22,W5,Saus tomat ABC 135ml,Bumbu,1.2755674
2026-07-23,W5,Saus tomat ABC 135ml,Bumbu,1.2272534
2026-07-24,W5,Saus tomat ABC 135ml,Bumbu,1.1917616
2026-07-18,W5,Sedotan,Plastik,0.33733818
2026-07-19,W5,Sedotan,Plastik,0.33564585
2026-07-20,W5,Sedotan,Plastik,0.31097022
2026-07-21,W5,Sedotan,Plastik,0.33614463
2026-07-22,W5,Sedotan,Plastik,0.33614463
2026-07-23,W5,Sedotan,Plastik,0.33614463
2026-07-24,W5,Sedotan,Plastik,0.28500128
2026-07-18,W5,Sendok plastik,Plastik,0.37347576
2026-07-19,W5,Sendok plastik,Plastik,0.3796798
2026-07-20,W5,Sendok plastik,Plastik,0.34694803
2026-07-21,W5,Sendok plastik,Plastik,0.34694803
2026-07-22,W5,Sendok plastik,Plastik,0.34694803
2026-07-23,W5,Sendok plastik,Plastik,0.34694803
2026-07-24,W5,Sendok plastik,Plastik,0.34788787
2026-07-18,W5,Shampoo H&S sachet,Perawatan,0.57821965
2026-07-19,W5,Shampoo H&S sachet,Perawatan,0.5769408
2026-07-20,W5,Shampoo H&S sachet,Perawatan,0.50815094
2026-07-21,W5,Shampoo H&S sachet,Perawatan,0.50815094
2026-07-22,W5,Shampoo H&S sachet,Perawatan,0.55662656
2026-07-23,W5,Shampoo H&S sachet,Perawatan,0.5578784
2026-07-24,W5,Shampoo H&S sachet,Perawatan,0.5816612
2026-07-18,W5,Shampoo Pantene sachet,Perawatan,0.6396914
2026-07-19,W5,Shampoo Pantene sachet,Perawatan,0.65898323
2026-07-20,W5,Shampoo Pantene sachet,Perawatan,0.5733605
2026-07-21,W5,Shampoo Pantene sachet,Perawatan,0.5852623
2026-07-22,W5,Shampoo Pantene sachet,Perawatan,0.5813756
2026-07-23,W5,Shampoo Pantene sachet,Perawatan,0.5813756
2026-07-24,W5,Shampoo Pantene sachet,Perawatan,0.5827217
2026-07-18,W5,Shampoo Sunsilk sachet,Perawatan,0.88718975
2026-07-19,W5,Shampoo Sunsilk sachet,Perawatan,0.88589704
2026-07-20,W5,Shampoo Sunsilk sachet,Perawatan,0.80519056
2026-07-21,W5,Shampoo Sunsilk sachet,Perawatan,0.81174934
2026-07-22,W5,Shampoo Sunsilk sachet,Perawatan,0.80931586
2026-07-23,W5,Shampoo Sunsilk sachet,Perawatan,0.7838237
2026-07-24,W5,Shampoo Sunsilk sachet,Perawatan,0.8123037
2026-07-18,W5,Snack jagung Cheetos,Snack,1.0277566
2026-07-19,W5,Snack jagung Cheetos,Snack,1.0097524
2026-07-20,W5,Snack jagung Cheetos,Snack,0.97224534
2026-07-21,W5,Snack jagung Cheetos,Snack,1.0577087
2026-07-22,W5,Snack jagung Cheetos,Snack,1.0736363
2026-07-23,W5,Snack jagung Cheetos,Snack,1.0677565
2026-07-24,W5,Snack jagung Cheetos,Snack,1.0527569
2026-07-18,W5,Snack kentang Qtela 60g,Snack,0.8751173
2026-07-19,W5,Snack kentang Qtela 60g,Snack,0.86643195
2026-07-20,W5,Snack kentang Qtela 60g,Snack,0.61751074
2026-07-21,W5,Snack kentang Qtela 60g,Snack,0.61751074
2026-07-22,W5,Snack kentang Qtela 60g,Snack,0.570735
2026-07-23,W5,Snack kentang Qtela 60g,Snack,0.61751074
2026-07-24,W5,Snack kentang Qtela 60g,Snack,0.6189405
2026-07-18,W5,Sprite 390ml,Minuman,3.0576348
2026-07-19,W5,Sprite 390ml,Minuman,3.0557292
2026-07-20,W5,Sprite 390ml,Minuman,2.577505
2026-07-21,W5,Sprite 390ml,Minuman,2.5238876
2026-07-22,W5,Sprite 390ml,Minuman,2.560296
2026-07-23,W5,Sprite 390ml,Minuman,2.4503803
2026-07-24,W5,Sprite 390ml,Minuman,2.6417315
2026-07-18,W5,Sunlight 400ml,Deterjen,0.5294407
2026-07-19,W5,Sunlight 400ml,Deterjen,0.52861863
2026-07-20,W5,Sunlight 400ml,Deterjen,0.48325208
2026-07-21,W5,Sunlight 400ml,Deterjen,0.48325208
2026-07-22,W5,Sunlight 400ml,Deterjen,0.49078128
2026-07-23,W5,Sunlight 400ml,Deterjen,0.51697314
2026-07-24,W5,Sunlight 400ml,Deterjen,0.5194741
2026-07-18,W5,Super Pell 450ml,Deterjen,0.85161114
2026-07-19,W5,Super Pell 450ml,Deterjen,0.84782106
2026-07-20,W5,Super Pell 450ml,Deterjen,0.7273195
2026-07-21,W5,Super Pell 450ml,Deterjen,0.7530846
2026-07-22,W5,Super Pell 450ml,Deterjen,0.7363423
2026-07-23,W5,Super Pell 450ml,Deterjen,0.753746
2026-07-24,W5,Super Pell 450ml,Deterjen,0.75501984
2026-07-18,W5,Surya 16 batang,Rokok,5.9354625
2026-07-19,W5,Surya 16 batang,Rokok,6.632335
2026-07-20,W5,Surya 16 batang,Rokok,5.0725265
2026-07-21,W5,Surya 16 batang,Rokok,5.0872517
2026-07-22,W5,Surya 16 batang,Rokok,5.362593
2026-07-23,W5,Surya 16 batang,Rokok,5.317713
2026-07-24,W5,Surya 16 batang,Rokok,5.201137
2026-07-18,W5,Susu formula Dancow 200g,Bayi,0.13494673
2026-07-19,W5,Susu formula Dancow 200g,Bayi,0.13494673
2026-07-20,W5,Susu formula Dancow 200g,Bayi,0.13494673
2026-07-21,W5,Susu formula Dancow 200g,Bayi,0.13494673
2026-07-22,W5,Susu formula Dancow 200g,Bayi,0.13494673
2026-07-23,W5,Susu formula Dancow 200g,Bayi,0.13494673
2026-07-24,W5,Susu formula Dancow 200g,Bayi,0.13494673
2026-07-18,W5,Teh Botol Sosro 350ml,Minuman,3.0458605
2026-07-19,W5,Teh Botol Sosro 350ml,Minuman,3.0426264
2026-07-20,W5,Teh Botol Sosro 350ml,Minuman,2.5297217
2026-07-21,W5,Teh Botol Sosro 350ml,Minuman,2.4918425
2026-07-22,W5,Teh Botol Sosro 350ml,Minuman,2.6775405
2026-07-23,W5,Teh Botol Sosro 350ml,Minuman,2.4594715
2026-07-24,W5,Teh Botol Sosro 350ml,Minuman,2.6384373
2026-07-18,W5,Teh Pucuk 350ml,Minuman,3.489748
2026-07-19,W5,Teh Pucuk 350ml,Minuman,3.411289
2026-07-20,W5,Teh Pucuk 350ml,Minuman,2.7643187
2026-07-21,W5,Teh Pucuk 350ml,Minuman,2.822815
2026-07-22,W5,Teh Pucuk 350ml,Minuman,2.6896284
2026-07-23,W5,Teh Pucuk 350ml,Minuman,2.5882027
2026-07-24,W5,Teh Pucuk 350ml,Minuman,2.6142514
2026-07-18,W5,Teh Tong Tji sachet,Sachet,3.535378
2026-07-19,W5,Teh Tong Tji sachet,Sachet,3.5711894
2026-07-20,W5,Teh Tong Tji sachet,Sachet,2.9566672
2026-07-21,W5,Teh Tong Tji sachet,Sachet,2.9855258
2026-07-22,W5,Teh Tong Tji sachet,Sachet,3.0174816
2026-07-23,W5,Teh Tong Tji sachet,Sachet,3.020502
2026-07-24,W5,Teh Tong Tji sachet,Sachet,3.0148058
2026-07-18,W5,Telur ayam 1 butir,Sembako,2.5732307
2026-07-19,W5,Telur ayam 1 butir,Sembako,2.534096
2026-07-20,W5,Telur ayam 1 butir,Sembako,1.9754448
2026-07-21,W5,Telur ayam 1 butir,Sembako,1.8100682
2026-07-22,W5,Telur ayam 1 butir,Sembako,1.8894092
2026-07-23,W5,Telur ayam 1 butir,Sembako,1.8745182
2026-07-24,W5,Telur ayam 1 butir,Sembako,1.8319182
2026-07-18,W5,Tempura 250g,Frozen,0.73751265
2026-07-19,W5,Tempura 250g,Frozen,0.7275121
2026-07-20,W5,Tempura 250g,Frozen,0.66529506
2026-07-21,W5,Tempura 250g,Frozen,0.6269183
2026-07-22,W5,Tempura 250g,Frozen,0.5980498
2026-07-23,W5,Tempura 250g,Frozen,0.5980498
2026-07-24,W5,Tempura 250g,Frozen,0.6583225
2026-07-18,W5,Tepung beras Rose Brand 500g,Sembako,0.8660544
2026-07-19,W5,Tepung beras Rose Brand 500g,Sembako,0.8602672
2026-07-20,W5,Tepung beras Rose Brand 500g,Sembako,0.7993629
2026-07-21,W5,Tepung beras Rose Brand 500g,Sembako,0.77223754
2026-07-22,W5,Tepung beras Rose Brand 500g,Sembako,0.7586685
2026-07-23,W5,Tepung beras Rose Brand 500g,Sembako,0.7586685
2026-07-24,W5,Tepung beras Rose Brand 500g,Sembako,0.76042515
2026-07-18,W5,Tepung terigu Segitiga Biru 1kg,Sembako,1.5338479
2026-07-19,W5,Tepung terigu Segitiga Biru 1kg,Sembako,1.5099118
2026-07-20,W5,Tepung terigu Segitiga Biru 1kg,Sembako,1.2623751
2026-07-21,W5,Tepung terigu Segitiga Biru 1kg,Sembako,1.3118774
2026-07-22,W5,Tepung terigu Segitiga Biru 1kg,Sembako,1.3214338
2026-07-23,W5,Tepung terigu Segitiga Biru 1kg,Sembako,1.2497834
2026-07-24,W5,Tepung terigu Segitiga Biru 1kg,Sembako,1.2641747
2026-07-18,W5,Terasi ABC 20g,Bumbu,0.9370961
2026-07-19,W5,Terasi ABC 20g,Bumbu,1.0560818
2026-07-20,W5,Terasi ABC 20g,Bumbu,0.8297049
2026-07-21,W5,Terasi ABC 20g,Bumbu,0.8211794
2026-07-22,W5,Terasi ABC 20g,Bumbu,0.8211794
2026-07-23,W5,Terasi ABC 20g,Bumbu,0.89681137
2026-07-24,W5,Terasi ABC 20g,Bumbu,0.80879956
2026-07-18,W5,Tisu Nice,Tisu,0.30296034
2026-07-19,W5,Tisu Nice,Tisu,0.3025716
2026-07-20,W5,Tisu Nice,Tisu,0.2929275
2026-07-21,W5,Tisu Nice,Tisu,0.27465993
2026-07-22,W5,Tisu Nice,Tisu,0.2883397
2026-07-23,W5,Tisu Nice,Tisu,0.27556947
2026-07-24,W5,Tisu Nice,Tisu,0.27556947
2026-07-18,W5,Tisu Tessa,Tisu,0.28610253
2026-07-19,W5,Tisu Tessa,Tisu,0.28573546
2026-07-20,W5,Tisu Tessa,Tisu,0.2706303
2026-07-21,W5,Tisu Tessa,Tisu,0.2706303
2026-07-22,W5,Tisu Tessa,Tisu,0.2691622
2026-07-23,W5,Tisu Tessa,Tisu,0.2691622
2026-07-24,W5,Tisu Tessa,Tisu,0.27017617
2026-07-18,W5,Tisu basah Cussons,Tisu,0.29458806
2026-07-19,W5,Tisu basah Cussons,Tisu,0.29513696
2026-07-20,W5,Tisu basah Cussons,Tisu,0.2879183
2026-07-21,W5,Tisu basah Cussons,Tisu,0.2987305
2026-07-22,W5,Tisu basah Cussons,Tisu,0.2987305
2026-07-23,W5,Tisu basah Cussons,Tisu,0.3291554
2026-07-24,W5,Tisu basah Cussons,Tisu,0.3291554
2026-07-18,W5,Tisu basah Mitu,Tisu,0.2906797
2026-07-19,W5,Tisu basah Mitu,Tisu,0.27050474
2026-07-20,W5,Tisu basah Mitu,Tisu,0.26426497
2026-07-21,W5,Tisu basah Mitu,Tisu,0.2636576
2026-07-22,W5,Tisu basah Mitu,Tisu,0.29841027
2026-07-23,W5,Tisu basah Mitu,Tisu,0.29841027
2026-07-24,W5,Tisu basah Mitu,Tisu,0.29841027
2026-07-18,W5,Tusuk sate,Plastik,0.38507837
2026-07-19,W5,Tusuk sate,Plastik,0.32949644
2026-07-20,W5,Tusuk sate,Plastik,0.29880816
2026-07-21,W5,Tusuk sate,Plastik,0.29880816
2026-07-22,W5,Tusuk sate,Plastik,0.29966268
2026-07-23,W5,Tusuk sate,Plastik,0.29817134
2026-07-24,W5,Tusuk sate,Plastik,0.29817134
2026-07-18,W5,Ultra Milk 250ml,Minuman,1.7712266
2026-07-19,W5,Ultra Milk 250ml,Minuman,1.7483842
2026-07-20,W5,Ultra Milk 250ml,Minuman,1.5161097
2026-07-21,W5,Ultra Milk 250ml,Minuman,1.4370081
2026-07-22,W5,Ultra Milk 250ml,Minuman,1.4294473
2026-07-23,W5,Ultra Milk 250ml,Minuman,1.4665846
2026-07-24,W5,Ultra Milk 250ml,Minuman,1.4981416
2026-07-18,W5,Vitamin C CDR,Obat,0.5520065
2026-07-19,W5,Vitamin C CDR,Obat,0.5552552
2026-07-20,W5,Vitamin C CDR,Obat,0.52507514
2026-07-21,W5,Vitamin C CDR,Obat,0.5370902
2026-07-22,W5,Vitamin C CDR,Obat,0.5370902
2026-07-23,W5,Vitamin C CDR,Obat,0.5370902
2026-07-24,W5,Vitamin C CDR,Obat,0.5370902
2026-07-18,W5,Wafer Tango 115g,Snack,1.2306905
2026-07-19,W5,Wafer Tango 115g,Snack,1.182921
2026-07-20,W5,Wafer Tango 115g,Snack,0.95904106
2026-07-21,W5,Wafer Tango 115g,Snack,0.9882979
2026-07-22,W5,Wafer Tango 115g,Snack,0.9882979
2026-07-23,W5,Wafer Tango 115g,Snack,0.95477915
2026-07-24,W5,Wafer Tango 115g,Snack,1.114858
2026-07-18,W5,Wipol 450ml,Deterjen,0.8605969
2026-07-19,W5,Wipol 450ml,Deterjen,0.86176085
2026-07-20,W5,Wipol 450ml,Deterjen,0.7563439
2026-07-21,W5,Wipol 450ml,Deterjen,0.760219
2026-07-22,W5,Wipol 450ml,Deterjen,0.760219
2026-07-23,W5,Wipol 450ml,Deterjen,0.7532653
2026-07-24,W5,Wipol 450ml,Deterjen,0.7592399
2026-07-18,W6,Aluminium foil,Plastik,0.27778876
2026-07-19,W6,Aluminium foil,Plastik,0.3235058
2026-07-20,W6,Aluminium foil,Plastik,0.2990202
2026-07-21,W6,Aluminium foil,Plastik,0.2990202
2026-07-22,W6,Aluminium foil,Plastik,0.2990202
2026-07-23,W6,Aluminium foil,Plastik,0.2990202
2026-07-24,W6,Aluminium foil,Plastik,0.31417352
2026-07-18,W6,Amplop,ATK,0.14483508
2026-07-19,W6,Amplop,ATK,0.14358194
2026-07-20,W6,Amplop,ATK,0.14091288
2026-07-21,W6,Amplop,ATK,0.14091288
2026-07-22,W6,Amplop,ATK,0.14091288
2026-07-23,W6,Amplop,ATK,0.14091288
2026-07-24,W6,Amplop,ATK,0.14091288
2026-07-18,W6,Antangin sachet,Obat,0.4358875
2026-07-19,W6,Antangin sachet,Obat,0.43370077
2026-07-20,W6,Antangin sachet,Obat,0.40226614
2026-07-21,W6,Antangin sachet,Obat,0.3948791
2026-07-22,W6,Antangin sachet,Obat,0.3948791
2026-07-23,W6,Antangin sachet,Obat,0.3948791
2026-07-24,W6,Antangin sachet,Obat,0.3948791
2026-07-18,W6,Aqua 600ml,Minuman,4.8222303
2026-07-19,W6,Aqua 600ml,Minuman,5.1700187
2026-07-20,W6,Aqua 600ml,Minuman,4.0657597
2026-07-21,W6,Aqua 600ml,Minuman,3.5636883
2026-07-22,W6,Aqua 600ml,Minuman,3.5715537
2026-07-23,W6,Aqua 600ml,Minuman,3.5252159
2026-07-24,W6,Aqua 600ml,Minuman,3.5517483
2026-07-18,W6,Astor,Snack,0.6361245
2026-07-19,W6,Astor,Snack,0.63317525
2026-07-20,W6,Astor,Snack,0.6522744
2026-07-21,W6,Astor,Snack,0.6522744
2026-07-22,W6,Astor,Snack,0.6541615
2026-07-23,W6,Astor,Snack,0.6522744
2026-07-24,W6,Astor,Snack,0.60248154
2026-07-18,W6,Attack sachet,Deterjen,0.9834212
2026-07-19,W6,Attack sachet,Deterjen,1.0022137
2026-07-20,W6,Attack sachet,Deterjen,0.84503275
2026-07-21,W6,Attack sachet,Deterjen,0.83627915
2026-07-22,W6,Attack sachet,Deterjen,0.8484201
2026-07-23,W6,Attack sachet,Deterjen,0.85188633
2026-07-24,W6,Attack sachet,Deterjen,0.84575063
2026-07-18,W6,Baby powder My Baby 50g,Bayi,0.19550073
2026-07-19,W6,Baby powder My Baby 50g,Bayi,0.21222825
2026-07-20,W6,Baby powder My Baby 50g,Bayi,0.19278637
2026-07-21,W6,Baby powder My Baby 50g,Bayi,0.19353487
2026-07-22,W6,Baby powder My Baby 50g,Bayi,0.19278637
2026-07-23,W6,Baby powder My Baby 50g,Bayi,0.19278637
2026-07-24,W6,Baby powder My Baby 50g,Bayi,0.19278637
2026-07-18,W6,Bakso 250g,Frozen,1.0590208
2026-07-19,W6,Bakso 250g,Frozen,1.0803912
2026-07-20,W6,Bakso 250g,Frozen,0.84769946
2026-07-21,W6,Bakso 250g,Frozen,0.85709167
2026-07-22,W6,Bakso 250g,Frozen,0.85580516
2026-07-23,W6,Bakso 250g,Frozen,0.854785
2026-07-24,W6,Bakso 250g,Frozen,0.8525745
2026-07-18,W6,Balsem Geliga 20g,Obat,0.34635583
2026-07-19,W6,Balsem Geliga 20g,Obat,0.34361956
2026-07-20,W6,Balsem Geliga 20g,Obat,0.2604694
2026-07-21,W6,Balsem Geliga 20g,Obat,0.2560582
2026-07-22,W6,Balsem Geliga 20g,Obat,0.2538789
2026-07-23,W6,Balsem Geliga 20g,Obat,0.25238547
2026-07-24,W6,Balsem Geliga 20g,Obat,0.25238547
2026-07-18,W6,Basreng 100g,Snack,0.53223133
2026-07-19,W6,Basreng 100g,Snack,0.56268114
2026-07-20,W6,Basreng 100g,Snack,0.5092315
2026-07-21,W6,Basreng 100g,Snack,0.5092315
2026-07-22,W6,Basreng 100g,Snack,0.52015024
2026-07-23,W6,Basreng 100g,Snack,0.52015024
2026-07-24,W6,Basreng 100g,Snack,0.5215593
2026-07-18,W6,Baterai AA ABC 2pcs,RumahTangga,0.13468148
2026-07-19,W6,Baterai AA ABC 2pcs,RumahTangga,0.12728074
2026-07-20,W6,Baterai AA ABC 2pcs,RumahTangga,0.12728074
2026-07-21,W6,Baterai AA ABC 2pcs,RumahTangga,0.12728074
2026-07-22,W6,Baterai AA ABC 2pcs,RumahTangga,0.12728074
2026-07-23,W6,Baterai AA ABC 2pcs,RumahTangga,0.12728074
2026-07-24,W6,Baterai AA ABC 2pcs,RumahTangga,0.12307866
2026-07-18,W6,Baterai AAA ABC 2pcs,RumahTangga,0.121056706
2026-07-19,W6,Baterai AAA ABC 2pcs,RumahTangga,0.121056706
2026-07-20,W6,Baterai AAA ABC 2pcs,RumahTangga,0.120799124
2026-07-21,W6,Baterai AAA ABC 2pcs,RumahTangga,0.120799124
2026-07-22,W6,Baterai AAA ABC 2pcs,RumahTangga,0.120799124
2026-07-23,W6,Baterai AAA ABC 2pcs,RumahTangga,0.120799124
2026-07-24,W6,Baterai AAA ABC 2pcs,RumahTangga,0.120799124
2026-07-18,W6,Bayclin 500ml,Deterjen,1.1012005
2026-07-19,W6,Bayclin 500ml,Deterjen,1.093013
2026-07-20,W6,Bayclin 500ml,Deterjen,1.2038713
2026-07-21,W6,Bayclin 500ml,Deterjen,1.2905676
2026-07-22,W6,Bayclin 500ml,Deterjen,1.1738696
2026-07-23,W6,Bayclin 500ml,Deterjen,1.153661
2026-07-24,W6,Bayclin 500ml,Deterjen,1.1079248
2026-07-18,W6,Beng-Beng,Snack,0.6442482
2026-07-19,W6,Beng-Beng,Snack,0.613402
2026-07-20,W6,Beng-Beng,Snack,0.53149694
2026-07-21,W6,Beng-Beng,Snack,0.52819115
2026-07-22,W6,Beng-Beng,Snack,0.5437238
2026-07-23,W6,Beng-Beng,Snack,0.528611
2026-07-24,W6,Beng-Beng,Snack,0.528611
2026-07-18,W6,Beras medium SPHP 5kg,Sembako,0.61145574
2026-07-19,W6,Beras medium SPHP 5kg,Sembako,0.61145574
2026-07-20,W6,Beras medium SPHP 5kg,Sembako,0.49918878
2026-07-21,W6,Beras medium SPHP 5kg,Sembako,0.4404004
2026-07-22,W6,Beras medium SPHP 5kg,Sembako,0.4404004
2026-07-23,W6,Beras medium SPHP 5kg,Sembako,0.46370044
2026-07-24,W6,Beras medium SPHP 5kg,Sembako,0.4404004
2026-07-18,W6,Beras premium 10kg,Sembako,0.07879754
2026-07-19,W6,Beras premium 10kg,Sembako,0.07879754
2026-07-20,W6,Beras premium 10kg,Sembako,0.07879754
2026-07-21,W6,Beras premium 10kg,Sembako,0.07879754
2026-07-22,W6,Beras premium 10kg,Sembako,0.07879754
2026-07-23,W6,Beras premium 10kg,Sembako,0.07879754
2026-07-24,W6,Beras premium 10kg,Sembako,0.07879754
2026-07-18,W6,Beras premium 5kg,Sembako,0.39281163
2026-07-19,W6,Beras premium 5kg,Sembako,0.3923076
2026-07-20,W6,Beras premium 5kg,Sembako,0.36025405
2026-07-21,W6,Beras premium 5kg,Sembako,0.36025405
2026-07-22,W6,Beras premium 5kg,Sembako,0.36025405
2026-07-23,W6,Beras premium 5kg,Sembako,0.36025405
2026-07-24,W6,Beras premium 5kg,Sembako,0.30927235
2026-07-18,W6,Better,Snack,1.0508331
2026-07-19,W6,Better,Snack,1.1005905
2026-07-20,W6,Better,Snack,0.9033251
2026-07-21,W6,Better,Snack,0.8484854
2026-07-22,W6,Better,Snack,0.8484854
2026-07-23,W6,Better,Snack,0.7813203
2026-07-24,W6,Better,Snack,0.7277373
2026-07-18,W6,Body lotion Citra 100ml,Perawatan,0.6424316
2026-07-19,W6,Body lotion Citra 100ml,Perawatan,0.61821914
2026-07-20,W6,Body lotion Citra 100ml,Perawatan,0.5657483
2026-07-21,W6,Body lotion Citra 100ml,Perawatan,0.55637884
2026-07-22,W6,Body lotion Citra 100ml,Perawatan,0.55637884
2026-07-23,W6,Body lotion Citra 100ml,Perawatan,0.5281716
2026-07-24,W6,Body lotion Citra 100ml,Perawatan,0.57551074
2026-07-18,W6,Bohlam LED Hannochs 9W,RumahTangga,0.13556914
2026-07-19,W6,Bohlam LED Hannochs 9W,RumahTangga,0.13617617
2026-07-20,W6,Bohlam LED Hannochs 9W,RumahTangga,0.13489434
2026-07-21,W6,Bohlam LED Hannochs 9W,RumahTangga,0.13489434
2026-07-22,W6,Bohlam LED Hannochs 9W,RumahTangga,0.13489434
2026-07-23,W6,Bohlam LED Hannochs 9W,RumahTangga,0.13489434
2026-07-24,W6,Bohlam LED Hannochs 9W,RumahTangga,0.13489434
2026-07-18,W6,Buavita 250ml,Minuman,2.1379273
2026-07-19,W6,Buavita 250ml,Minuman,1.9680368
2026-07-20,W6,Buavita 250ml,Minuman,1.5729779
2026-07-21,W6,Buavita 250ml,Minuman,1.5368129
2026-07-22,W6,Buavita 250ml,Minuman,1.595766
2026-07-23,W6,Buavita 250ml,Minuman,1.8711647
2026-07-24,W6,Buavita 250ml,Minuman,1.9752202
2026-07-18,W6,Bubur bayi Promina 120g,Bayi,0.19969591
2026-07-19,W6,Bubur bayi Promina 120g,Bayi,0.20031314
2026-07-20,W6,Bubur bayi Promina 120g,Bayi,0.19970429
2026-07-21,W6,Bubur bayi Promina 120g,Bayi,0.19718538
2026-07-22,W6,Bubur bayi Promina 120g,Bayi,0.21446855
2026-07-23,W6,Bubur bayi Promina 120g,Bayi,0.22123834
2026-07-24,W6,Bubur bayi Promina 120g,Bayi,0.22123834
2026-07-18,W6,Buku gambar,ATK,0.14083895
2026-07-19,W6,Buku gambar,ATK,0.14083895
2026-07-20,W6,Buku gambar,ATK,0.14037164
2026-07-21,W6,Buku gambar,ATK,0.14037164
2026-07-22,W6,Buku gambar,ATK,0.14037164
2026-07-23,W6,Buku gambar,ATK,0.14037164
2026-07-24,W6,Buku gambar,ATK,0.14037164
2026-07-18,W6,Buku tulis Kiky,ATK,0.18396628
2026-07-19,W6,Buku tulis Kiky,ATK,0.18386297
2026-07-20,W6,Buku tulis Kiky,ATK,0.20654221
2026-07-21,W6,Buku tulis Kiky,ATK,0.20654221
2026-07-22,W6,Buku tulis Kiky,ATK,0.20654221
2026-07-23,W6,Buku tulis Kiky,ATK,0.20654221
2026-07-24,W6,Buku tulis Kiky,ATK,0.15767574
2026-07-18,W6,Cappuccino Good Day sachet,Sachet,1.5734695
2026-07-19,W6,Cappuccino Good Day sachet,Sachet,1.6602213
2026-07-20,W6,Cappuccino Good Day sachet,Sachet,1.4139656
2026-07-21,W6,Cappuccino Good Day sachet,Sachet,1.432693
2026-07-22,W6,Cappuccino Good Day sachet,Sachet,1.4165032
2026-07-23,W6,Cappuccino Good Day sachet,Sachet,1.5273951
2026-07-24,W6,Cappuccino Good Day sachet,Sachet,1.5263921
2026-07-18,W6,Chocolatos sachet,Sachet,1.3731865
2026-07-19,W6,Chocolatos sachet,Sachet,1.3944905
2026-07-20,W6,Chocolatos sachet,Sachet,1.0976968
2026-07-21,W6,Chocolatos sachet,Sachet,1.1176757
2026-07-22,W6,Chocolatos sachet,Sachet,1.1683816
2026-07-23,W6,Chocolatos sachet,Sachet,1.2093651
2026-07-24,W6,Chocolatos sachet,Sachet,1.2153031
2026-07-18,W6,Cokelat SilverQueen,Snack,0.7258219
2026-07-19,W6,Cokelat SilverQueen,Snack,0.71611047
2026-07-20,W6,Cokelat SilverQueen,Snack,0.66911453
2026-07-21,W6,Cokelat SilverQueen,Snack,0.60708064
2026-07-22,W6,Cokelat SilverQueen,Snack,0.60708064
2026-07-23,W6,Cokelat SilverQueen,Snack,0.59021825
2026-07-24,W6,Cokelat SilverQueen,Snack,0.556479
2026-07-18,W6,Cornetto,Frozen,0.7861763
2026-07-19,W6,Cornetto,Frozen,0.84822303
2026-07-20,W6,Cornetto,Frozen,0.7440277
2026-07-21,W6,Cornetto,Frozen,0.7298198
2026-07-22,W6,Cornetto,Frozen,0.75136065
2026-07-23,W6,Cornetto,Frozen,0.7647065
2026-07-24,W6,Cornetto,Frozen,0.8355337
2026-07-18,W6,Correction pen Joyko,ATK,0.13814087
2026-07-19,W6,Correction pen Joyko,ATK,0.13782337
2026-07-20,W6,Correction pen Joyko,ATK,0.13309357
2026-07-21,W6,Correction pen Joyko,ATK,0.13309357
2026-07-22,W6,Correction pen Joyko,ATK,0.13309357
2026-07-23,W6,Correction pen Joyko,ATK,0.13309357
2026-07-24,W6,Correction pen Joyko,ATK,0.13309357
2026-07-18,W6,Cotton bud Selection,Tisu,0.44922113
2026-07-19,W6,Cotton bud Selection,Tisu,0.44696754
2026-07-20,W6,Cotton bud Selection,Tisu,0.42189297
2026-07-21,W6,Cotton bud Selection,Tisu,0.42189297
2026-07-22,W6,Cotton bud Selection,Tisu,0.3776431
2026-07-23,W6,Cotton bud Selection,Tisu,0.3776431
2026-07-24,W6,Cotton bud Selection,Tisu,0.42189297
2026-07-18,W6,Cuka 100ml,Bumbu,1.9485217
2026-07-19,W6,Cuka 100ml,Bumbu,1.860601
2026-07-20,W6,Cuka 100ml,Bumbu,1.5849054
2026-07-21,W6,Cuka 100ml,Bumbu,1.7750764
2026-07-22,W6,Cuka 100ml,Bumbu,1.8078741
2026-07-23,W6,Cuka 100ml,Bumbu,1.8808289
2026-07-24,W6,Cuka 100ml,Bumbu,1.9478443
2026-07-18,W6,Cutter Joyko,ATK,0.13429621
2026-07-19,W6,Cutter Joyko,ATK,0.13489753
2026-07-20,W6,Cutter Joyko,ATK,0.13241377
2026-07-21,W6,Cutter Joyko,ATK,0.13241377
2026-07-22,W6,Cutter Joyko,ATK,0.13241377
2026-07-23,W6,Cutter Joyko,ATK,0.13241377
2026-07-24,W6,Cutter Joyko,ATK,0.13241377
2026-07-18,W6,Daia sachet,Deterjen,1.2869524
2026-07-19,W6,Daia sachet,Deterjen,1.4155208
2026-07-20,W6,Daia sachet,Deterjen,1.2254062
2026-07-21,W6,Daia sachet,Deterjen,1.2784749
2026-07-22,W6,Daia sachet,Deterjen,1.2020776
2026-07-23,W6,Daia sachet,Deterjen,1.1441664
2026-07-24,W6,Daia sachet,Deterjen,1.1566044
2026-07-18,W6,Dancow sachet,Sachet,2.1456907
2026-07-19,W6,Dancow sachet,Sachet,2.0892735
2026-07-20,W6,Dancow sachet,Sachet,1.5530225
2026-07-21,W6,Dancow sachet,Sachet,1.5869257
2026-07-22,W6,Dancow sachet,Sachet,1.5613396
2026-07-23,W6,Dancow sachet,Sachet,1.5086262
2026-07-24,W6,Dancow sachet,Sachet,1.5709271
2026-07-18,W6,Diapet strip,Obat,0.39164433
2026-07-19,W6,Diapet strip,Obat,0.43628106
2026-07-20,W6,Diapet strip,Obat,0.3960409
2026-07-21,W6,Diapet strip,Obat,0.3960409
2026-07-22,W6,Diapet strip,Obat,0.3960409
2026-07-23,W6,Diapet strip,Obat,0.3960409
2026-07-24,W6,Diapet strip,Obat,0.3960409
2026-07-18,W6,Djarum Super 12 batang,Rokok,0.9644585
2026-07-19,W6,Djarum Super 12 batang,Rokok,0.93738496
2026-07-20,W6,Djarum Super 12 batang,Rokok,0.8272627
2026-07-21,W6,Djarum Super 12 batang,Rokok,0.8290084
2026-07-22,W6,Djarum Super 12 batang,Rokok,0.86499304
2026-07-23,W6,Djarum Super 12 batang,Rokok,0.8649103
2026-07-24,W6,Djarum Super 12 batang,Rokok,0.97524697
2026-07-18,W6,Djarum Super 16 batang,Rokok,1.6740383
2026-07-19,W6,Djarum Super 16 batang,Rokok,1.6479818
2026-07-20,W6,Djarum Super 16 batang,Rokok,1.3871567
2026-07-21,W6,Djarum Super 16 batang,Rokok,1.4580225
2026-07-22,W6,Djarum Super 16 batang,Rokok,1.4464952
2026-07-23,W6,Djarum Super 16 batang,Rokok,1.4813616
2026-07-24,W6,Djarum Super 16 batang,Rokok,1.471905
2026-07-18,W6,Downy sachet,Deterjen,1.0210158
2026-07-19,W6,Downy sachet,Deterjen,1.0372947
2026-07-20,W6,Downy sachet,Deterjen,0.89630514
2026-07-21,W6,Downy sachet,Deterjen,0.8861399
2026-07-22,W6,Downy sachet,Deterjen,0.8656831
2026-07-23,W6,Downy sachet,Deterjen,0.8656831
2026-07-24,W6,Downy sachet,Deterjen,0.86463255
2026-07-18,W6,Ember,RumahTangga,0.122629516
2026-07-19,W6,Ember,RumahTangga,0.122629516
2026-07-20,W6,Ember,RumahTangga,0.12236859
2026-07-21,W6,Ember,RumahTangga,0.12236859
2026-07-22,W6,Ember,RumahTangga,0.12236859
2026-07-23,W6,Ember,RumahTangga,0.12236859
2026-07-24,W6,Ember,RumahTangga,0.12236859
2026-07-18,W6,Es krim Magnum,Frozen,1.1369921
2026-07-19,W6,Es krim Magnum,Frozen,1.1285386
2026-07-20,W6,Es krim Magnum,Frozen,0.93589365
2026-07-21,W6,Es krim Magnum,Frozen,0.94068855
2026-07-22,W6,Es krim Magnum,Frozen,0.90803665
2026-07-23,W6,Es krim Magnum,Frozen,0.86106193
2026-07-24,W6,Es krim Magnum,Frozen,0.83860064
2026-07-18,W6,Es krim cup Wall's,Frozen,0.9065825
2026-07-19,W6,Es krim cup Wall's,Frozen,0.86566216
2026-07-20,W6,Es krim cup Wall's,Frozen,0.7572085
2026-07-21,W6,Es krim cup Wall's,Frozen,0.75459677
2026-07-22,W6,Es krim cup Wall's,Frozen,0.75686574
2026-07-23,W6,Es krim cup Wall's,Frozen,0.77333534
2026-07-24,W6,Es krim cup Wall's,Frozen,0.75164306
2026-07-18,W6,Esse 16 batang,Rokok,1.1575125
2026-07-19,W6,Esse 16 batang,Rokok,1.14534
2026-07-20,W6,Esse 16 batang,Rokok,0.9964945
2026-07-21,W6,Esse 16 batang,Rokok,1.0413967
2026-07-22,W6,Esse 16 batang,Rokok,1.1158253
2026-07-23,W6,Esse 16 batang,Rokok,1.0255432
2026-07-24,W6,Esse 16 batang,Rokok,1.0040387
2026-07-18,W6,Extra Joss,Minuman,2.2779856
2026-07-19,W6,Extra Joss,Minuman,2.2313335
2026-07-20,W6,Extra Joss,Minuman,1.7900991
2026-07-21,W6,Extra Joss,Minuman,1.8464664
2026-07-22,W6,Extra Joss,Minuman,2.156858
2026-07-23,W6,Extra Joss,Minuman,2.0711246
2026-07-24,W6,Extra Joss,Minuman,2.0691092
2026-07-18,W6,FreshCare 10ml,Obat,0.34429017
2026-07-19,W6,FreshCare 10ml,Obat,0.34665683
2026-07-20,W6,FreshCare 10ml,Obat,0.3240959
2026-07-21,W6,FreshCare 10ml,Obat,0.33407128
2026-07-22,W6,FreshCare 10ml,Obat,0.33240873
2026-07-23,W6,FreshCare 10ml,Obat,0.33240873
2026-07-24,W6,FreshCare 10ml,Obat,0.3240959
2026-07-18,W6,Frestea 350ml,Minuman,1.2563512
2026-07-19,W6,Frestea 350ml,Minuman,1.217306
2026-07-20,W6,Frestea 350ml,Minuman,1.12205
2026-07-21,W6,Frestea 350ml,Minuman,1.089727
2026-07-22,W6,Frestea 350ml,Minuman,0.97934264
2026-07-23,W6,Frestea 350ml,Minuman,1.0453758
2026-07-24,W6,Frestea 350ml,Minuman,0.9612378
2026-07-18,W6,Garam Dolphin 500g,Sembako,1.5982859
2026-07-19,W6,Garam Dolphin 500g,Sembako,1.6257489
2026-07-20,W6,Garam Dolphin 500g,Sembako,1.4260921
2026-07-21,W6,Garam Dolphin 500g,Sembako,1.4438972
2026-07-22,W6,Garam Dolphin 500g,Sembako,1.437998
2026-07-23,W6,Garam Dolphin 500g,Sembako,1.4363421
2026-07-24,W6,Garam Dolphin 500g,Sembako,1.6617196
2026-07-18,W6,Garam Refina 500g,Sembako,2.0805917
2026-07-19,W6,Garam Refina 500g,Sembako,2.0770075
2026-07-20,W6,Garam Refina 500g,Sembako,1.6986792
2026-07-21,W6,Garam Refina 500g,Sembako,1.7652564
2026-07-22,W6,Garam Refina 500g,Sembako,1.741864
2026-07-23,W6,Garam Refina 500g,Sembako,1.745475
2026-07-24,W6,Garam Refina 500g,Sembako,1.5098257
2026-07-18,W6,Gayung,RumahTangga,0.13573271
2026-07-19,W6,Gayung,RumahTangga,0.13634047
2026-07-20,W6,Gayung,RumahTangga,0.13544393
2026-07-21,W6,Gayung,RumahTangga,0.13544393
2026-07-22,W6,Gayung,RumahTangga,0.13544393
2026-07-23,W6,Gayung,RumahTangga,0.13544393
2026-07-24,W6,Gayung,RumahTangga,0.13544393
2026-07-18,W6,Gelas plastik,Plastik,0.44887492
2026-07-19,W6,Gelas plastik,Plastik,0.47873175
2026-07-20,W6,Gelas plastik,Plastik,0.45242718
2026-07-21,W6,Gelas plastik,Plastik,0.48387876
2026-07-22,W6,Gelas plastik,Plastik,0.48387876
2026-07-23,W6,Gelas plastik,Plastik,0.48387876
2026-07-24,W6,Gelas plastik,Plastik,0.45692348
2026-07-18,W6,Good Day 250ml,Minuman,1.5923759
2026-07-19,W6,Good Day 250ml,Minuman,1.4658765
2026-07-20,W6,Good Day 250ml,Minuman,1.4097289
2026-07-21,W6,Good Day 250ml,Minuman,1.4931122
2026-07-22,W6,Good Day 250ml,Minuman,1.4931122
2026-07-23,W6,Good Day 250ml,Minuman,1.46896
2026-07-24,W6,Good Day 250ml,Minuman,1.5664603
2026-07-18,W6,Gudang Garam 16 batang,Rokok,1.4237331
2026-07-19,W6,Gudang Garam 16 batang,Rokok,1.4135208
2026-07-20,W6,Gudang Garam 16 batang,Rokok,1.2342219
2026-07-21,W6,Gudang Garam 16 batang,Rokok,1.2919078
2026-07-22,W6,Gudang Garam 16 batang,Rokok,1.2238426
2026-07-23,W6,Gudang Garam 16 batang,Rokok,1.1768587
2026-07-24,W6,Gudang Garam 16 batang,Rokok,1.1114292
2026-07-18,W6,Gula pasir Gulaku 1kg,Sembako,1.4834807
2026-07-19,W6,Gula pasir Gulaku 1kg,Sembako,1.4364777
2026-07-20,W6,Gula pasir Gulaku 1kg,Sembako,1.1776476
2026-07-21,W6,Gula pasir Gulaku 1kg,Sembako,1.1747847
2026-07-22,W6,Gula pasir Gulaku 1kg,Sembako,1.1394169
2026-07-23,W6,Gula pasir Gulaku 1kg,Sembako,1.1258312
2026-07-24,W6,Gula pasir Gulaku 1kg,Sembako,1.1319636
2026-07-18,W6,Gula pasir Rose Brand 1kg,Sembako,2.18002
2026-07-19,W6,Gula pasir Rose Brand 1kg,Sembako,2.1429756
2026-07-20,W6,Gula pasir Rose Brand 1kg,Sembako,1.817594
2026-07-21,W6,Gula pasir Rose Brand 1kg,Sembako,1.6553626
2026-07-22,W6,Gula pasir Rose Brand 1kg,Sembako,1.7560726
2026-07-23,W6,Gula pasir Rose Brand 1kg,Sembako,1.6346725
2026-07-24,W6,Gula pasir Rose Brand 1kg,Sembako,1.6485184
2026-07-18,W6,Gunting Joyko,ATK,0.12134573
2026-07-19,W6,Gunting Joyko,ATK,0.12134573
2026-07-20,W6,Gunting Joyko,ATK,0.12104089
2026-07-21,W6,Gunting Joyko,ATK,0.12104089
2026-07-22,W6,Gunting Joyko,ATK,0.12104089
2026-07-23,W6,Gunting Joyko,ATK,0.12104089
2026-07-24,W6,Gunting Joyko,ATK,0.12104089
2026-07-18,W6,Hanger,RumahTangga,0.121155456
2026-07-19,W6,Hanger,RumahTangga,0.121155456
2026-07-20,W6,Hanger,RumahTangga,0.120897666
2026-07-21,W6,Hanger,RumahTangga,0.120897666
2026-07-22,W6,Hanger,RumahTangga,0.120897666
2026-07-23,W6,Hanger,RumahTangga,0.120897666
2026-07-24,W6,Hanger,RumahTangga,0.120897666
2026-07-18,W6,Indomie Cup,Mi,0.6447668
2026-07-19,W6,Indomie Cup,Mi,0.70408684
2026-07-20,W6,Indomie Cup,Mi,0.63667375
2026-07-21,W6,Indomie Cup,Mi,0.6429289
2026-07-22,W6,Indomie Cup,Mi,0.6429289
2026-07-23,W6,Indomie Cup,Mi,0.6378984
2026-07-24,W6,Indomie Cup,Mi,0.6374586
2026-07-18,W6,Indomilk 190ml,Minuman,2.7862825
2026-07-19,W6,Indomilk 190ml,Minuman,2.8500903
2026-07-20,W6,Indomilk 190ml,Minuman,2.23488
2026-07-21,W6,Indomilk 190ml,Minuman,2.2200341
2026-07-22,W6,Indomilk 190ml,Minuman,2.281945
2026-07-23,W6,Indomilk 190ml,Minuman,2.2428188
2026-07-24,W6,Indomilk 190ml,Minuman,2.290135
2026-07-18,W6,Isolasi,RumahTangga,0.13891216
2026-07-19,W6,Isolasi,RumahTangga,0.13891216
2026-07-20,W6,Isolasi,RumahTangga,0.1385154
2026-07-21,W6,Isolasi,RumahTangga,0.1385154
2026-07-22,W6,Isolasi,RumahTangga,0.1385154
2026-07-23,W6,Isolasi,RumahTangga,0.1385154
2026-07-24,W6,Isolasi,RumahTangga,0.16706102
2026-07-18,W6,Kabel USB,RumahTangga,0.12154329
2026-07-19,W6,Kabel USB,RumahTangga,0.12154329
2026-07-20,W6,Kabel USB,RumahTangga,0.12128467
2026-07-21,W6,Kabel USB,RumahTangga,0.12128467
2026-07-22,W6,Kabel USB,RumahTangga,0.12457571
2026-07-23,W6,Kabel USB,RumahTangga,0.13342269
2026-07-24,W6,Kabel USB,RumahTangga,0.12457571
2026-07-18,W6,Kacang atom Garuda 100g,Snack,0.44797996
2026-07-19,W6,Kacang atom Garuda 100g,Snack,0.42483896
2026-07-20,W6,Kacang atom Garuda 100g,Snack,0.41621757
2026-07-21,W6,Kacang atom Garuda 100g,Snack,0.41414616
2026-07-22,W6,Kacang atom Garuda 100g,Snack,0.41414616
2026-07-23,W6,Kacang atom Garuda 100g,Snack,0.41414616
2026-07-24,W6,Kacang atom Garuda 100g,Snack,0.41414616
2026-07-18,W6,Kacang kulit Garuda 100g,Snack,1.0629877
2026-07-19,W6,Kacang kulit Garuda 100g,Snack,1.0535176
2026-07-20,W6,Kacang kulit Garuda 100g,Snack,0.89724547
2026-07-21,W6,Kacang kulit Garuda 100g,Snack,0.8945557
2026-07-22,W6,Kacang kulit Garuda 100g,Snack,0.90910053
2026-07-23,W6,Kacang kulit Garuda 100g,Snack,0.88697034
2026-07-24,W6,Kacang kulit Garuda 100g,Snack,0.91091275
2026-07-18,W6,Kacang sukro Garuda 80g,Snack,0.5503628
2026-07-19,W6,Kacang sukro Garuda 80g,Snack,0.52341056
2026-07-20,W6,Kacang sukro Garuda 80g,Snack,0.45903727
2026-07-21,W6,Kacang sukro Garuda 80g,Snack,0.47106543
2026-07-22,W6,Kacang sukro Garuda 80g,Snack,0.47031486
2026-07-23,W6,Kacang sukro Garuda 80g,Snack,0.44501743
2026-07-24,W6,Kacang sukro Garuda 80g,Snack,0.4460182
2026-07-18,W6,Kaldu bubuk Royco 100g,Bumbu,1.3473517
2026-07-19,W6,Kaldu bubuk Royco 100g,Bumbu,1.3771323
2026-07-20,W6,Kaldu bubuk Royco 100g,Bumbu,1.2157812
2026-07-21,W6,Kaldu bubuk Royco 100g,Bumbu,1.2020663
2026-07-22,W6,Kaldu bubuk Royco 100g,Bumbu,1.2412925
2026-07-23,W6,Kaldu bubuk Royco 100g,Bumbu,1.1601869
2026-07-24,W6,Kaldu bubuk Royco 100g,Bumbu,1.2117937
2026-07-18,W6,Kapas Selection,Tisu,0.39314917
2026-07-19,W6,Kapas Selection,Tisu,0.35995832
2026-07-20,W6,Kapas Selection,Tisu,0.37207243
2026-07-21,W6,Kapas Selection,Tisu,0.37108782
2026-07-22,W6,Kapas Selection,Tisu,0.37108782
2026-07-23,W6,Kapas Selection,Tisu,0.37108782
2026-07-24,W6,Kapas Selection,Tisu,0.37108782
2026-07-18,W6,Karbol 500ml,Deterjen,1.5589534
2026-07-19,W6,Karbol 500ml,Deterjen,1.3987849
2026-07-20,W6,Karbol 500ml,Deterjen,1.1861097
2026-07-21,W6,Karbol 500ml,Deterjen,1.1660787
2026-07-22,W6,Karbol 500ml,Deterjen,1.1763765
2026-07-23,W6,Karbol 500ml,Deterjen,1.1763765
2026-07-24,W6,Karbol 500ml,Deterjen,1.1720105
2026-07-18,W6,Kecap manis ABC 135ml,Bumbu,3.0517845
2026-07-19,W6,Kecap manis ABC 135ml,Bumbu,2.9853368
2026-07-20,W6,Kecap manis ABC 135ml,Bumbu,2.3543491
2026-07-21,W6,Kecap manis ABC 135ml,Bumbu,2.3326979
2026-07-22,W6,Kecap manis ABC 135ml,Bumbu,2.4219558
2026-07-23,W6,Kecap manis ABC 135ml,Bumbu,2.4855137
2026-07-24,W6,Kecap manis ABC 135ml,Bumbu,2.496504
2026-07-18,W6,Kecap manis Sedap 135ml,Bumbu,1.574504
2026-07-19,W6,Kecap manis Sedap 135ml,Bumbu,1.7781368
2026-07-20,W6,Kecap manis Sedap 135ml,Bumbu,1.4580715
2026-07-21,W6,Kecap manis Sedap 135ml,Bumbu,1.4001205
2026-07-22,W6,Kecap manis Sedap 135ml,Bumbu,1.349591
2026-07-23,W6,Kecap manis Sedap 135ml,Bumbu,1.3405267
2026-07-24,W6,Kecap manis Sedap 135ml,Bumbu,1.3182976
2026-07-18,W6,Kentang frozen 500g,Frozen,0.7785681
2026-07-19,W6,Kentang frozen 500g,Frozen,0.7695166
2026-07-20,W6,Kentang frozen 500g,Frozen,0.6791581
2026-07-21,W6,Kentang frozen 500g,Frozen,0.6791581
2026-07-22,W6,Kentang frozen 500g,Frozen,0.69335335
2026-07-23,W6,Kentang frozen 500g,Frozen,0.69335335
2026-07-24,W6,Kentang frozen 500g,Frozen,0.6949587
2026-07-18,W6,Keripik kentang Chitato 68g,Snack,0.74224776
2026-07-19,W6,Keripik kentang Chitato 68g,Snack,0.7428908
2026-07-20,W6,Keripik kentang Chitato 68g,Snack,0.711716
2026-07-21,W6,Keripik kentang Chitato 68g,Snack,0.71216017
2026-07-22,W6,Keripik kentang Chitato 68g,Snack,0.68476605
2026-07-23,W6,Keripik kentang Chitato 68g,Snack,0.68476605
2026-07-24,W6,Keripik kentang Chitato 68g,Snack,0.68635154
2026-07-18,W6,Kopi ABC sachet,Sachet,1.3582914
2026-07-19,W6,Kopi ABC sachet,Sachet,1.3197299
2026-07-20,W6,Kopi ABC sachet,Sachet,1.0776503
2026-07-21,W6,Kopi ABC sachet,Sachet,1.0809101
2026-07-22,W6,Kopi ABC sachet,Sachet,1.0116197
2026-07-23,W6,Kopi ABC sachet,Sachet,1.0116197
2026-07-24,W6,Kopi ABC sachet,Sachet,1.0211039
2026-07-18,W6,Kopi Good Day sachet,Sachet,3.271369
2026-07-19,W6,Kopi Good Day sachet,Sachet,3.2411397
2026-07-20,W6,Kopi Good Day sachet,Sachet,2.2464285
2026-07-21,W6,Kopi Good Day sachet,Sachet,2.387267
2026-07-22,W6,Kopi Good Day sachet,Sachet,2.3594995
2026-07-23,W6,Kopi Good Day sachet,Sachet,2.2788174
2026-07-24,W6,Kopi Good Day sachet,Sachet,2.2924752
2026-07-18,W6,Kopi Kapal Api sachet,Sachet,2.7531264
2026-07-19,W6,Kopi Kapal Api sachet,Sachet,2.5821083
2026-07-20,W6,Kopi Kapal Api sachet,Sachet,1.8860943
2026-07-21,W6,Kopi Kapal Api sachet,Sachet,2.2082484
2026-07-22,W6,Kopi Kapal Api sachet,Sachet,2.1746428
2026-07-23,W6,Kopi Kapal Api sachet,Sachet,2.194925
2026-07-24,W6,Kopi Kapal Api sachet,Sachet,2.2828555
2026-07-18,W6,Kopi Torabika sachet,Sachet,1.6499119
2026-07-19,W6,Kopi Torabika sachet,Sachet,1.7159214
2026-07-20,W6,Kopi Torabika sachet,Sachet,1.4268603
2026-07-21,W6,Kopi Torabika sachet,Sachet,1.4672096
2026-07-22,W6,Kopi Torabika sachet,Sachet,1.4931748
2026-07-23,W6,Kopi Torabika sachet,Sachet,1.6086714
2026-07-24,W6,Kopi Torabika sachet,Sachet,1.6467946
2026-07-18,W6,Kopiko 78C 240ml,Minuman,1.8638678
2026-07-19,W6,Kopiko 78C 240ml,Minuman,1.9260374
2026-07-20,W6,Kopiko 78C 240ml,Minuman,1.8467505
2026-07-21,W6,Kopiko 78C 240ml,Minuman,1.8598057
2026-07-22,W6,Kopiko 78C 240ml,Minuman,1.8567255
2026-07-23,W6,Kopiko 78C 240ml,Minuman,1.7991912
2026-07-24,W6,Kopiko 78C 240ml,Minuman,1.8302491
2026-07-18,W6,Korek gas,Rokok,1.4950634
2026-07-19,W6,Korek gas,Rokok,1.398541
2026-07-20,W6,Korek gas,Rokok,1.1554377
2026-07-21,W6,Korek gas,Rokok,1.2480541
2026-07-22,W6,Korek gas,Rokok,1.3085448
2026-07-23,W6,Korek gas,Rokok,1.2186608
2026-07-24,W6,Korek gas,Rokok,1.2552546
2026-07-18,W6,Korek kayu,Rokok,1.4557589
2026-07-19,W6,Korek kayu,Rokok,1.4168727
2026-07-20,W6,Korek kayu,Rokok,1.2425205
2026-07-21,W6,Korek kayu,Rokok,1.2488863
2026-07-22,W6,Korek kayu,Rokok,1.2325344
2026-07-23,W6,Korek kayu,Rokok,1.2325344
2026-07-24,W6,Korek kayu,Rokok,1.2212001
2026-07-18,W6,Kratingdaeng 150ml,Minuman,1.5822418
2026-07-19,W6,Kratingdaeng 150ml,Minuman,1.5843685
2026-07-20,W6,Kratingdaeng 150ml,Minuman,1.3994561
2026-07-21,W6,Kratingdaeng 150ml,Minuman,1.4014411
2026-07-22,W6,Kratingdaeng 150ml,Minuman,1.3725315
2026-07-23,W6,Kratingdaeng 150ml,Minuman,1.3876973
2026-07-24,W6,Kratingdaeng 150ml,Minuman,1.3977671
2026-07-18,W6,Kuaci Rebo 100g,Snack,0.8191557
2026-07-19,W6,Kuaci Rebo 100g,Snack,0.8484977
2026-07-20,W6,Kuaci Rebo 100g,Snack,0.72075397
2026-07-21,W6,Kuaci Rebo 100g,Snack,0.7229212
2026-07-22,W6,Kuaci Rebo 100g,Snack,0.72075397
2026-07-23,W6,Kuaci Rebo 100g,Snack,0.6922519
2026-07-24,W6,Kuaci Rebo 100g,Snack,0.65304166
2026-07-18,W6,Kukubima sachet,Minuman,1.7698758
2026-07-19,W6,Kukubima sachet,Minuman,1.7552075
2026-07-20,W6,Kukubima sachet,Minuman,1.4121017
2026-07-21,W6,Kukubima sachet,Minuman,1.4193364
2026-07-22,W6,Kukubima sachet,Minuman,1.3977054
2026-07-23,W6,Kukubima sachet,Minuman,1.3977054
2026-07-24,W6,Kukubima sachet,Minuman,1.407137
2026-07-18,W6,LA Bold 16 batang,Rokok,1.3452922
2026-07-19,W6,LA Bold 16 batang,Rokok,1.334366
2026-07-20,W6,LA Bold 16 batang,Rokok,1.1632699
2026-07-21,W6,LA Bold 16 batang,Rokok,1.2032629
2026-07-22,W6,LA Bold 16 batang,Rokok,1.1692297
2026-07-23,W6,LA Bold 16 batang,Rokok,1.2257805
2026-07-24,W6,LA Bold 16 batang,Rokok,1.256322
2026-07-18,W6,LA Ice 16 batang,Rokok,1.1404588
2026-07-19,W6,LA Ice 16 batang,Rokok,1.1810794
2026-07-20,W6,LA Ice 16 batang,Rokok,0.9224295
2026-07-21,W6,LA Ice 16 batang,Rokok,0.888799
2026-07-22,W6,LA Ice 16 batang,Rokok,0.888799
2026-07-23,W6,LA Ice 16 batang,Rokok,0.888799
2026-07-24,W6,LA Ice 16 batang,Rokok,0.8932485
2026-07-18,W6,LPG 3kg,LPG,0.6887366
2026-07-19,W6,LPG 3kg,LPG,0.59155726
2026-07-20,W6,LPG 3kg,LPG,0.5350896
2026-07-21,W6,LPG 3kg,LPG,0.545249
2026-07-22,W6,LPG 3kg,LPG,0.6342267
2026-07-23,W6,LPG 3kg,LPG,0.67017883
2026-07-24,W6,LPG 3kg,LPG,0.6660014
2026-07-18,W6,Lakban,RumahTangga,0.1750031
2026-07-19,W6,Lakban,RumahTangga,0.1750031
2026-07-20,W6,Lakban,RumahTangga,0.15450168
2026-07-21,W6,Lakban,RumahTangga,0.1727807
2026-07-22,W6,Lakban,RumahTangga,0.1727807
2026-07-23,W6,Lakban,RumahTangga,0.1727807
2026-07-24,W6,Lakban,RumahTangga,0.17343159
2026-07-18,W6,Le Minerale 1.5L,Minuman,1.6265602
2026-07-19,W6,Le Minerale 1.5L,Minuman,1.6250876
2026-07-20,W6,Le Minerale 1.5L,Minuman,1.436652
2026-07-21,W6,Le Minerale 1.5L,Minuman,1.4440124
2026-07-22,W6,Le Minerale 1.5L,Minuman,1.431886
2026-07-23,W6,Le Minerale 1.5L,Minuman,1.4624414
2026-07-24,W6,Le Minerale 1.5L,Minuman,1.4288721
2026-07-18,W6,Le Minerale 600ml,Minuman,2.2675655
2026-07-19,W6,Le Minerale 600ml,Minuman,2.5534525
2026-07-20,W6,Le Minerale 600ml,Minuman,2.1374617
2026-07-21,W6,Le Minerale 600ml,Minuman,2.1484125
2026-07-22,W6,Le Minerale 600ml,Minuman,2.3778088
2026-07-23,W6,Le Minerale 600ml,Minuman,2.5268989
2026-07-24,W6,Le Minerale 600ml,Minuman,2.706012
2026-07-18,W6,Lem Alteco,RumahTangga,0.24883516
2026-07-19,W6,Lem Alteco,RumahTangga,0.24994934
2026-07-20,W6,Lem Alteco,RumahTangga,0.20755279
2026-07-21,W6,Lem Alteco,RumahTangga,0.23844971
2026-07-22,W6,Lem Alteco,RumahTangga,0.23510581
2026-07-23,W6,Lem Alteco,RumahTangga,0.2066036
2026-07-24,W6,Lem Alteco,RumahTangga,0.20196404
2026-07-18,W6,Lilin,RumahTangga,0.117855005
2026-07-19,W6,Lilin,RumahTangga,0.117855005
2026-07-20,W6,Lilin,RumahTangga,0.117855005
2026-07-21,W6,Lilin,RumahTangga,0.117855005
2026-07-22,W6,Lilin,RumahTangga,0.117855005
2026-07-23,W6,Lilin,RumahTangga,0.117855005
2026-07-24,W6,Lilin,RumahTangga,0.117855005
2026-07-18,W6,Makaroni 200g,Mi,0.9779156
2026-07-19,W6,Makaroni 200g,Mi,1.0201812
2026-07-20,W6,Makaroni 200g,Mi,0.8629753
2026-07-21,W6,Makaroni 200g,Mi,0.8673966
2026-07-22,W6,Makaroni 200g,Mi,0.8915781
2026-07-23,W6,Makaroni 200g,Mi,0.8915781
2026-07-24,W6,Makaroni 200g,Mi,0.89604145
2026-07-18,W6,Makaroni pedas 100g,Snack,0.76676035
2026-07-19,W6,Makaroni pedas 100g,Snack,0.8008703
2026-07-20,W6,Makaroni pedas 100g,Snack,0.7343327
2026-07-21,W6,Makaroni pedas 100g,Snack,0.70193666
2026-07-22,W6,Makaroni pedas 100g,Snack,0.69658875
2026-07-23,W6,Makaroni pedas 100g,Snack,0.69658875
2026-07-24,W6,Makaroni pedas 100g,Snack,0.6945841
2026-07-18,W6,Map,ATK,0.15507102
2026-07-19,W6,Map,ATK,0.15784691
2026-07-20,W6,Map,ATK,0.15359603
2026-07-21,W6,Map,ATK,0.15359603
2026-07-22,W6,Map,ATK,0.15191971
2026-07-23,W6,Map,ATK,0.15191971
2026-07-24,W6,Map,ATK,0.15191971
2026-07-18,W6,Marlboro 16 batang,Rokok,1.4337524
2026-07-19,W6,Marlboro 16 batang,Rokok,1.3646772
2026-07-20,W6,Marlboro 16 batang,Rokok,1.234322
2026-07-21,W6,Marlboro 16 batang,Rokok,1.1651098
2026-07-22,W6,Marlboro 16 batang,Rokok,1.137388
2026-07-23,W6,Marlboro 16 batang,Rokok,1.2067137
2026-07-24,W6,Marlboro 16 batang,Rokok,1.2924725
2026-07-18,W6,Merica bubuk Ladaku,Bumbu,1.1849476
2026-07-19,W6,Merica bubuk Ladaku,Bumbu,1.1907581
2026-07-20,W6,Merica bubuk Ladaku,Bumbu,1.0828011
2026-07-21,W6,Merica bubuk Ladaku,Bumbu,1.1131631
2026-07-22,W6,Merica bubuk Ladaku,Bumbu,1.081807
2026-07-23,W6,Merica bubuk Ladaku,Bumbu,1.2036519
2026-07-24,W6,Merica bubuk Ladaku,Bumbu,1.1567013
2026-07-18,W6,Mi ayam bawang Indomie,Mi,1.4501156
2026-07-19,W6,Mi ayam bawang Indomie,Mi,1.4843143
2026-07-20,W6,Mi ayam bawang Indomie,Mi,1.3100843
2026-07-21,W6,Mi ayam bawang Indomie,Mi,1.3159676
2026-07-22,W6,Mi ayam bawang Indomie,Mi,1.3580436
2026-07-23,W6,Mi ayam bawang Indomie,Mi,1.3326596
2026-07-24,W6,Mi ayam bawang Indomie,Mi,1.3439473
2026-07-18,W6,Mi goreng Sarimi,Mi,0.8833511
2026-07-19,W6,Mi goreng Sarimi,Mi,0.95646584
2026-07-20,W6,Mi goreng Sarimi,Mi,0.77686685
2026-07-21,W6,Mi goreng Sarimi,Mi,0.76050884
2026-07-22,W6,Mi goreng Sarimi,Mi,0.7372304
2026-07-23,W6,Mi goreng Sarimi,Mi,0.7372304
2026-07-24,W6,Mi goreng Sarimi,Mi,0.7384055
2026-07-18,W6,Mi goreng Sedaap,Mi,0.7470068
2026-07-19,W6,Mi goreng Sedaap,Mi,0.8032554
2026-07-20,W6,Mi goreng Sedaap,Mi,0.70881695
2026-07-21,W6,Mi goreng Sedaap,Mi,0.7437132
2026-07-22,W6,Mi goreng Sedaap,Mi,0.7437132
2026-07-23,W6,Mi goreng Sedaap,Mi,0.7065184
2026-07-24,W6,Mi goreng Sedaap,Mi,0.7081542
2026-07-18,W6,Mi jumbo Indomie,Mi,0.69441175
2026-07-19,W6,Mi jumbo Indomie,Mi,0.69441175
2026-07-20,W6,Mi jumbo Indomie,Mi,0.6420221
2026-07-21,W6,Mi jumbo Indomie,Mi,0.7646367
2026-07-22,W6,Mi jumbo Indomie,Mi,0.7681971
2026-07-23,W6,Mi jumbo Indomie,Mi,0.69100004
2026-07-24,W6,Mi jumbo Indomie,Mi,0.66780853
2026-07-18,W6,Mi kari ayam Indomie,Mi,0.6334194
2026-07-19,W6,Mi kari ayam Indomie,Mi,0.6290693
2026-07-20,W6,Mi kari ayam Indomie,Mi,0.5606676
2026-07-21,W6,Mi kari ayam Indomie,Mi,0.5606676
2026-07-22,W6,Mi kari ayam Indomie,Mi,0.5343704
2026-07-23,W6,Mi kari ayam Indomie,Mi,0.5457837
2026-07-24,W6,Mi kari ayam Indomie,Mi,0.5457837
2026-07-18,W6,Milo sachet,Sachet,1.3715845
2026-07-19,W6,Milo sachet,Sachet,1.3868226
2026-07-20,W6,Milo sachet,Sachet,1.1200073
2026-07-21,W6,Milo sachet,Sachet,1.1455375
2026-07-22,W6,Milo sachet,Sachet,1.1267303
2026-07-23,W6,Milo sachet,Sachet,1.1454332
2026-07-24,W6,Milo sachet,Sachet,1.1392994
2026-07-18,W6,Minyak goreng Bimoli 1L,Sembako,1.3244556
2026-07-19,W6,Minyak goreng Bimoli 1L,Sembako,1.431929
2026-07-20,W6,Minyak goreng Bimoli 1L,Sembako,1.1280951
2026-07-21,W6,Minyak goreng Bimoli 1L,Sembako,1.1885036
2026-07-22,W6,Minyak goreng Bimoli 1L,Sembako,1.131594
2026-07-23,W6,Minyak goreng Bimoli 1L,Sembako,1.104373
2026-07-24,W6,Minyak goreng Bimoli 1L,Sembako,1.1979336
2026-07-18,W6,Minyak goreng Fortune 1L,Sembako,1.6621668
2026-07-19,W6,Minyak goreng Fortune 1L,Sembako,1.9371805
2026-07-20,W6,Minyak goreng Fortune 1L,Sembako,1.6222092
2026-07-21,W6,Minyak goreng Fortune 1L,Sembako,1.6011122
2026-07-22,W6,Minyak goreng Fortune 1L,Sembako,1.5697668
2026-07-23,W6,Minyak goreng Fortune 1L,Sembako,1.479597
2026-07-24,W6,Minyak goreng Fortune 1L,Sembako,1.4811084
2026-07-18,W6,Minyak goreng Sania 1L,Sembako,2.091281
2026-07-19,W6,Minyak goreng Sania 1L,Sembako,2.0758102
2026-07-20,W6,Minyak goreng Sania 1L,Sembako,1.7702426
2026-07-21,W6,Minyak goreng Sania 1L,Sembako,1.8273723
2026-07-22,W6,Minyak goreng Sania 1L,Sembako,1.8359625
2026-07-23,W6,Minyak goreng Sania 1L,Sembako,1.9083338
2026-07-24,W6,Minyak goreng Sania 1L,Sembako,2.0023818
2026-07-18,W6,Minyak kayu putih Cap Lang 30ml (Bayi),Bayi,0.30464762
2026-07-19,W6,Minyak kayu putih Cap Lang 30ml (Bayi),Bayi,0.30240333
2026-07-20,W6,Minyak kayu putih Cap Lang 30ml (Bayi),Bayi,0.28854072
2026-07-21,W6,Minyak kayu putih Cap Lang 30ml (Bayi),Bayi,0.22821678
2026-07-22,W6,Minyak kayu putih Cap Lang 30ml (Bayi),Bayi,0.22910284
2026-07-23,W6,Minyak kayu putih Cap Lang 30ml (Bayi),Bayi,0.22751357
2026-07-24,W6,Minyak kayu putih Cap Lang 30ml (Bayi),Bayi,0.22925732
2026-07-18,W6,Minyak kayu putih Cap Lang 30ml (Obat),Obat,0.27070862
2026-07-19,W6,Minyak kayu putih Cap Lang 30ml (Obat),Obat,0.271213
2026-07-20,W6,Minyak kayu putih Cap Lang 30ml (Obat),Obat,0.25860327
2026-07-21,W6,Minyak kayu putih Cap Lang 30ml (Obat),Obat,0.25860327
2026-07-22,W6,Minyak kayu putih Cap Lang 30ml (Obat),Obat,0.25860327
2026-07-23,W6,Minyak kayu putih Cap Lang 30ml (Obat),Obat,0.25860327
2026-07-24,W6,Minyak kayu putih Cap Lang 30ml (Obat),Obat,0.25860327
2026-07-18,W6,Minyak rambut Gatsby 75g,Perawatan,0.68487626
2026-07-19,W6,Minyak rambut Gatsby 75g,Perawatan,0.6818282
2026-07-20,W6,Minyak rambut Gatsby 75g,Perawatan,0.672261
2026-07-21,W6,Minyak rambut Gatsby 75g,Perawatan,0.6454684
2026-07-22,W6,Minyak rambut Gatsby 75g,Perawatan,0.5975059
2026-07-23,W6,Minyak rambut Gatsby 75g,Perawatan,0.5975059
2026-07-24,W6,Minyak rambut Gatsby 75g,Perawatan,0.6716713
2026-07-18,W6,Minyak rem 100ml,LPG,0.40166044
2026-07-19,W6,Minyak rem 100ml,LPG,0.39901954
2026-07-20,W6,Minyak rem 100ml,LPG,0.3993232
2026-07-21,W6,Minyak rem 100ml,LPG,0.39720735
2026-07-22,W6,Minyak rem 100ml,LPG,0.39720735
2026-07-23,W6,Minyak rem 100ml,LPG,0.39720735
2026-07-24,W6,Minyak rem 100ml,LPG,0.36388677
2026-07-18,W6,Minyak telon My Baby 60ml,Bayi,0.23243389
2026-07-19,W6,Minyak telon My Baby 60ml,Bayi,0.22783597
2026-07-20,W6,Minyak telon My Baby 60ml,Bayi,0.27309835
2026-07-21,W6,Minyak telon My Baby 60ml,Bayi,0.24683273
2026-07-22,W6,Minyak telon My Baby 60ml,Bayi,0.24683273
2026-07-23,W6,Minyak telon My Baby 60ml,Bayi,0.24683273
2026-07-24,W6,Minyak telon My Baby 60ml,Bayi,0.24872454
2026-07-18,W6,Minyakita 1L,Sembako,2.231017
2026-07-19,W6,Minyakita 1L,Sembako,2.2449756
2026-07-20,W6,Minyakita 1L,Sembako,1.9939553
2026-07-21,W6,Minyakita 1L,Sembako,2.0939124
2026-07-22,W6,Minyakita 1L,Sembako,2.0552924
2026-07-23,W6,Minyakita 1L,Sembako,2.123372
2026-07-24,W6,Minyakita 1L,Sembako,2.1144092
2026-07-18,W6,Molto sachet,Deterjen,1.270963
2026-07-19,W6,Molto sachet,Deterjen,1.1488322
2026-07-20,W6,Molto sachet,Deterjen,1.0633545
2026-07-21,W6,Molto sachet,Deterjen,1.1637626
2026-07-22,W6,Molto sachet,Deterjen,1.0268552
2026-07-23,W6,Molto sachet,Deterjen,1.072146
2026-07-24,W6,Molto sachet,Deterjen,1.2198982
2026-07-18,W6,Nescafe 220ml,Minuman,1.4086541
2026-07-19,W6,Nescafe 220ml,Minuman,1.4009123
2026-07-20,W6,Nescafe 220ml,Minuman,1.1535658
2026-07-21,W6,Nescafe 220ml,Minuman,1.1148348
2026-07-22,W6,Nescafe 220ml,Minuman,1.1266515
2026-07-23,W6,Nescafe 220ml,Minuman,1.0243492
2026-07-24,W6,Nescafe 220ml,Minuman,1.0294772
2026-07-18,W6,Nugget Fiesta 250g,Frozen,0.59756947
2026-07-19,W6,Nugget Fiesta 250g,Frozen,0.5836349
2026-07-20,W6,Nugget Fiesta 250g,Frozen,0.5871141
2026-07-21,W6,Nugget Fiesta 250g,Frozen,0.63655454
2026-07-22,W6,Nugget Fiesta 250g,Frozen,0.6293089
2026-07-23,W6,Nugget Fiesta 250g,Frozen,0.63472235
2026-07-24,W6,Nugget Fiesta 250g,Frozen,0.6781025
2026-07-18,W6,Nutrisari sachet,Sachet,2.4250886
2026-07-19,W6,Nutrisari sachet,Sachet,2.7259266
2026-07-20,W6,Nutrisari sachet,Sachet,2.2039084
2026-07-21,W6,Nutrisari sachet,Sachet,2.211531
2026-07-22,W6,Nutrisari sachet,Sachet,2.3873873
2026-07-23,W6,Nutrisari sachet,Sachet,2.2359061
2026-07-24,W6,Nutrisari sachet,Sachet,2.5981793
2026-07-18,W6,Oatmeal Quaker 35g,Mi,0.8326168
2026-07-19,W6,Oatmeal Quaker 35g,Mi,0.82269955
2026-07-20,W6,Oatmeal Quaker 35g,Mi,0.5951259
2026-07-21,W6,Oatmeal Quaker 35g,Mi,0.5580563
2026-07-22,W6,Oatmeal Quaker 35g,Mi,0.5649036
2026-07-23,W6,Oatmeal Quaker 35g,Mi,0.6588095
2026-07-24,W6,Oatmeal Quaker 35g,Mi,0.6583553
2026-07-18,W6,Oli motor 0.8L,LPG,0.47702083
2026-07-19,W6,Oli motor 0.8L,LPG,0.47702083
2026-07-20,W6,Oli motor 0.8L,LPG,0.4278066
2026-07-21,W6,Oli motor 0.8L,LPG,0.4278066
2026-07-22,W6,Oli motor 0.8L,LPG,0.4278066
2026-07-23,W6,Oli motor 0.8L,LPG,0.40493348
2026-07-24,W6,Oli motor 0.8L,LPG,0.39295527
2026-07-18,W6,Oli motor 1L,LPG,0.204928
2026-07-19,W6,Oli motor 1L,LPG,0.20685357
2026-07-20,W6,Oli motor 1L,LPG,0.20291409
2026-07-21,W6,Oli motor 1L,LPG,0.20291409
2026-07-22,W6,Oli motor 1L,LPG,0.20291409
2026-07-23,W6,Oli motor 1L,LPG,0.20291409
2026-07-24,W6,Oli motor 1L,LPG,0.20291409
2026-07-18,W6,Oralit sachet,Obat,0.2457015
2026-07-19,W6,Oralit sachet,Obat,0.24739048
2026-07-20,W6,Oralit sachet,Obat,0.31902334
2026-07-21,W6,Oralit sachet,Obat,0.3189681
2026-07-22,W6,Oralit sachet,Obat,0.3189681
2026-07-23,W6,Oralit sachet,Obat,0.3189681
2026-07-24,W6,Oralit sachet,Obat,0.3189681
2026-07-18,W6,Pasta gigi Close Up 65g,Perawatan,0.44970125
2026-07-19,W6,Pasta gigi Close Up 65g,Perawatan,0.44744524
2026-07-20,W6,Pasta gigi Close Up 65g,Perawatan,0.4098315
2026-07-21,W6,Pasta gigi Close Up 65g,Perawatan,0.4609114
2026-07-22,W6,Pasta gigi Close Up 65g,Perawatan,0.4170728
2026-07-23,W6,Pasta gigi Close Up 65g,Perawatan,0.4170728
2026-07-24,W6,Pasta gigi Close Up 65g,Perawatan,0.4170728
2026-07-18,W6,Pasta gigi Pepsodent 75g,Perawatan,0.5338275
2026-07-19,W6,Pasta gigi Pepsodent 75g,Perawatan,0.5326308
2026-07-20,W6,Pasta gigi Pepsodent 75g,Perawatan,0.46879438
2026-07-21,W6,Pasta gigi Pepsodent 75g,Perawatan,0.51392144
2026-07-22,W6,Pasta gigi Pepsodent 75g,Perawatan,0.5572059
2026-07-23,W6,Pasta gigi Pepsodent 75g,Perawatan,0.5512139
2026-07-24,W6,Pasta gigi Pepsodent 75g,Perawatan,0.58244497
2026-07-18,W6,Pembalut Charm,Tisu,0.25328806
2026-07-19,W6,Pembalut Charm,Tisu,0.29198897
2026-07-20,W6,Pembalut Charm,Tisu,0.2869427
2026-07-21,W6,Pembalut Charm,Tisu,0.28483507
2026-07-22,W6,Pembalut Charm,Tisu,0.28483507
2026-07-23,W6,Pembalut Charm,Tisu,0.28483507
2026-07-24,W6,Pembalut Charm,Tisu,0.28668258
2026-07-18,W6,Pembalut Softex,Tisu,0.42532268
2026-07-19,W6,Pembalut Softex,Tisu,0.4309803
2026-07-20,W6,Pembalut Softex,Tisu,0.38146806
2026-07-21,W6,Pembalut Softex,Tisu,0.39063078
2026-07-22,W6,Pembalut Softex,Tisu,0.38256708
2026-07-23,W6,Pembalut Softex,Tisu,0.38256708
2026-07-24,W6,Pembalut Softex,Tisu,0.39032048
2026-07-18,W6,Penggaris Butterfly 30cm,ATK,0.11809673
2026-07-19,W6,Penggaris Butterfly 30cm,ATK,0.11809673
2026-07-20,W6,Penggaris Butterfly 30cm,ATK,0.11809673
2026-07-21,W6,Penggaris Butterfly 30cm,ATK,0.11809673
2026-07-22,W6,Penggaris Butterfly 30cm,ATK,0.11809673
2026-07-23,W6,Penggaris Butterfly 30cm,ATK,0.11809673
2026-07-24,W6,Penggaris Butterfly 30cm,ATK,0.11809673
2026-07-18,W6,Pengharum mobil,LPG,0.41725042
2026-07-19,W6,Pengharum mobil,LPG,0.41515723
2026-07-20,W6,Pengharum mobil,LPG,0.3763029
2026-07-21,W6,Pengharum mobil,LPG,0.3763029
2026-07-22,W6,Pengharum mobil,LPG,0.37476343
2026-07-23,W6,Pengharum mobil,LPG,0.37476343
2026-07-24,W6,Pengharum mobil,LPG,0.39080045
2026-07-18,W6,Pengki,RumahTangga,0.15932319
2026-07-19,W6,Pengki,RumahTangga,0.16063711
2026-07-20,W6,Pengki,RumahTangga,0.15165533
2026-07-21,W6,Pengki,RumahTangga,0.15165533
2026-07-22,W6,Pengki,RumahTangga,0.15165533
2026-07-23,W6,Pengki,RumahTangga,0.15165533
2026-07-24,W6,Pengki,RumahTangga,0.15165533
2026-07-18,W6,Pensil Faber-Castell,ATK,0.13192676
2026-07-19,W6,Pensil Faber-Castell,ATK,0.13185267
2026-07-20,W6,Pensil Faber-Castell,ATK,0.13151936
2026-07-21,W6,Pensil Faber-Castell,ATK,0.13151936
2026-07-22,W6,Pensil Faber-Castell,ATK,0.13151936
2026-07-23,W6,Pensil Faber-Castell,ATK,0.13151936
2026-07-24,W6,Pensil Faber-Castell,ATK,0.13151936
2026-07-18,W6,Penyedap Masako,Bumbu,1.4285392
2026-07-19,W6,Penyedap Masako,Bumbu,1.3029902
2026-07-20,W6,Penyedap Masako,Bumbu,1.1494069
2026-07-21,W6,Penyedap Masako,Bumbu,0.96099514
2026-07-22,W6,Penyedap Masako,Bumbu,0.9578149
2026-07-23,W6,Penyedap Masako,Bumbu,0.9621089
2026-07-24,W6,Penyedap Masako,Bumbu,0.90648335
2026-07-18,W6,Penyedap Royco,Bumbu,1.8404442
2026-07-19,W6,Penyedap Royco,Bumbu,1.8383886
2026-07-20,W6,Penyedap Royco,Bumbu,1.5686069
2026-07-21,W6,Penyedap Royco,Bumbu,1.5655643
2026-07-22,W6,Penyedap Royco,Bumbu,1.5467157
2026-07-23,W6,Penyedap Royco,Bumbu,1.5614862
2026-07-24,W6,Penyedap Royco,Bumbu,1.5702252
2026-07-18,W6,Permen karet Big Babol,Snack,0.99620444
2026-07-19,W6,Permen karet Big Babol,Snack,0.8988019
2026-07-20,W6,Permen karet Big Babol,Snack,0.79574996
2026-07-21,W6,Permen karet Big Babol,Snack,0.77897465
2026-07-22,W6,Permen karet Big Babol,Snack,0.7303772
2026-07-23,W6,Permen karet Big Babol,Snack,0.76277745
2026-07-24,W6,Permen karet Big Babol,Snack,0.76784664
2026-07-18,W6,Plastik es,Plastik,0.29600188
2026-07-19,W6,Plastik es,Plastik,0.3288733
2026-07-20,W6,Plastik es,Plastik,0.31783998
2026-07-21,W6,Plastik es,Plastik,0.31783998
2026-07-22,W6,Plastik es,Plastik,0.3358246
2026-07-23,W6,Plastik es,Plastik,0.35816404
2026-07-24,W6,Plastik es,Plastik,0.34824795
2026-07-18,W6,Plastik kiloan,Plastik,0.42363542
2026-07-19,W6,Plastik kiloan,Plastik,0.42151016
2026-07-20,W6,Plastik kiloan,Plastik,0.40857047
2026-07-21,W6,Plastik kiloan,Plastik,0.38826567
2026-07-22,W6,Plastik kiloan,Plastik,0.3799283
2026-07-23,W6,Plastik kiloan,Plastik,0.38078266
2026-07-24,W6,Plastik kiloan,Plastik,0.38181415
2026-07-18,W6,Plastik klip,Plastik,0.38625228
2026-07-19,W6,Plastik klip,Plastik,0.3857567
2026-07-20,W6,Plastik klip,Plastik,0.3698947
2026-07-21,W6,Plastik klip,Plastik,0.3698947
2026-07-22,W6,Plastik klip,Plastik,0.4135549
2026-07-23,W6,Plastik klip,Plastik,0.39825884
2026-07-24,W6,Plastik klip,Plastik,0.39825884
2026-07-18,W6,Plastik kresek kecil,Plastik,0.46414098
2026-07-19,W6,Plastik kresek kecil,Plastik,0.534329
2026-07-20,W6,Plastik kresek kecil,Plastik,0.4440302
2026-07-21,W6,Plastik kresek kecil,Plastik,0.41414407
2026-07-22,W6,Plastik kresek kecil,Plastik,0.45260113
2026-07-23,W6,Plastik kresek kecil,Plastik,0.4232801
2026-07-24,W6,Plastik kresek kecil,Plastik,0.4237408
2026-07-18,W6,Plastik kresek sedang,Plastik,0.3691984
2026-07-19,W6,Plastik kresek sedang,Plastik,0.3687247
2026-07-20,W6,Plastik kresek sedang,Plastik,0.34098595
2026-07-21,W6,Plastik kresek sedang,Plastik,0.3409269
2026-07-22,W6,Plastik kresek sedang,Plastik,0.3409269
2026-07-23,W6,Plastik kresek sedang,Plastik,0.3409269
2026-07-24,W6,Plastik kresek sedang,Plastik,0.3409269
2026-07-18,W6,Pocari Sweat 500ml,Minuman,3.1282334
2026-07-19,W6,Pocari Sweat 500ml,Minuman,3.1170483
2026-07-20,W6,Pocari Sweat 500ml,Minuman,2.125267
2026-07-21,W6,Pocari Sweat 500ml,Minuman,2.4318414
2026-07-22,W6,Pocari Sweat 500ml,Minuman,2.374035
2026-07-23,W6,Pocari Sweat 500ml,Minuman,2.4373994
2026-07-24,W6,Pocari Sweat 500ml,Minuman,2.4768465
2026-07-18,W6,Pomade Gatsby 80g,Perawatan,0.55728894
2026-07-19,W6,Pomade Gatsby 80g,Perawatan,0.55728894
2026-07-20,W6,Pomade Gatsby 80g,Perawatan,0.4956988
2026-07-21,W6,Pomade Gatsby 80g,Perawatan,0.48228264
2026-07-22,W6,Pomade Gatsby 80g,Perawatan,0.4956988
2026-07-23,W6,Pomade Gatsby 80g,Perawatan,0.4956988
2026-07-24,W6,Pomade Gatsby 80g,Perawatan,0.4833993
2026-07-18,W6,Pop Mie,Mi,0.99362725
2026-07-19,W6,Pop Mie,Mi,0.9961889
2026-07-20,W6,Pop Mie,Mi,0.8536162
2026-07-21,W6,Pop Mie,Mi,0.85798955
2026-07-22,W6,Pop Mie,Mi,0.86680925
2026-07-23,W6,Pop Mie,Mi,0.86771256
2026-07-24,W6,Pop Mie,Mi,0.87399757
2026-07-18,W6,Popok MamyPoko isi 10,Bayi,0.16183172
2026-07-19,W6,Popok MamyPoko isi 10,Bayi,0.1614287
2026-07-20,W6,Popok MamyPoko isi 10,Bayi,0.16025011
2026-07-21,W6,Popok MamyPoko isi 10,Bayi,0.16025011
2026-07-22,W6,Popok MamyPoko isi 10,Bayi,0.16087228
2026-07-23,W6,Popok MamyPoko isi 10,Bayi,0.16025011
2026-07-24,W6,Popok MamyPoko isi 10,Bayi,0.16025011
2026-07-18,W6,Popok Merries isi 10,Bayi,0.19946751
2026-07-19,W6,Popok Merries isi 10,Bayi,0.19946751
2026-07-20,W6,Popok Merries isi 10,Bayi,0.19767632
2026-07-21,W6,Popok Merries isi 10,Bayi,0.19767632
2026-07-22,W6,Popok Merries isi 10,Bayi,0.19767632
2026-07-23,W6,Popok Merries isi 10,Bayi,0.19767632
2026-07-24,W6,Popok Merries isi 10,Bayi,0.19779341
2026-07-18,W6,Popok Sweety isi 10,Bayi,0.21856633
2026-07-19,W6,Popok Sweety isi 10,Bayi,0.21856633
2026-07-20,W6,Popok Sweety isi 10,Bayi,0.215701
2026-07-21,W6,Popok Sweety isi 10,Bayi,0.215701
2026-07-22,W6,Popok Sweety isi 10,Bayi,0.21653846
2026-07-23,W6,Popok Sweety isi 10,Bayi,0.21503635
2026-07-24,W6,Popok Sweety isi 10,Bayi,0.21587123
2026-07-18,W6,Promag strip,Obat,0.25977558
2026-07-19,W6,Promag strip,Obat,0.26145405
2026-07-20,W6,Promag strip,Obat,0.24722376
2026-07-21,W6,Promag strip,Obat,0.24722376
2026-07-22,W6,Promag strip,Obat,0.24722376
2026-07-23,W6,Promag strip,Obat,0.24509919
2026-07-24,W6,Promag strip,Obat,0.2491448
2026-07-18,W6,Rautan Joyko,ATK,0.14755264
2026-07-19,W6,Rautan Joyko,ATK,0.14810632
2026-07-20,W6,Rautan Joyko,ATK,0.14446647
2026-07-21,W6,Rautan Joyko,ATK,0.14446647
2026-07-22,W6,Rautan Joyko,ATK,0.14446647
2026-07-23,W6,Rautan Joyko,ATK,0.14446647
2026-07-24,W6,Rautan Joyko,ATK,0.14446647
2026-07-18,W6,Regulator gas,LPG,0.15407798
2026-07-19,W6,Regulator gas,LPG,0.15476787
2026-07-20,W6,Regulator gas,LPG,0.15375015
2026-07-21,W6,Regulator gas,LPG,0.15375015
2026-07-22,W6,Regulator gas,LPG,0.15375015
2026-07-23,W6,Regulator gas,LPG,0.15375015
2026-07-24,W6,Regulator gas,LPG,0.15375015
2026-07-18,W6,Rinso 800g,Deterjen,0.7083148
2026-07-19,W6,Rinso 800g,Deterjen,0.70299923
2026-07-20,W6,Rinso 800g,Deterjen,0.61728734
2026-07-21,W6,Rinso 800g,Deterjen,0.61728734
2026-07-22,W6,Rinso 800g,Deterjen,0.5710593
2026-07-23,W6,Rinso 800g,Deterjen,0.5710593
2026-07-24,W6,Rinso 800g,Deterjen,0.5723815
2026-07-18,W6,Roma Kelapa 300g,Snack,1.3093518
2026-07-19,W6,Roma Kelapa 300g,Snack,1.2312087
2026-07-20,W6,Roma Kelapa 300g,Snack,0.9873547
2026-07-21,W6,Roma Kelapa 300g,Snack,0.9843948
2026-07-22,W6,Roma Kelapa 300g,Snack,0.8914416
2026-07-23,W6,Roma Kelapa 300g,Snack,0.87260413
2026-07-24,W6,Roma Kelapa 300g,Snack,0.90492857
2026-07-18,W6,Sabun batang Dettol,Perawatan,0.4756653
2026-07-19,W6,Sabun batang Dettol,Perawatan,0.47505498
2026-07-20,W6,Sabun batang Dettol,Perawatan,0.42805168
2026-07-21,W6,Sabun batang Dettol,Perawatan,0.45392022
2026-07-22,W6,Sabun batang Dettol,Perawatan,0.45392022
2026-07-23,W6,Sabun batang Dettol,Perawatan,0.44772586
2026-07-24,W6,Sabun batang Dettol,Perawatan,0.44772586
2026-07-18,W6,Sabun batang Lifebuoy,Perawatan,0.7687666
2026-07-19,W6,Sabun batang Lifebuoy,Perawatan,0.80558944
2026-07-20,W6,Sabun batang Lifebuoy,Perawatan,0.72444546
2026-07-21,W6,Sabun batang Lifebuoy,Perawatan,0.7118646
2026-07-22,W6,Sabun batang Lifebuoy,Perawatan,0.7500164
2026-07-23,W6,Sabun batang Lifebuoy,Perawatan,0.75895965
2026-07-24,W6,Sabun batang Lifebuoy,Perawatan,0.76275915
2026-07-18,W6,Sabun batang Lux,Perawatan,0.75698996
2026-07-19,W6,Sabun batang Lux,Perawatan,0.68866175
2026-07-20,W6,Sabun batang Lux,Perawatan,0.63318735
2026-07-21,W6,Sabun batang Lux,Perawatan,0.63459957
2026-07-22,W6,Sabun batang Lux,Perawatan,0.60590523
2026-07-23,W6,Sabun batang Lux,Perawatan,0.6306721
2026-07-24,W6,Sabun batang Lux,Perawatan,0.6874667
2026-07-18,W6,Sabun batang Nuvo,Perawatan,0.6004035
2026-07-19,W6,Sabun batang Nuvo,Perawatan,0.59949774
2026-07-20,W6,Sabun batang Nuvo,Perawatan,0.51569927
2026-07-21,W6,Sabun batang Nuvo,Perawatan,0.51569927
2026-07-22,W6,Sabun batang Nuvo,Perawatan,0.51569927
2026-07-23,W6,Sabun batang Nuvo,Perawatan,0.55501
2026-07-24,W6,Sabun batang Nuvo,Perawatan,0.5562951
2026-07-18,W6,Sabun cair Lifebuoy 250ml,Perawatan,0.70367885
2026-07-19,W6,Sabun cair Lifebuoy 250ml,Perawatan,0.69232273
2026-07-20,W6,Sabun cair Lifebuoy 250ml,Perawatan,0.6135199
2026-07-21,W6,Sabun cair Lifebuoy 250ml,Perawatan,0.6128652
2026-07-22,W6,Sabun cair Lifebuoy 250ml,Perawatan,0.61671555
2026-07-23,W6,Sabun cair Lifebuoy 250ml,Perawatan,0.61486673
2026-07-24,W6,Sabun cair Lifebuoy 250ml,Perawatan,0.6433303
2026-07-18,W6,Salonpas 10 pcs,Obat,0.29987943
2026-07-19,W6,Salonpas 10 pcs,Obat,0.29949465
2026-07-20,W6,Salonpas 10 pcs,Obat,0.2929679
2026-07-21,W6,Salonpas 10 pcs,Obat,0.32544458
2026-07-22,W6,Salonpas 10 pcs,Obat,0.32544458
2026-07-23,W6,Salonpas 10 pcs,Obat,0.32544458
2026-07-24,W6,Salonpas 10 pcs,Obat,0.2929679
2026-07-18,W6,Santan Kara 65ml,Sembako,3.3947506
2026-07-19,W6,Santan Kara 65ml,Sembako,3.4035113
2026-07-20,W6,Santan Kara 65ml,Sembako,2.8916023
2026-07-21,W6,Santan Kara 65ml,Sembako,2.8301368
2026-07-22,W6,Santan Kara 65ml,Sembako,2.8868175
2026-07-23,W6,Santan Kara 65ml,Sembako,2.8652985
2026-07-24,W6,Santan Kara 65ml,Sembako,3.0050068
2026-07-18,W6,Sapu lidi,RumahTangga,0.11699901
2026-07-19,W6,Sapu lidi,RumahTangga,0.11699901
2026-07-20,W6,Sapu lidi,RumahTangga,0.116664834
2026-07-21,W6,Sapu lidi,RumahTangga,0.116664834
2026-07-22,W6,Sapu lidi,RumahTangga,0.116664834
2026-07-23,W6,Sapu lidi,RumahTangga,0.11214231
2026-07-24,W6,Sapu lidi,RumahTangga,0.11214231
2026-07-18,W6,Saus sambal ABC 135ml,Bumbu,1.2262355
2026-07-19,W6,Saus sambal ABC 135ml,Bumbu,1.2516536
2026-07-20,W6,Saus sambal ABC 135ml,Bumbu,1.1573293
2026-07-21,W6,Saus sambal ABC 135ml,Bumbu,1.1631137
2026-07-22,W6,Saus sambal ABC 135ml,Bumbu,1.132321
2026-07-23,W6,Saus sambal ABC 135ml,Bumbu,1.132321
2026-07-24,W6,Saus sambal ABC 135ml,Bumbu,1.170771
2026-07-18,W6,Saus sambal sachet ABC,Bumbu,2.5014021
2026-07-19,W6,Saus sambal sachet ABC,Bumbu,2.5430093
2026-07-20,W6,Saus sambal sachet ABC,Bumbu,2.1640804
2026-07-21,W6,Saus sambal sachet ABC,Bumbu,2.3224168
2026-07-22,W6,Saus sambal sachet ABC,Bumbu,2.2333581
2026-07-23,W6,Saus sambal sachet ABC,Bumbu,2.2389092
2026-07-24,W6,Saus sambal sachet ABC,Bumbu,2.2298572
2026-07-18,W6,Saus tiram Saori 133ml,Bumbu,1.6196554
2026-07-19,W6,Saus tiram Saori 133ml,Bumbu,1.6077377
2026-07-20,W6,Saus tiram Saori 133ml,Bumbu,1.3809003
2026-07-21,W6,Saus tiram Saori 133ml,Bumbu,1.3824968
2026-07-22,W6,Saus tiram Saori 133ml,Bumbu,1.4033022
2026-07-23,W6,Saus tiram Saori 133ml,Bumbu,1.4042279
2026-07-24,W6,Saus tiram Saori 133ml,Bumbu,1.3898543
2026-07-18,W6,Sedotan,Plastik,0.3257391
2026-07-19,W6,Sedotan,Plastik,0.32410496
2026-07-20,W6,Sedotan,Plastik,0.3056394
2026-07-21,W6,Sedotan,Plastik,0.35761672
2026-07-22,W6,Sedotan,Plastik,0.3871423
2026-07-23,W6,Sedotan,Plastik,0.39206272
2026-07-24,W6,Sedotan,Plastik,0.39329514
2026-07-18,W6,Selang gas,LPG,0.4176653
2026-07-19,W6,Selang gas,LPG,0.4176653
2026-07-20,W6,Selang gas,LPG,0.3695408
2026-07-21,W6,Selang gas,LPG,0.36799157
2026-07-22,W6,Selang gas,LPG,0.3801758
2026-07-23,W6,Selang gas,LPG,0.35884863
2026-07-24,W6,Selang gas,LPG,0.3606538
2026-07-18,W6,Shampoo Clear sachet,Perawatan,0.7190386
2026-07-19,W6,Shampoo Clear sachet,Perawatan,0.74848145
2026-07-20,W6,Shampoo Clear sachet,Perawatan,0.6328398
2026-07-21,W6,Shampoo Clear sachet,Perawatan,0.58935803
2026-07-22,W6,Shampoo Clear sachet,Perawatan,0.6346733
2026-07-23,W6,Shampoo Clear sachet,Perawatan,0.6346733
2026-07-24,W6,Shampoo Clear sachet,Perawatan,0.6641352
2026-07-18,W6,Shampoo Pantene sachet,Perawatan,0.70894104
2026-07-19,W6,Shampoo Pantene sachet,Perawatan,0.67665505
2026-07-20,W6,Shampoo Pantene sachet,Perawatan,0.63061416
2026-07-21,W6,Shampoo Pantene sachet,Perawatan,0.6338451
2026-07-22,W6,Shampoo Pantene sachet,Perawatan,0.6318371
2026-07-23,W6,Shampoo Pantene sachet,Perawatan,0.62609607
2026-07-24,W6,Shampoo Pantene sachet,Perawatan,0.6126954
2026-07-18,W6,Sikat,Deterjen,0.97207475
2026-07-19,W6,Sikat,Deterjen,0.998071
2026-07-20,W6,Sikat,Deterjen,0.84219193
2026-07-21,W6,Sikat,Deterjen,0.84650683
2026-07-22,W6,Sikat,Deterjen,0.84905213
2026-07-23,W6,Sikat,Deterjen,0.8217097
2026-07-24,W6,Sikat,Deterjen,0.8876023
2026-07-18,W6,Sikat gigi Formula,Perawatan,0.7310922
2026-07-19,W6,Sikat gigi Formula,Perawatan,0.72073084
2026-07-20,W6,Sikat gigi Formula,Perawatan,0.6647436
2026-07-21,W6,Sikat gigi Formula,Perawatan,0.6965463
2026-07-22,W6,Sikat gigi Formula,Perawatan,0.6680965
2026-07-23,W6,Sikat gigi Formula,Perawatan,0.68786556
2026-07-24,W6,Sikat gigi Formula,Perawatan,0.6916123
2026-07-18,W6,Snack jagung Cheetos,Snack,0.902307
2026-07-19,W6,Snack jagung Cheetos,Snack,0.89805526
2026-07-20,W6,Snack jagung Cheetos,Snack,0.7876345
2026-07-21,W6,Snack jagung Cheetos,Snack,0.8094016
2026-07-22,W6,Snack jagung Cheetos,Snack,0.99904966
2026-07-23,W6,Snack jagung Cheetos,Snack,0.9894572
2026-07-24,W6,Snack jagung Cheetos,Snack,0.997838
2026-07-18,W6,Snack jagung Chiki,Snack,0.72361755
2026-07-19,W6,Snack jagung Chiki,Snack,0.7166274
2026-07-20,W6,Snack jagung Chiki,Snack,0.66263956
2026-07-21,W6,Snack jagung Chiki,Snack,0.6526477
2026-07-22,W6,Snack jagung Chiki,Snack,0.65461004
2026-07-23,W6,Snack jagung Chiki,Snack,0.6672183
2026-07-24,W6,Snack jagung Chiki,Snack,0.6710211
2026-07-18,W6,Soklin sachet,Deterjen,0.7688131
2026-07-19,W6,Soklin sachet,Deterjen,0.8417862
2026-07-20,W6,Soklin sachet,Deterjen,0.76069957
2026-07-21,W6,Soklin sachet,Deterjen,0.76459694
2026-07-22,W6,Soklin sachet,Deterjen,0.7670509
2026-07-23,W6,Soklin sachet,Deterjen,0.7670509
2026-07-24,W6,Soklin sachet,Deterjen,0.7707352
2026-07-18,W6,Sosis So Nice,Frozen,0.7770849
2026-07-19,W6,Sosis So Nice,Frozen,0.7597364
2026-07-20,W6,Sosis So Nice,Frozen,0.6701111
2026-07-21,W6,Sosis So Nice,Frozen,0.68365914
2026-07-22,W6,Sosis So Nice,Frozen,0.71703786
2026-07-23,W6,Sosis So Nice,Frozen,0.7127265
2026-07-24,W6,Sosis So Nice,Frozen,0.71629447
2026-07-18,W6,Spaghetti La Fonte 225g,Mi,0.7338901
2026-07-19,W6,Spaghetti La Fonte 225g,Mi,0.72911084
2026-07-20,W6,Spaghetti La Fonte 225g,Mi,0.6703367
2026-07-21,W6,Spaghetti La Fonte 225g,Mi,0.6703367
2026-07-22,W6,Spaghetti La Fonte 225g,Mi,0.6906
2026-07-23,W6,Spaghetti La Fonte 225g,Mi,0.67125416
2026-07-24,W6,Spaghetti La Fonte 225g,Mi,0.69861346
2026-07-18,W6,Spidol Snowman,ATK,0.13449895
2026-07-19,W6,Spidol Snowman,ATK,0.13449895
2026-07-20,W6,Spidol Snowman,ATK,0.13172965
2026-07-21,W6,Spidol Snowman,ATK,0.13172965
2026-07-22,W6,Spidol Snowman,ATK,0.13172965
2026-07-23,W6,Spidol Snowman,ATK,0.13172965
2026-07-24,W6,Spidol Snowman,ATK,0.13172965
2026-07-18,W6,Spons (kebersihan),Deterjen,0.99311036
2026-07-19,W6,Spons (kebersihan),Deterjen,0.99939275
2026-07-20,W6,Spons (kebersihan),Deterjen,0.79858583
2026-07-21,W6,Spons (kebersihan),Deterjen,0.80062276
2026-07-22,W6,Spons (kebersihan),Deterjen,0.80098706
2026-07-23,W6,Spons (kebersihan),Deterjen,0.7795181
2026-07-24,W6,Spons (kebersihan),Deterjen,0.7965025
2026-07-18,W6,Spons cuci piring,Plastik,0.4462349
2026-07-19,W6,Spons cuci piring,Plastik,0.43998408
2026-07-20,W6,Spons cuci piring,Plastik,0.39021337
2026-07-21,W6,Spons cuci piring,Plastik,0.39021337
2026-07-22,W6,Spons cuci piring,Plastik,0.39021337
2026-07-23,W6,Spons cuci piring,Plastik,0.38892543
2026-07-24,W6,Spons cuci piring,Plastik,0.38892543
2026-07-18,W6,Sprite 390ml,Minuman,2.0866764
2026-07-19,W6,Sprite 390ml,Minuman,1.8827709
2026-07-20,W6,Sprite 390ml,Minuman,1.4795716
2026-07-21,W6,Sprite 390ml,Minuman,1.6684612
2026-07-22,W6,Sprite 390ml,Minuman,1.6521455
2026-07-23,W6,Sprite 390ml,Minuman,1.5842537
2026-07-24,W6,Sprite 390ml,Minuman,1.5454316
2026-07-18,W6,Stabilo,ATK,0.15348347
2026-07-19,W6,Stabilo,ATK,0.15405941
2026-07-20,W6,Stabilo,ATK,0.14897113
2026-07-21,W6,Stabilo,ATK,0.14897113
2026-07-22,W6,Stabilo,ATK,0.14897113
2026-07-23,W6,Stabilo,ATK,0.14897113
2026-07-24,W6,Stabilo,ATK,0.14847943
2026-07-18,W6,Sunlight sachet,Deterjen,1.679682
2026-07-19,W6,Sunlight sachet,Deterjen,1.6542077
2026-07-20,W6,Sunlight sachet,Deterjen,1.4321871
2026-07-21,W6,Sunlight sachet,Deterjen,1.4278481
2026-07-22,W6,Sunlight sachet,Deterjen,1.5035917
2026-07-23,W6,Sunlight sachet,Deterjen,1.4992363
2026-07-24,W6,Sunlight sachet,Deterjen,1.511935
2026-07-18,W6,Super Pell 450ml,Deterjen,0.86505115
2026-07-19,W6,Super Pell 450ml,Deterjen,0.85503536
2026-07-20,W6,Super Pell 450ml,Deterjen,0.72969246
2026-07-21,W6,Super Pell 450ml,Deterjen,0.7381888
2026-07-22,W6,Super Pell 450ml,Deterjen,0.7381888
2026-07-23,W6,Super Pell 450ml,Deterjen,0.73834974
2026-07-24,W6,Super Pell 450ml,Deterjen,0.7400593
2026-07-18,W6,Surya 12 batang,Rokok,1.2170621
2026-07-19,W6,Surya 12 batang,Rokok,1.2364416
2026-07-20,W6,Surya 12 batang,Rokok,1.0883268
2026-07-21,W6,Surya 12 batang,Rokok,1.0939027
2026-07-22,W6,Surya 12 batang,Rokok,1.121473
2026-07-23,W6,Surya 12 batang,Rokok,1.0939027
2026-07-24,W6,Surya 12 batang,Rokok,1.0579008
2026-07-18,W6,Susu formula Dancow 200g,Bayi,0.1317276
2026-07-19,W6,Susu formula Dancow 200g,Bayi,0.1317276
2026-07-20,W6,Susu formula Dancow 200g,Bayi,0.13637806
2026-07-21,W6,Susu formula Dancow 200g,Bayi,0.13637806
2026-07-22,W6,Susu formula Dancow 200g,Bayi,0.13637806
2026-07-23,W6,Susu formula Dancow 200g,Bayi,0.13637806
2026-07-24,W6,Susu formula Dancow 200g,Bayi,0.13637806
2026-07-18,W6,Tali per meter,RumahTangga,0.12846301
2026-07-19,W6,Tali per meter,RumahTangga,0.12846301
2026-07-20,W6,Tali per meter,RumahTangga,0.12818967
2026-07-21,W6,Tali per meter,RumahTangga,0.12818967
2026-07-22,W6,Tali per meter,RumahTangga,0.12818967
2026-07-23,W6,Tali per meter,RumahTangga,0.12818967
2026-07-24,W6,Tali per meter,RumahTangga,0.12818967
2026-07-18,W6,Teh Gelas 350ml,Minuman,1.9418483
2026-07-19,W6,Teh Gelas 350ml,Minuman,1.8459895
2026-07-20,W6,Teh Gelas 350ml,Minuman,1.5136169
2026-07-21,W6,Teh Gelas 350ml,Minuman,1.5227343
2026-07-22,W6,Teh Gelas 350ml,Minuman,1.5757632
2026-07-23,W6,Teh Gelas 350ml,Minuman,1.5435635
2026-07-24,W6,Teh Gelas 350ml,Minuman,1.7118626
2026-07-18,W6,Teh Sariwangi 1 kantong,Sachet,1.4953009
2026-07-19,W6,Teh Sariwangi 1 kantong,Sachet,1.4438903
2026-07-20,W6,Teh Sariwangi 1 kantong,Sachet,1.1963172
2026-07-21,W6,Teh Sariwangi 1 kantong,Sachet,1.2024463
2026-07-22,W6,Teh Sariwangi 1 kantong,Sachet,1.2497432
2026-07-23,W6,Teh Sariwangi 1 kantong,Sachet,1.290774
2026-07-24,W6,Teh Sariwangi 1 kantong,Sachet,1.2319354
2026-07-18,W6,Telur ayam 1kg,Sembako,1.4341558
2026-07-19,W6,Telur ayam 1kg,Sembako,1.4422654
2026-07-20,W6,Telur ayam 1kg,Sembako,1.2027662
2026-07-21,W6,Telur ayam 1kg,Sembako,1.1818571
2026-07-22,W6,Telur ayam 1kg,Sembako,1.1818571
2026-07-23,W6,Telur ayam 1kg,Sembako,1.1818571
2026-07-24,W6,Telur ayam 1kg,Sembako,1.1918676
2026-07-18,W6,Tepung beras Rose Brand 500g,Sembako,1.3498125
2026-07-19,W6,Tepung beras Rose Brand 500g,Sembako,1.3713042
2026-07-20,W6,Tepung beras Rose Brand 500g,Sembako,1.2588694
2026-07-21,W6,Tepung beras Rose Brand 500g,Sembako,1.285372
2026-07-22,W6,Tepung beras Rose Brand 500g,Sembako,1.2776146
2026-07-23,W6,Tepung beras Rose Brand 500g,Sembako,1.2762806
2026-07-24,W6,Tepung beras Rose Brand 500g,Sembako,1.2647403
2026-07-18,W6,Tepung terigu Segitiga Biru 1kg,Sembako,1.5329022
2026-07-19,W6,Tepung terigu Segitiga Biru 1kg,Sembako,1.4758523
2026-07-20,W6,Tepung terigu Segitiga Biru 1kg,Sembako,1.2177428
2026-07-21,W6,Tepung terigu Segitiga Biru 1kg,Sembako,1.2246039
2026-07-22,W6,Tepung terigu Segitiga Biru 1kg,Sembako,1.2239817
2026-07-23,W6,Tepung terigu Segitiga Biru 1kg,Sembako,1.1953661
2026-07-24,W6,Tepung terigu Segitiga Biru 1kg,Sembako,1.2348409
2026-07-18,W6,Terasi ABC 20g,Bumbu,1.9468524
2026-07-19,W6,Terasi ABC 20g,Bumbu,1.9268641
2026-07-20,W6,Terasi ABC 20g,Bumbu,1.5812246
2026-07-21,W6,Terasi ABC 20g,Bumbu,1.580489
2026-07-22,W6,Terasi ABC 20g,Bumbu,1.5792902
2026-07-23,W6,Terasi ABC 20g,Bumbu,1.3875685
2026-07-24,W6,Terasi ABC 20g,Bumbu,1.6055175
2026-07-18,W6,Terminal listrik,RumahTangga,0.12007389
2026-07-19,W6,Terminal listrik,RumahTangga,0.12007389
2026-07-20,W6,Terminal listrik,RumahTangga,0.12007389
2026-07-21,W6,Terminal listrik,RumahTangga,0.12007389
2026-07-22,W6,Terminal listrik,RumahTangga,0.12007389
2026-07-23,W6,Terminal listrik,RumahTangga,0.12007389
2026-07-24,W6,Terminal listrik,RumahTangga,0.12007389
2026-07-18,W6,Tisu Nice,Tisu,0.31330758
2026-07-19,W6,Tisu Nice,Tisu,0.327416
2026-07-20,W6,Tisu Nice,Tisu,0.3185345
2026-07-21,W6,Tisu Nice,Tisu,0.31664073
2026-07-22,W6,Tisu Nice,Tisu,0.31664073
2026-07-23,W6,Tisu Nice,Tisu,0.31664073
2026-07-24,W6,Tisu Nice,Tisu,0.31749848
2026-07-18,W6,Tisu Paseo,Tisu,0.8024068
2026-07-19,W6,Tisu Paseo,Tisu,0.80699486
2026-07-20,W6,Tisu Paseo,Tisu,0.70732
2026-07-21,W6,Tisu Paseo,Tisu,0.7089463
2026-07-22,W6,Tisu Paseo,Tisu,0.7027008
2026-07-23,W6,Tisu Paseo,Tisu,0.7033073
2026-07-24,W6,Tisu Paseo,Tisu,0.6977147
2026-07-18,W6,Tisu basah Cussons,Tisu,0.5513535
2026-07-19,W6,Tisu basah Cussons,Tisu,0.49238148
2026-07-20,W6,Tisu basah Cussons,Tisu,0.47788116
2026-07-21,W6,Tisu basah Cussons,Tisu,0.39347553
2026-07-22,W6,Tisu basah Cussons,Tisu,0.37203047
2026-07-23,W6,Tisu basah Cussons,Tisu,0.37509814
2026-07-24,W6,Tisu basah Cussons,Tisu,0.3760491
2026-07-18,W6,Tisu basah Mitu,Tisu,0.33695713
2026-07-19,W6,Tisu basah Mitu,Tisu,0.33478683
2026-07-20,W6,Tisu basah Mitu,Tisu,0.3209982
2026-07-21,W6,Tisu basah Mitu,Tisu,0.30472314
2026-07-22,W6,Tisu basah Mitu,Tisu,0.31782043
2026-07-23,W6,Tisu basah Mitu,Tisu,0.31782043
2026-07-24,W6,Tisu basah Mitu,Tisu,0.31868136
2026-07-18,W6,Tolak Angin sachet,Obat,0.37247148
2026-07-19,W6,Tolak Angin sachet,Obat,0.39323944
2026-07-20,W6,Tolak Angin sachet,Obat,0.35560465
2026-07-21,W6,Tolak Angin sachet,Obat,0.35214722
2026-07-22,W6,Tolak Angin sachet,Obat,0.3521986
2026-07-23,W6,Tolak Angin sachet,Obat,0.34430876
2026-07-24,W6,Tolak Angin sachet,Obat,0.34657347
2026-07-18,W6,Tusuk sate,Plastik,0.38627765
2026-07-19,W6,Tusuk sate,Plastik,0.3843398
2026-07-20,W6,Tusuk sate,Plastik,0.36496708
2026-07-21,W6,Tusuk sate,Plastik,0.36490387
2026-07-22,W6,Tusuk sate,Plastik,0.36490387
2026-07-23,W6,Tusuk sate,Plastik,0.36490387
2026-07-24,W6,Tusuk sate,Plastik,0.36490387
2026-07-18,W6,Vitamin C CDR,Obat,0.5139405
2026-07-19,W6,Vitamin C CDR,Obat,0.5098849
2026-07-20,W6,Vitamin C CDR,Obat,0.45723933
2026-07-21,W6,Vitamin C CDR,Obat,0.45349637
2026-07-22,W6,Vitamin C CDR,Obat,0.45349637
2026-07-23,W6,Vitamin C CDR,Obat,0.45349637
2026-07-24,W6,Vitamin C CDR,Obat,0.45349637
